Ticket_ID,Issue_Description,Category,Sub_Category,Priority,Severity,Status,Employee_ID,Assigned_Agent_ID,Assigned_Agent_Name,Agent_ID_Solved,Agent_Name_Solved,Created_At,Resolution_Steps,Root_Cause,Resolution_Time_hrs,Escalation_Level
TKT-00001,VMware vMotion failing between ESXi hosts,Cloud & Servers,VMware,Medium,SEV3,Resolved,EMP10330,AGT-009,Arjun Patel,AGT-009,Arjun Patel,2023-02-28 03:43,1. Verify vMotion VMkernel adapter on both hosts. 2. Same vMotion network/VLAN.,Incompatible CPU feature sets; vMotion network not configured,3.4,Moderate
TKT-00002,SAN storage performance degraded – high LUN latency,Storage & Backup,Storage Performance,Low,SEV4,Closed,EMP10215,AGT-019,Nikhil Tiwari,AGT-019,Nikhil Tiwari,2023-05-28 02:44,1. Check array for rebuild status. 2. Move critical workloads to unaffected LUNs.,RAID rebuild consuming I/O; HBA queue depth too low,68.6,Auto-Resolve
TKT-00003,User locked out of Windows login – forgot password,Security & Access,Password Reset,Low,SEV4,In Progress,EMP10573,AGT-022,Swathi Gowda,AGT-022,Swathi Gowda,2023-05-14 15:13,1. Unlock-ADAccount -Identity username. 2. Force reset. 3. Set ChangePasswordAtLogon=$true.,Too many failed attempts triggered lockout policy,34.3,Auto-Resolve
TKT-00004,Accidentally deleted important file,Storage & Backup,Data Recovery,Medium,SEV3,Resolved,EMP10028,AGT-019,Nikhil Tiwari,AGT-019,Nikhil Tiwari,2024-05-01 00:23,1. If local: Recuva or Disk Drill scan. 2. Do not write to disk before recovery.,File deleted from share; shadow copy not configured,9.3,Auto-Resolve
TKT-00005,Desktop PC not booting – stuck at BIOS logo,Hardware,Desktop Issues,High,SEV2,Pending,EMP10571,AGT-017,Kiran Babu,AGT-017,Kiran Babu,2023-03-30 18:11,"1. Boot from Windows USB. 2. Startup Repair. 3. bootrec /fixmbr, /fixboot, /rebuildbcd. 4. Reboot.",Corrupted boot sector after incomplete update,8.3,Auto-Resolve
TKT-00006,Phishing email received – user clicked suspicious link,Security & Access,Security Incidents,High,SEV2,Escalated,EMP10104,AGT-022,Swathi Gowda,AGT-022,Swathi Gowda,2024-09-05 21:39,1. Review Azure AD sign-in logs. 2. Block suspicious IPs in CA. 3. Check for malicious email forwarding rules.,Social engineering; credential-harvesting URL clicked,1.1,Moderate
TKT-00007,Printer not printing – jobs stuck in queue,Hardware,Printer Issues,High,SEV2,Resolved,EMP10292,AGT-017,Kiran Babu,AGT-017,Kiran Babu,2024-05-10 11:18,1. Cancel all jobs in Control Panel. 2. Kill spoolsv.exe via Process Explorer. 3. Clear spool. 4. Restart.,Print spooler service hung; corrupted print job blocking queue,9.5,Moderate
TKT-00008,SSL certificate expired – application security warning,Security & Access,Certificate Issues,Low,SEV4,Closed,EMP10361,AGT-002,Priya Sharma,AGT-002,Priya Sharma,2023-03-11 15:28,1. certmgr.msc. 2. Request new cert from PKI. 3. Bind to IIS. 4. Test HTTPS.,Auto-renewal failed; not monitored for expiry,46.9,Auto-Resolve
TKT-00009,Wi-Fi disconnects frequently – signal strong but keeps dropping,Network,Wi-Fi Issues,Low,SEV4,Resolved,EMP10070,AGT-001,Ravi Kumar,AGT-001,Ravi Kumar,2024-05-29 16:10,1. On Cisco WLC: disable band-steering. 2. Set min RSSI -72dBm. 3. Enable 802.11r fast roaming.,Wi-Fi channel congestion; band-steering misconfiguration,7.9,Auto-Resolve
TKT-00010,USB device not recognized – 'Unknown device' in Device Manager,Hardware,USB/Peripheral,Medium,SEV3,Escalated,EMP10345,AGT-005,Mohammed Ali,AGT-005,Mohammed Ali,2023-03-16 11:45,1. Device Manager > USB Root Hubs > Power Management > uncheck allow turn off. 2. Reconnect device.,Corrupt USB driver; power management disabling port,22.7,Moderate
TKT-00011,Laptop BSOD – crashes randomly,Hardware,Laptop Issues,Low,SEV4,Resolved,EMP10536,AGT-017,Kiran Babu,AGT-017,Kiran Babu,2024-12-11 15:44,1. Event Viewer > System. 2. Identify driver from minidump via WinDbg. 3. Uninstall/update driver.,"Faulty RAM, corrupted OS files, or incompatible driver",12.6,Auto-Resolve
TKT-00012,Disk I/O errors in application logs,Storage & Backup,RAID & Disk,Low,SEV4,Resolved,EMP10432,AGT-019,Nikhil Tiwari,AGT-019,Nikhil Tiwari,2024-09-20 09:29,1. smartctl -H /dev/sdX. 2. Run extended SMART test. 3. If failing: replace immediately.,Disk nearing end of life; cable/controller issue; filesystem errors,47,Auto-Resolve
TKT-00013,Ransomware detected on workstation,Security & Access,Security Incidents,Medium,SEV3,Closed,EMP10147,AGT-014,Lakshmi Rao,AGT-014,Lakshmi Rao,2024-06-27 02:56,1. Block C2 IPs at firewall. 2. Check lateral movement via SMB. 3. Reset all affected credentials.,User ran malicious attachment; files encrypted on local and mapped drives,15.3,Auto-Resolve
TKT-00014,Wi-Fi disconnects frequently – signal strong but keeps dropping,Network,Wi-Fi Issues,Critical,SEV1,Escalated,EMP10429,AGT-001,Ravi Kumar,AGT-001,Ravi Kumar,2023-06-25 10:55,1. On Cisco WLC: disable band-steering. 2. Set min RSSI -72dBm. 3. Enable 802.11r fast roaming.,Wi-Fi channel congestion; band-steering misconfiguration,3.7,Human-Escalate
TKT-00015,Software license expired – trial expired message,Software Applications,Password & Licensing,Medium,SEV3,In Progress,EMP10511,AGT-010,Sunita Joshi,AGT-010,Sunita Joshi,2023-08-31 08:30,1. Check license server reachable: telnet <server> <port>. 2. Restart license manager.,Annual license not renewed; license server unreachable,23.1,Auto-Resolve
TKT-00016,Excel file opens as read-only and cannot be edited,Software Applications,Microsoft Office,Medium,SEV3,Closed,EMP10480,AGT-004,Sneha Reddy,AGT-004,Sneha Reddy,2024-09-01 23:52,1. Right-click file > Properties > Unblock checkbox > Apply. 2. Reopen file.,File has Mark of the Web flag from download; network drive permission issue,14.5,Auto-Resolve
TKT-00017,Unable to post journal entry in SAP – Period not open error,Software Applications,ERP / SAP,Low,SEV4,Closed,EMP10240,AGT-020,Asha Bhat,AGT-020,Asha Bhat,2024-04-11 10:55,1. Admin: OB52. 2. Open period for current fiscal. 3. Retry posting.,Fiscal year period not opened in FI module,16.8,Auto-Resolve
TKT-00018,Windows Server services not starting after reboot,Cloud & Servers,Server OS,Critical,SEV1,Closed,EMP10583,AGT-015,Aditya Shah,AGT-015,Aditya Shah,2023-05-27 14:04,1. Event Viewer > System. 2. Check service account password expiry. 3. Update in service properties.,Service dependency not met; service account password expired,3.4,Moderate
TKT-00019,VPN connects but no internal resources accessible,Network,VPN Connectivity,High,SEV2,Resolved,EMP10408,AGT-007,Rahul Singh,AGT-007,Rahul Singh,2023-12-22 09:28,1. Add DNS suffix search list in adapter properties: company.local. 2. Flush DNS. 3. Test.,Split tunneling disabled; DNS suffix mismatch,5.8,Auto-Resolve
TKT-00020,Database backup restore failed – cannot recover to point in time,Storage & Backup,Data Recovery,Medium,SEV3,Escalated,EMP10008,AGT-006,Deepa Nair,AGT-006,Deepa Nair,2024-04-15 08:13,1. Azure SQL: Point-in-Time Restore from Portal. 2. Restore to new database. 3. Swap connection string.,Transaction log backup chain broken; LSN gap,12.3,Moderate
TKT-00021,SSL certificate expired – application security warning,Security & Access,Certificate Issues,Medium,SEV3,Closed,EMP10513,AGT-002,Priya Sharma,AGT-002,Priya Sharma,2023-05-20 22:30,1. certbot renew --force-renewal. 2. systemctl reload nginx. 3. Verify dates via openssl.,Auto-renewal failed; not monitored for expiry,6.3,Auto-Resolve
TKT-00022,Desktop PC not booting – stuck at BIOS logo,Hardware,Desktop Issues,Low,SEV4,Resolved,EMP10320,AGT-017,Kiran Babu,AGT-017,Kiran Babu,2023-03-20 03:52,1. Remove recently added hardware. 2. Boot with only essentials. 3. Re-add components one by one.,Corrupted boot sector after incomplete update,12.9,Auto-Resolve
TKT-00023,Database backup restore failed – cannot recover to point in time,Storage & Backup,Data Recovery,High,SEV2,Resolved,EMP10346,AGT-006,Deepa Nair,AGT-006,Deepa Nair,2024-03-10 17:48,1. Restore full backup (NORECOVERY). 2. Apply differentials. 3. Apply log backups. 4. RESTORE WITH RECOVERY.,Transaction log backup chain broken; LSN gap,5.2,Moderate
TKT-00024,SAP GUI session disconnected – transaction rolled back,Software Applications,ERP / SAP,Critical,SEV1,Pending,EMP10341,AGT-020,Asha Bhat,AGT-024,Nandini Kulkarni,2023-10-17 23:19,1. Use SAP Web GUI: http://<host>:8000/sap/bc/gui/sap/its/webgui. 2. Report to Basis team.,Network timeout exceeding SAP session timeout; high WAN latency,3.4,Human-Escalate
TKT-00025,Laptop overheating – shuts down after 20-30 minutes,Hardware,Laptop Issues,Medium,SEV3,Closed,EMP10594,AGT-023,Prakash Shetty,AGT-023,Prakash Shetty,2024-02-20 17:53,1. Scan for malware causing CPU spike. 2. Disable startup programs. 3. Update BIOS for thermal improvements.,Dust-clogged heat sink; dried thermal paste,2,Auto-Resolve
TKT-00026,Disk I/O errors in application logs,Storage & Backup,RAID & Disk,Low,SEV4,Pending,EMP10257,AGT-006,Deepa Nair,AGT-006,Deepa Nair,2024-05-11 16:17,"1. Event Viewer > System > EventID 7,11,15. 2. chkdsk /r /f. 3. Schedule reboot.",Disk nearing end of life; cable/controller issue; filesystem errors,14,Auto-Resolve
TKT-00027,User locked out of Windows login – forgot password,Security & Access,Password Reset,Medium,SEV3,Resolved,EMP10380,AGT-022,Swathi Gowda,AGT-022,Swathi Gowda,2024-05-19 03:06,1. Use LAPS: Get-AdmPwdPassword -ComputerName <PC>. 2. Log in locally. 3. Reset domain password.,Too many failed attempts triggered lockout policy,7.2,Auto-Resolve
TKT-00028,Browser pages loading slowly or not loading,Software Applications,Browser Issues,High,SEV2,Resolved,EMP10189,AGT-004,Sneha Reddy,AGT-004,Sneha Reddy,2023-05-31 19:41,1. Disable all extensions. 2. Test page. 3. Re-enable one by one.,Cache corruption; DNS issue; extension conflict,1.5,Auto-Resolve
TKT-00029,Zoom/Teams video freezing during calls,Software Applications,Browser Issues,Low,SEV4,Closed,EMP10082,AGT-016,Pooja Mehta,AGT-016,Pooja Mehta,2023-06-21 05:54,1. Close Chrome tabs. 2. Pause OneDrive sync. 3. Set process priority to Above Normal.,Insufficient bandwidth; CPU overload; outdated driver,5.6,Auto-Resolve
TKT-00030,IP address conflict – 'Another computer has same IP',Network,IP/DHCP,Low,SEV4,Pending,EMP10491,AGT-001,Ravi Kumar,AGT-001,Ravi Kumar,2023-10-24 18:42,1. arp -a to find conflicting MAC. 2. Track via switch MAC table. 3. Change device to DHCP.,Static IP conflicts with DHCP pool; duplicate reservation,14,Auto-Resolve
TKT-00031,Linux server disk 100% – applications failing,Cloud & Servers,Server OS,Critical,SEV1,Pending,EMP10251,AGT-015,Aditya Shah,AGT-015,Aditya Shah,2023-06-07 08:19,1. du -sh /* | sort -rh | head -20. 2. Truncate: > /var/log/syslog. 3. Restart logging.,Log files or core dumps consuming all space,3.8,Human-Escalate
TKT-00032,Excel file opens as read-only and cannot be edited,Software Applications,Microsoft Office,High,SEV2,Escalated,EMP10230,AGT-004,Sneha Reddy,AGT-004,Sneha Reddy,2023-01-07 12:00,1. Click 'Enable Editing' in yellow bar. 2. File > Info > Protect Workbook.,File has Mark of the Web flag from download; network drive permission issue,7.2,Auto-Resolve
TKT-00033,Laptop overheating – shuts down after 20-30 minutes,Hardware,Laptop Issues,Medium,SEV3,Resolved,EMP10082,AGT-011,Vijay Krishnan,AGT-011,Vijay Krishnan,2024-02-23 14:40,1. Check HWMonitor temps. 2. If CPU >95C: clean fan/heatsink. 3. Replace thermal paste.,Dust-clogged heat sink; dried thermal paste,22.1,Moderate
TKT-00034,NAS drive full – employees cannot save files,Storage & Backup,Storage Performance,High,SEV2,Resolved,EMP10342,AGT-012,Meera Iyer,AGT-012,Meera Iyer,2024-09-08 16:25,1. Expand NAS volume using admin UI. 2. Enable deduplication to reclaim space.,Disk quota not enforced; stale files consuming space,6.5,Moderate
TKT-00035,Complete network outage – entire floor offline,Network,Network Outage,High,SEV2,Resolved,EMP10395,AGT-013,Sanjay Gupta,AGT-013,Sanjay Gupta,2024-10-18 10:47,1. Reseat uplink cable. 2. Try alternate patch cable. 3. Move uplink to backup port. 4. Test.,Core switch uplink SFP module failure,1.5,Moderate
TKT-00036,Software license expired – trial expired message,Software Applications,Password & Licensing,Medium,SEV3,Resolved,EMP10195,AGT-016,Pooja Mehta,AGT-016,Pooja Mehta,2024-09-04 13:42,1. Reassign available license from another user in license console.,Annual license not renewed; license server unreachable,16.5,Moderate
TKT-00037,Azure VM not starting – allocation failure,Cloud & Servers,Azure,Critical,SEV1,Resolved,EMP10109,AGT-021,Rajesh Nambiar,AGT-015,Aditya Shah,2025-01-10 00:47,1. Deallocate: az vm deallocate. 2. Start: az vm start. 3. Retry allocation.,Azure region capacity constraint; VM size unavailable,3.3,Human-Escalate
TKT-00038,MFA prompt not received – cannot complete login,Security & Access,Multi-Factor Authentication,High,SEV2,Closed,EMP10069,AGT-022,Swathi Gowda,AGT-022,Swathi Gowda,2023-07-23 20:56,1. Admin: provide backup code via alternate method. 2. User uses code. 3. Re-register authenticator.,Authenticator app out of sync; phone number changed; MFA not registered,2,Moderate
TKT-00039,Desktop PC not booting – stuck at BIOS logo,Hardware,Desktop Issues,High,SEV2,Pending,EMP10080,AGT-017,Kiran Babu,AGT-017,Kiran Babu,2023-04-04 19:09,1. Enter BIOS. 2. Verify boot order: SSD first. 3. If SSD not detected: reseat cable.,Corrupted boot sector after incomplete update,2.6,Moderate
TKT-00040,Cannot connect to corporate VPN – authentication failure after Windows update,Network,VPN Connectivity,Low,SEV4,Closed,EMP10255,AGT-001,Ravi Kumar,AGT-001,Ravi Kumar,2023-12-26 13:20,1. Uninstall KB5034441 via Settings > Windows Update > Update History > Uninstall updates. 2. Reboot. 3. Reconnect VPN.,Windows update KB5034441 broke WAN Miniport driver compatibility with Cisco AnyConnect,57.8,Auto-Resolve
TKT-00041,Azure Storage blob upload failing,Cloud & Servers,Azure,Medium,SEV3,Pending,EMP10373,AGT-021,Rajesh Nambiar,AGT-021,Rajesh Nambiar,2024-01-08 01:52,1. Check ADLS Gen2 vs blob storage SDK. 2. Use correct SDK for the storage type.,Storage firewall blocking app IP; SAS token expired,6.9,Auto-Resolve
TKT-00042,Antivirus blocking legitimate application,Software Applications,Antivirus / Security Software,Low,SEV4,Pending,EMP10308,AGT-004,Sneha Reddy,AGT-004,Sneha Reddy,2023-12-23 15:06,1. Disable real-time protection temporarily. 2. Launch app. 3. Add executable to whitelist.,Heuristic false positive flagging application executable,33.8,Auto-Resolve
TKT-00043,Excel file opens as read-only and cannot be edited,Software Applications,Microsoft Office,Critical,SEV1,Resolved,EMP10399,AGT-024,Nandini Kulkarni,AGT-024,Nandini Kulkarni,2023-12-14 12:40,"1. SharePoint: check out file first. 2. Or download local copy, edit, upload back.",File has Mark of the Web flag from download; network drive permission issue,2.4,Moderate
TKT-00044,Linux server disk 100% – applications failing,Cloud & Servers,Server OS,Low,SEV4,Resolved,EMP10121,AGT-021,Rajesh Nambiar,AGT-021,Rajesh Nambiar,2024-12-13 04:27,1. lvextend -L +20G /dev/mapper/vg-lv. 2. resize2fs or xfs_growfs. 3. df -h.,Log files or core dumps consuming all space,51.7,Auto-Resolve
TKT-00045,PowerPoint not displaying correctly on projector,Software Applications,Microsoft Office,Critical,SEV1,Closed,EMP10546,AGT-016,Pooja Mehta,AGT-016,Pooja Mehta,2023-08-19 10:27,1. Win+P > Duplicate. 2. Set both to 1920x1080. 3. Check projector input source.,Resolution mismatch; display scaling issues,1,Moderate
TKT-00046,SAP GUI session disconnected – transaction rolled back,Software Applications,ERP / SAP,Medium,SEV3,Resolved,EMP10467,AGT-020,Asha Bhat,AGT-020,Asha Bhat,2024-01-08 00:19,1. Reconnect to SAP GUI. 2. Check if auto-saved. 3. Admin: increase timeout in RZ11.,Network timeout exceeding SAP session timeout; high WAN latency,21.7,Moderate
TKT-00047,Desktop PC not booting – stuck at BIOS logo,Hardware,Desktop Issues,High,SEV2,In Progress,EMP10138,AGT-023,Prakash Shetty,AGT-023,Prakash Shetty,2024-09-02 07:14,1. Boot to safe mode. 2. Uninstall recent Windows update. 3. Run startup repair.,Corrupted boot sector after incomplete update,8.6,Moderate
TKT-00048,Ransomware detected on workstation,Security & Access,Security Incidents,Critical,SEV1,Closed,EMP10358,AGT-008,Kavitha Menon,AGT-008,Kavitha Menon,2023-09-08 17:17,1. Isolate: pull network cable. 2. Do NOT reboot. 3. Alert CISO. 4. Restore from clean backup. 5. Reimage.,User ran malicious attachment; files encrypted on local and mapped drives,2.7,Human-Escalate
TKT-00049,SSL certificate expired – application security warning,Security & Access,Certificate Issues,High,SEV2,Resolved,EMP10434,AGT-022,Swathi Gowda,AGT-022,Swathi Gowda,2023-03-15 08:49,1. Generate CSR: openssl req -new. 2. Submit to CA. 3. Install cert. 4. Restart service.,Auto-renewal failed; not monitored for expiry,5.7,Moderate
TKT-00050,Application blocked by proxy – 'Access denied',Network,Firewall & Proxy,Low,SEV4,Resolved,EMP10166,AGT-013,Sanjay Gupta,AGT-013,Sanjay Gupta,2023-10-11 01:00,1. Add destination IP to firewall allow rule. 2. Verify proxy bypass list includes IP. 3. Test.,Proxy URL filter miscategorized site as Social Media,26.7,Auto-Resolve
TKT-00051,Desktop running very slowly,Hardware,Desktop Issues,Critical,SEV1,In Progress,EMP10032,AGT-005,Mohammed Ali,AGT-023,Prakash Shetty,2025-02-06 17:03,1. Task Manager. 2. msconfig > Startup: disable non-essentials. 3. Reboot.,HDD fragmentation; startup bloatware; low RAM; malware,4,Human-Escalate
TKT-00052,Outlook not receiving new emails – inbox stuck,Software Applications,Microsoft Office,Medium,SEV3,Closed,EMP10122,AGT-004,Sneha Reddy,AGT-004,Sneha Reddy,2024-05-28 16:34,1. Check OWA. 2. If emails there: profile issue. 3. Create new profile: Control Panel > Mail.,Exchange Online throttled; Outlook profile corrupted; OST file too large,16.2,Auto-Resolve
TKT-00053,Application blocked by proxy – 'Access denied',Network,Firewall & Proxy,High,SEV2,Resolved,EMP10547,AGT-013,Sanjay Gupta,AGT-013,Sanjay Gupta,2024-03-09 21:00,1. Add destination IP to firewall allow rule. 2. Verify proxy bypass list includes IP. 3. Test.,Proxy URL filter miscategorized site as Social Media,3.7,Auto-Resolve
TKT-00054,MFA prompt not received – cannot complete login,Security & Access,Multi-Factor Authentication,High,SEV2,Resolved,EMP10589,AGT-022,Swathi Gowda,AGT-022,Swathi Gowda,2024-01-31 18:42,1. Admin: Azure AD > Authentication methods > disable MFA temporarily. 2. User re-registers at aka.ms/mfasetup.,Authenticator app out of sync; phone number changed; MFA not registered,2.9,Auto-Resolve
TKT-00055,Antivirus blocking legitimate application,Software Applications,Antivirus / Security Software,High,SEV2,Closed,EMP10188,AGT-010,Sunita Joshi,AGT-010,Sunita Joshi,2023-05-26 18:26,1. AV console > Quarantine > Restore file. 2. Add folder to exclusions. 3. Verify with vendor.,Heuristic false positive flagging application executable,1.5,Moderate
TKT-00056,MFA prompt not received – cannot complete login,Security & Access,Multi-Factor Authentication,High,SEV2,Resolved,EMP10131,AGT-002,Priya Sharma,AGT-002,Priya Sharma,2025-03-02 04:13,1. Authenticator app > account > check time sync. 2. Enable auto time on Android. 3. Retry.,Authenticator app out of sync; phone number changed; MFA not registered,4.4,Moderate
TKT-00057,Cannot access internal websites – browser shows server not found,Network,DNS Issues,Low,SEV4,Resolved,EMP10588,AGT-001,Ravi Kumar,AGT-001,Ravi Kumar,2024-08-03 10:34,1. Get-Service DNS on all DCs. 2. Start failed instances. 3. Check event log 4013/4015. 4. Run dcdiag /test:DNS.,Primary internal DNS server service crashed due to corrupted zone file,51.2,Auto-Resolve
TKT-00058,USB device not recognized – 'Unknown device' in Device Manager,Hardware,USB/Peripheral,Critical,SEV1,Closed,EMP10547,AGT-023,Prakash Shetty,AGT-023,Prakash Shetty,2024-10-21 18:00,1. PowerShell: Get-PnpDevice -Status Error | Disable-PnpDevice then re-enable.,Corrupt USB driver; power management disabling port,3.7,Human-Escalate
TKT-00059,Windows Server services not starting after reboot,Cloud & Servers,Server OS,High,SEV2,In Progress,EMP10448,AGT-003,Ankit Verma,AGT-003,Ankit Verma,2025-03-20 22:46,1. Process Monitor to capture failure. 2. Check ACCESS DENIED events on config/registry. 3. Fix ACL.,Service dependency not met; service account password expired,1.9,Moderate
TKT-00060,Ransomware detected on workstation,Security & Access,Security Incidents,Low,SEV4,In Progress,EMP10588,AGT-022,Swathi Gowda,AGT-022,Swathi Gowda,2023-01-20 14:58,1. Restore from Veeam backup to clean VM. 2. Validate data. 3. Re-provision workstation via Intune.,User ran malicious attachment; files encrypted on local and mapped drives,9.3,Auto-Resolve
TKT-00061,Printer not printing – jobs stuck in queue,Hardware,Printer Issues,Medium,SEV3,Escalated,EMP10334,AGT-017,Kiran Babu,AGT-017,Kiran Babu,2023-12-14 07:26,1. Remove and re-add printer. 2. Download latest driver. 3. Run printer troubleshooter. 4. Test page.,Print spooler service hung; corrupted print job blocking queue,11.4,Moderate
TKT-00062,SAP GUI session disconnected – transaction rolled back,Software Applications,ERP / SAP,Critical,SEV1,Escalated,EMP10164,AGT-024,Nandini Kulkarni,AGT-024,Nandini Kulkarni,2024-12-24 14:40,1. Reconnect to SAP GUI. 2. Check if auto-saved. 3. Admin: increase timeout in RZ11.,Network timeout exceeding SAP session timeout; high WAN latency,1.8,Moderate
TKT-00063,Laptop BSOD – crashes randomly,Hardware,Laptop Issues,Medium,SEV3,Resolved,EMP10445,AGT-011,Vijay Krishnan,AGT-011,Vijay Krishnan,2024-08-31 19:57,1. Note BSOD stop code. 2. Run mdsched.exe. 3. If RAM errors: replace DIMM.,"Faulty RAM, corrupted OS files, or incompatible driver",12.6,Auto-Resolve
TKT-00064,New employee cannot access ERP on first day,Security & Access,Access Control,Medium,SEV3,Resolved,EMP10096,AGT-002,Priya Sharma,AGT-002,Priya Sharma,2024-01-19 04:43,1. Manually provision ERP account. 2. Assign base role per department matrix.,ERP provisioning not completed; role assignment pending,22.3,Auto-Resolve
TKT-00065,NAS drive full – employees cannot save files,Storage & Backup,Storage Performance,High,SEV2,Closed,EMP10471,AGT-006,Deepa Nair,AGT-006,Deepa Nair,2024-01-12 23:01,1. Archive files >2 years old: robocopy /MAXAGE:730. 2. Move to cold storage.,Disk quota not enforced; stale files consuming space,5.7,Moderate
TKT-00066,SAP GUI session disconnected – transaction rolled back,Software Applications,ERP / SAP,High,SEV2,Closed,EMP10482,AGT-020,Asha Bhat,AGT-020,Asha Bhat,2023-04-06 22:29,1. Use SAP Web GUI: http://<host>:8000/sap/bc/gui/sap/its/webgui. 2. Report to Basis team.,Network timeout exceeding SAP session timeout; high WAN latency,2.1,Auto-Resolve
TKT-00067,Wi-Fi disconnects frequently – signal strong but keeps dropping,Network,Wi-Fi Issues,Low,SEV4,Pending,EMP10304,AGT-007,Rahul Singh,AGT-007,Rahul Singh,2023-10-20 13:44,1. Use Wi-Fi Analyzer. 2. Change AP to least congested channel. 3. Set 20MHz width on 2.4GHz.,Wi-Fi channel congestion; band-steering misconfiguration,69.1,Auto-Resolve
TKT-00068,Wi-Fi disconnects frequently – signal strong but keeps dropping,Network,Wi-Fi Issues,High,SEV2,Resolved,EMP10333,AGT-013,Sanjay Gupta,AGT-013,Sanjay Gupta,2024-08-13 18:41,1. On Cisco WLC: disable band-steering. 2. Set min RSSI -72dBm. 3. Enable 802.11r fast roaming.,Wi-Fi channel congestion; band-steering misconfiguration,8.1,Moderate
TKT-00069,Monitor no signal after sleep/hibernate,Hardware,Monitor Issues,Low,SEV4,Escalated,EMP10097,AGT-017,Kiran Babu,AGT-017,Kiran Babu,2024-05-22 05:11,1. Disable hybrid sleep: Power Options > advanced. 2. Disable fast startup.,GPU not resuming signal; monitor standby not recovering,8.5,Auto-Resolve
TKT-00070,AWS Lambda function timing out,Cloud & Servers,AWS,High,SEV2,Resolved,EMP10045,AGT-021,Rajesh Nambiar,AGT-021,Rajesh Nambiar,2024-09-03 12:09,1. Add connection timeout and retry logic to external API calls. 2. Move long ops to SQS.,Function exceeds timeout; downstream service latency,2.8,Auto-Resolve
TKT-00071,Printer not printing – jobs stuck in queue,Hardware,Printer Issues,Medium,SEV3,Resolved,EMP10219,AGT-017,Kiran Babu,AGT-017,Kiran Babu,2024-02-04 23:46,1. Services.msc: stop Print Spooler. 2. Delete C:\Windows\System32\spool\PRINTERS\*. 3. Start Spooler. 4. Retry.,Print spooler service hung; corrupted print job blocking queue,18.3,Moderate
TKT-00072,Wi-Fi disconnects frequently – signal strong but keeps dropping,Network,Wi-Fi Issues,Medium,SEV3,In Progress,EMP10098,AGT-001,Ravi Kumar,AGT-001,Ravi Kumar,2024-05-03 18:06,1. Forget and rejoin Wi-Fi. 2. Assign static IP. 3. Change DNS to 8.8.8.8. 4. Disable Bluetooth if interfering.,Wi-Fi channel congestion; band-steering misconfiguration,16.1,Auto-Resolve
TKT-00073,ESXi host showing Not Responding in vCenter,Cloud & Servers,VMware,High,SEV2,Closed,EMP10092,AGT-015,Aditya Shah,AGT-015,Aditya Shah,2023-07-30 21:56,1. Remove host from vCenter. 2. Add host wizard to re-add. 3. VMs re-discovered automatically.,Management NIC down; DCUI locked; PSOD,4.5,Moderate
TKT-00074,User receiving Access Denied on SharePoint site,Security & Access,Access Control,High,SEV2,Closed,EMP10328,AGT-014,Lakshmi Rao,AGT-014,Lakshmi Rao,2025-03-08 03:48,1. Check unique permissions. 2. Site Permissions > Grant access via Share.,User not in site members group; permissions inheritance broken,3.5,Auto-Resolve
TKT-00075,ESXi host showing Not Responding in vCenter,Cloud & Servers,VMware,Low,SEV4,Resolved,EMP10030,AGT-003,Ankit Verma,AGT-003,Ankit Verma,2023-11-02 22:29,1. Access DCUI directly. 2. Ping management IP. 3. If unreachable: check physical console.,Management NIC down; DCUI locked; PSOD,37.5,Auto-Resolve
TKT-00076,Printer not printing – jobs stuck in queue,Hardware,Printer Issues,Critical,SEV1,Pending,EMP10052,AGT-011,Vijay Krishnan,AGT-011,Vijay Krishnan,2023-11-15 19:57,1. PowerShell: Stop-Service Spooler. 2. Remove spool files. 3. Start-Service Spooler. 4. Test print.,Print spooler service hung; corrupted print job blocking queue,1.7,Human-Escalate
TKT-00077,Linux server disk 100% – applications failing,Cloud & Servers,Server OS,Medium,SEV3,Resolved,EMP10384,AGT-015,Aditya Shah,AGT-015,Aditya Shah,2024-08-08 09:02,1. du -sh /* | sort -rh | head -20. 2. Truncate: > /var/log/syslog. 3. Restart logging.,Log files or core dumps consuming all space,13.5,Auto-Resolve
TKT-00078,User locked out of Windows login – forgot password,Security & Access,Password Reset,Critical,SEV1,Pending,EMP10309,AGT-014,Lakshmi Rao,AGT-014,Lakshmi Rao,2025-03-23 21:32,1. Unlock-ADAccount -Identity username. 2. Force reset. 3. Set ChangePasswordAtLogon=$true.,Too many failed attempts triggered lockout policy,2.6,Human-Escalate
TKT-00079,Linux server disk 100% – applications failing,Cloud & Servers,Server OS,Critical,SEV1,Resolved,EMP10569,AGT-003,Ankit Verma,AGT-003,Ankit Verma,2024-02-22 20:14,1. lvextend -L +20G /dev/mapper/vg-lv. 2. resize2fs or xfs_growfs. 3. df -h.,Log files or core dumps consuming all space,3.7,Human-Escalate
TKT-00080,IP address conflict – 'Another computer has same IP',Network,IP/DHCP,Critical,SEV1,Closed,EMP10283,AGT-007,Rahul Singh,AGT-001,Ravi Kumar,2024-06-14 04:56,1. arp -a to find conflicting MAC. 2. Track via switch MAC table. 3. Change device to DHCP.,Static IP conflicts with DHCP pool; duplicate reservation,1.6,Human-Escalate
TKT-00081,Employee cannot access shared drive – Access denied,Security & Access,Access Control,Low,SEV4,Closed,EMP10234,AGT-022,Swathi Gowda,AGT-022,Swathi Gowda,2023-04-12 22:07,1. net use H: \\fileserver\users\username /persistent:yes. 2. Verify UNC path. 3. Re-map drive.,User removed from AD security group during access review,62,Auto-Resolve
TKT-00082,Browser pages loading slowly or not loading,Software Applications,Browser Issues,Low,SEV4,Escalated,EMP10021,AGT-020,Asha Bhat,AGT-020,Asha Bhat,2024-01-22 05:30,1. Change DNS to 8.8.8.8. 2. ipconfig /flushdns. 3. Restart browser.,Cache corruption; DNS issue; extension conflict,34,Auto-Resolve
TKT-00083,Unauthorized device on corporate network,Security & Access,Security Incidents,High,SEV2,Escalated,EMP10111,AGT-002,Priya Sharma,AGT-002,Priya Sharma,2023-11-29 12:32,1. MAC address filtering as immediate fix. 2. Raise change for dynamic VLAN. 3. Review physical security.,Rogue device on open port; no 802.1X authentication,9,Moderate
TKT-00084,Laptop not turning on – no response on power button,Hardware,Laptop Issues,Low,SEV4,Resolved,EMP10015,AGT-011,Vijay Krishnan,AGT-011,Vijay Krishnan,2024-10-31 00:30,1. Hard reset: hold power 15s. 2. Remove all peripherals. 3. Try power button again.,Battery drained; power adapter fault; or BIOS hang,65.7,Auto-Resolve
TKT-00085,Unable to post journal entry in SAP – Period not open error,Software Applications,ERP / SAP,High,SEV2,Resolved,EMP10566,AGT-016,Pooja Mehta,AGT-016,Pooja Mehta,2024-08-23 04:20,1. Request CFO approval to reopen. 2. Document business reason. 3. Use F-02 with alternative date.,Fiscal year period not opened in FI module,11.5,Moderate
TKT-00086,Disk I/O errors in application logs,Storage & Backup,RAID & Disk,High,SEV2,Resolved,EMP10119,AGT-012,Meera Iyer,AGT-012,Meera Iyer,2023-09-23 03:18,1. dmesg | grep -i error | grep sda. 2. Reseat SATA cable. 3. Try different SATA port.,Disk nearing end of life; cable/controller issue; filesystem errors,2,Moderate
TKT-00087,MFA prompt not received – cannot complete login,Security & Access,Multi-Factor Authentication,Medium,SEV3,Closed,EMP10532,AGT-008,Kavitha Menon,AGT-008,Kavitha Menon,2023-04-19 02:20,1. Admin: Azure AD > Authentication methods > disable MFA temporarily. 2. User re-registers at aka.ms/mfasetup.,Authenticator app out of sync; phone number changed; MFA not registered,17.5,Auto-Resolve
TKT-00088,Cloud backup to Azure Blob failing – auth error,Storage & Backup,Backup Failures,Low,SEV4,In Progress,EMP10242,AGT-025,Suresh Das,AGT-025,Suresh Das,2023-04-03 07:38,1. Storage firewall blocking backup server IP. 2. Add IP to allowed list. 3. Retry.,Storage account access key rotated but not updated,12.3,Auto-Resolve
TKT-00089,NAS drive full – employees cannot save files,Storage & Backup,Storage Performance,Medium,SEV3,Closed,EMP10499,AGT-019,Nikhil Tiwari,AGT-019,Nikhil Tiwari,2024-02-10 07:09,1. FSRM > Quota Management > create template. 2. Apply 5GB soft + 10GB hard quota.,Disk quota not enforced; stale files consuming space,2.4,Auto-Resolve
TKT-00090,Laptop overheating – shuts down after 20-30 minutes,Hardware,Laptop Issues,Low,SEV4,Closed,EMP10318,AGT-011,Vijay Krishnan,AGT-011,Vijay Krishnan,2023-03-25 23:15,1. Underclock via Intel XTU: reduce TDP 10-15%. 2. Max fan in BIOS. 3. Use cooling pad.,Dust-clogged heat sink; dried thermal paste,24.9,Auto-Resolve
TKT-00091,Unable to connect to Wi-Fi – 'Can't connect to this network',Network,Wi-Fi Issues,High,SEV2,Resolved,EMP10124,AGT-007,Rahul Singh,AGT-007,Rahul Singh,2024-05-02 09:05,"1. Check if DHCP scope exhausted. 2. Admin: expand scope or reduce lease. 3. ipconfig /release, /renew.",Corrupted Wi-Fi profile in Windows,5.3,Auto-Resolve
TKT-00092,Database backup restore failed – cannot recover to point in time,Storage & Backup,Data Recovery,Medium,SEV3,Closed,EMP10050,AGT-006,Deepa Nair,AGT-006,Deepa Nair,2023-08-03 07:44,1. Restore full backup (NORECOVERY). 2. Apply differentials. 3. Apply log backups. 4. RESTORE WITH RECOVERY.,Transaction log backup chain broken; LSN gap,3.5,Auto-Resolve
TKT-00093,Printer shows offline though powered on,Hardware,Printer Issues,Critical,SEV1,Resolved,EMP10360,AGT-017,Kiran Babu,AGT-017,Kiran Babu,2024-06-06 13:41,1. Remove and reinstall via UNC path: \\printserver\printername. 2. Check print server sharing.,TCP/IP port IP mismatch after DHCP lease change,0.7,Human-Escalate
TKT-00094,AWS S3 bucket access denied to application,Cloud & Servers,AWS,Low,SEV4,In Progress,EMP10533,AGT-021,Rajesh Nambiar,AGT-021,Rajesh Nambiar,2024-09-15 10:16,1. Cross-account: ensure trust relationship allows source account. 2. Add sts:AssumeRole.,IAM role lacks s3:GetObject; bucket policy denies,39.7,Auto-Resolve
TKT-00095,Laptop overheating – shuts down after 20-30 minutes,Hardware,Laptop Issues,High,SEV2,Closed,EMP10072,AGT-023,Prakash Shetty,AGT-023,Prakash Shetty,2023-09-18 01:45,1. Compressed air on vents. 2. Ensure on hard surface. 3. Check Task Manager. 4. Set Power Plan to Balanced.,Dust-clogged heat sink; dried thermal paste,5.8,Moderate
TKT-00096,Microsoft Word crashes when opening documents,Software Applications,Microsoft Office,Low,SEV4,Resolved,EMP10213,AGT-004,Sneha Reddy,AGT-004,Sneha Reddy,2023-11-01 18:27,1. winword /safe. 2. Disable all add-ins: File > Options > Add-ins. 3. Re-enable one by one.,Corrupted Normal.dotm template or conflicting COM add-in,24.8,Auto-Resolve
TKT-00097,Azure Storage blob upload failing,Cloud & Servers,Azure,Low,SEV4,Closed,EMP10482,AGT-009,Arjun Patel,AGT-009,Arjun Patel,2024-07-15 13:23,1. Managed Identity: assign Storage Blob Data Contributor role. 2. az role assignment create.,Storage firewall blocking app IP; SAS token expired,47.8,Auto-Resolve
TKT-00098,MFA prompt not received – cannot complete login,Security & Access,Multi-Factor Authentication,High,SEV2,Closed,EMP10232,AGT-002,Priya Sharma,AGT-002,Priya Sharma,2024-10-23 13:25,1. Admin: set MFA to SMS temporarily. 2. User receives SMS code. 3. Login and update authenticator.,Authenticator app out of sync; phone number changed; MFA not registered,7.5,Moderate
TKT-00099,Azure AD Conditional Access blocking user login,Cloud & Servers,Azure,Critical,SEV1,In Progress,EMP10345,AGT-003,Ankit Verma,AGT-021,Rajesh Nambiar,2023-05-18 02:18,1. New device: enroll in Intune. 2. Company Portal. 3. Wait 15 min for propagation. 4. Retry.,Device not compliant in Intune; policy requires compliant device,2.1,Human-Escalate
TKT-00100,SAN storage performance degraded – high LUN latency,Storage & Backup,Storage Performance,Medium,SEV3,In Progress,EMP10428,AGT-019,Nikhil Tiwari,AGT-019,Nikhil Tiwari,2023-08-09 20:12,1. Check array for rebuild status. 2. Move critical workloads to unaffected LUNs.,RAID rebuild consuming I/O; HBA queue depth too low,23.4,Auto-Resolve
TKT-00101,USB device not recognized – 'Unknown device' in Device Manager,Hardware,USB/Peripheral,High,SEV2,Escalated,EMP10551,AGT-011,Vijay Krishnan,AGT-011,Vijay Krishnan,2024-11-17 20:49,1. Device Manager > USB Root Hubs > Power Management > uncheck allow turn off. 2. Reconnect device.,Corrupt USB driver; power management disabling port,3.3,Moderate
TKT-00102,Printer not printing – jobs stuck in queue,Hardware,Printer Issues,Medium,SEV3,In Progress,EMP10600,AGT-017,Kiran Babu,AGT-017,Kiran Babu,2023-08-17 23:55,1. PowerShell: Stop-Service Spooler. 2. Remove spool files. 3. Start-Service Spooler. 4. Test print.,Print spooler service hung; corrupted print job blocking queue,8.8,Auto-Resolve
TKT-00103,Laptop keyboard keys dead,Hardware,Laptop Issues,Low,SEV4,Closed,EMP10346,AGT-017,Kiran Babu,AGT-017,Kiran Babu,2025-01-18 12:30,1. Scan hardware changes in Device Manager. 2. Update keyboard firmware. 3. Check BIOS keyboard settings.,Physical damage or spill; driver issue,60.7,Auto-Resolve
TKT-00104,SSL certificate expired – application security warning,Security & Access,Certificate Issues,Critical,SEV1,In Progress,EMP10520,AGT-002,Priya Sharma,AGT-002,Priya Sharma,2023-11-14 14:28,1. Update cert on load balancer. 2. Upload new PEM. 3. Update virtual server profile. 4. Test.,Auto-renewal failed; not monitored for expiry,0.6,Human-Escalate
TKT-00105,Disk I/O errors in application logs,Storage & Backup,RAID & Disk,Critical,SEV1,Closed,EMP10097,AGT-025,Suresh Das,AGT-025,Suresh Das,2023-04-30 02:07,1. smartctl -H /dev/sdX. 2. Run extended SMART test. 3. If failing: replace immediately.,Disk nearing end of life; cable/controller issue; filesystem errors,2.2,Human-Escalate
TKT-00106,Backup job failed – Veeam error,Storage & Backup,Backup Failures,Low,SEV4,Resolved,EMP10521,AGT-019,Nikhil Tiwari,AGT-019,Nikhil Tiwari,2023-02-06 17:35,1. Update Veeam to latest patch. 2. Update VMware Tools on backed-up VMs. 3. Retry.,VSS snapshot failure; insufficient shadow storage; writer error,4,Auto-Resolve
TKT-00107,Unauthorized device on corporate network,Security & Access,Security Incidents,Medium,SEV3,Resolved,EMP10349,AGT-014,Lakshmi Rao,AGT-014,Lakshmi Rao,2023-06-29 13:32,1. DHCP logs + arp -a. 2. Locate port via switch MAC table. 3. Shutdown port. 4. Investigate.,Rogue device on open port; no 802.1X authentication,4.3,Moderate
TKT-00108,Backup taking too long – missing SLA window,Storage & Backup,Backup Failures,Medium,SEV3,Resolved,EMP10595,AGT-012,Meera Iyer,AGT-012,Meera Iyer,2023-05-09 20:19,1. Schedule synthetic full backup weekly. 2. Enable synthetic full instead of active full.,Backup chain grown too large; CBT corrupted on VM,15.5,Moderate
TKT-00109,Cannot access internal websites – browser shows server not found,Network,DNS Issues,Critical,SEV1,Closed,EMP10239,AGT-001,Ravi Kumar,AGT-001,Ravi Kumar,2024-10-22 21:35,1. Check zone: dnscmd /zoneinfo. 2. Restore from backup. 3. Force replication: repadmin /syncall.,Primary internal DNS server service crashed due to corrupted zone file,0.6,Human-Escalate
TKT-00110,ESXi host showing Not Responding in vCenter,Cloud & Servers,VMware,High,SEV2,Escalated,EMP10138,AGT-015,Aditya Shah,AGT-015,Aditya Shah,2023-01-05 10:15,1. Remove host from vCenter. 2. Add host wizard to re-add. 3. VMs re-discovered automatically.,Management NIC down; DCUI locked; PSOD,9.6,Moderate
TKT-00111,Complete network outage – entire floor offline,Network,Network Outage,Critical,SEV1,In Progress,EMP10289,AGT-001,Ravi Kumar,AGT-018,Divya Pillai,2025-02-24 21:15,1. Reseat uplink cable. 2. Try alternate patch cable. 3. Move uplink to backup port. 4. Test.,Core switch uplink SFP module failure,0.7,Human-Escalate
TKT-00112,NAS drive full – employees cannot save files,Storage & Backup,Storage Performance,Medium,SEV3,Resolved,EMP10564,AGT-012,Meera Iyer,AGT-012,Meera Iyer,2024-11-21 14:44,1. Get-DiskQuota > identify top consumers. 2. Notify to archive. 3. Set hard quota.,Disk quota not enforced; stale files consuming space,16.6,Auto-Resolve
TKT-00113,Laptop BSOD – crashes randomly,Hardware,Laptop Issues,High,SEV2,Closed,EMP10580,AGT-023,Prakash Shetty,AGT-023,Prakash Shetty,2023-10-27 01:17,1. Note BSOD stop code. 2. Run mdsched.exe. 3. If RAM errors: replace DIMM.,"Faulty RAM, corrupted OS files, or incompatible driver",3.5,Moderate
TKT-00114,Laptop overheating – shuts down after 20-30 minutes,Hardware,Laptop Issues,Critical,SEV1,Closed,EMP10275,AGT-011,Vijay Krishnan,AGT-011,Vijay Krishnan,2025-03-20 16:29,1. Check HWMonitor temps. 2. If CPU >95C: clean fan/heatsink. 3. Replace thermal paste.,Dust-clogged heat sink; dried thermal paste,2.3,Human-Escalate
TKT-00115,Cloud backup to Azure Blob failing – auth error,Storage & Backup,Backup Failures,Low,SEV4,In Progress,EMP10152,AGT-006,Deepa Nair,AGT-006,Deepa Nair,2025-01-23 07:15,1. Verify Azure subscription active. 2. Check storage quota limits. 3. Check Service Health.,Storage account access key rotated but not updated,36.5,Auto-Resolve
TKT-00116,Unable to connect to Wi-Fi – 'Can't connect to this network',Network,Wi-Fi Issues,Medium,SEV3,Closed,EMP10502,AGT-007,Rahul Singh,AGT-007,Rahul Singh,2024-10-11 01:00,1. netsh int ip reset. 2. netsh winsock reset. 3. ipconfig /flushdns. 4. Reboot. 5. Reconnect.,Corrupted Wi-Fi profile in Windows,11.9,Auto-Resolve
TKT-00117,Antivirus blocking legitimate application,Software Applications,Antivirus / Security Software,Low,SEV4,Resolved,EMP10301,AGT-004,Sneha Reddy,AGT-004,Sneha Reddy,2023-06-20 22:19,1. Upload to VirusTotal.com to verify false positive. 2. Submit to AV vendor. 3. Exclude temporarily.,Heuristic false positive flagging application executable,65.4,Auto-Resolve
TKT-00118,Desktop PC not booting – stuck at BIOS logo,Hardware,Desktop Issues,Medium,SEV3,Escalated,EMP10482,AGT-005,Mohammed Ali,AGT-005,Mohammed Ali,2023-12-12 12:17,1. Remove recently added hardware. 2. Boot with only essentials. 3. Re-add components one by one.,Corrupted boot sector after incomplete update,18.5,Auto-Resolve
TKT-00119,IP address conflict – 'Another computer has same IP',Network,IP/DHCP,Medium,SEV3,Closed,EMP10303,AGT-001,Ravi Kumar,AGT-001,Ravi Kumar,2023-06-13 12:43,1. Check for overlapping DHCP scopes. 2. Set exclusion range for statics. 3. Enable conflict detection.,Static IP conflicts with DHCP pool; duplicate reservation,13.1,Moderate
TKT-00120,Disk I/O errors in application logs,Storage & Backup,RAID & Disk,High,SEV2,Pending,EMP10394,AGT-012,Meera Iyer,AGT-012,Meera Iyer,2024-01-28 13:35,1. dmesg | grep -i error | grep sda. 2. Reseat SATA cable. 3. Try different SATA port.,Disk nearing end of life; cable/controller issue; filesystem errors,6.5,Auto-Resolve
TKT-00121,Azure VM not starting – allocation failure,Cloud & Servers,Azure,Low,SEV4,Pending,EMP10057,AGT-021,Rajesh Nambiar,AGT-021,Rajesh Nambiar,2023-04-30 21:13,1. Check Azure Service Health for outages. 2. Failover to paired region via ASR.,Azure region capacity constraint; VM size unavailable,52.8,Auto-Resolve
TKT-00122,AWS S3 bucket access denied to application,Cloud & Servers,AWS,High,SEV2,Resolved,EMP10216,AGT-009,Arjun Patel,AGT-009,Arjun Patel,2024-05-21 09:45,1. Check S3 Block Public Access settings. 2. Switch to IAM-based access from ACL.,IAM role lacks s3:GetObject; bucket policy denies,11.6,Moderate
TKT-00123,Azure AD Conditional Access blocking user login,Cloud & Servers,Azure,High,SEV2,In Progress,EMP10386,AGT-015,Aditya Shah,AGT-015,Aditya Shah,2023-10-21 07:39,1. Check if user in correct CA scope. 2. Check Named Locations – add new office IP.,Device not compliant in Intune; policy requires compliant device,9.8,Moderate
TKT-00124,Azure AD Conditional Access blocking user login,Cloud & Servers,Azure,High,SEV2,Resolved,EMP10403,AGT-003,Ankit Verma,AGT-003,Ankit Verma,2024-09-24 23:27,1. Admin: temporary CA exclusion for user (24-hour limit). 2. Investigate root cause.,Device not compliant in Intune; policy requires compliant device,6,Auto-Resolve
TKT-00125,Desktop running very slowly,Hardware,Desktop Issues,Low,SEV4,Pending,EMP10100,AGT-005,Mohammed Ali,AGT-005,Mohammed Ali,2023-09-09 23:08,1. Malwarebytes scan. 2. Windows Defender offline scan. 3. Remove threats. 4. Reboot.,HDD fragmentation; startup bloatware; low RAM; malware,55.9,Auto-Resolve
TKT-00126,VMware vMotion failing between ESXi hosts,Cloud & Servers,VMware,Low,SEV4,Closed,EMP10328,AGT-021,Rajesh Nambiar,AGT-021,Rajesh Nambiar,2024-08-13 23:00,1. Check vMotion bandwidth: min 1Gbps. 2. Verify no firewall blocking TCP 8000/902.,Incompatible CPU feature sets; vMotion network not configured,25.1,Auto-Resolve
TKT-00127,Antivirus blocking legitimate application,Software Applications,Antivirus / Security Software,Medium,SEV3,Resolved,EMP10453,AGT-024,Nandini Kulkarni,AGT-024,Nandini Kulkarni,2024-08-31 20:01,1. Upload to VirusTotal.com to verify false positive. 2. Submit to AV vendor. 3. Exclude temporarily.,Heuristic false positive flagging application executable,18.9,Auto-Resolve
TKT-00128,Phishing email received – user clicked suspicious link,Security & Access,Security Incidents,Low,SEV4,Escalated,EMP10525,AGT-008,Kavitha Menon,AGT-008,Kavitha Menon,2024-11-08 13:31,1. Run EDR scan immediately. 2. Isolate if infected. 3. Reimage if compromised. 4. File incident report.,Social engineering; credential-harvesting URL clicked,45.3,Auto-Resolve
TKT-00129,Backup job failed – Veeam error,Storage & Backup,Backup Failures,Medium,SEV3,Resolved,EMP10506,AGT-012,Meera Iyer,AGT-012,Meera Iyer,2024-10-05 17:18,1. vssadmin resize shadowstorage /maxsize=UNBOUNDED. 2. Delete old shadow copies. 3. Retry.,VSS snapshot failure; insufficient shadow storage; writer error,16.7,Moderate
TKT-00130,Employee cannot access shared drive – Access denied,Security & Access,Access Control,Medium,SEV3,Resolved,EMP10489,AGT-022,Swathi Gowda,AGT-022,Swathi Gowda,2024-02-22 23:32,1. Get-ADGroupMember. 2. Add-ADGroupMember -Identity group -Members username. 3. gpupdate /force.,User removed from AD security group during access review,4.2,Auto-Resolve
TKT-00131,Linux server disk 100% – applications failing,Cloud & Servers,Server OS,High,SEV2,In Progress,EMP10232,AGT-015,Aditya Shah,AGT-015,Aditya Shah,2023-01-25 07:27,1. du -sh /* | sort -rh | head -20. 2. Truncate: > /var/log/syslog. 3. Restart logging.,Log files or core dumps consuming all space,5.2,Auto-Resolve
TKT-00132,VPN connects but no internal resources accessible,Network,VPN Connectivity,Critical,SEV1,Resolved,EMP10089,AGT-001,Ravi Kumar,AGT-001,Ravi Kumar,2024-08-31 21:57,1. Check VPN adapter DNS: ipconfig /all. 2. Set DNS to internal server. 3. Run ipconfig /flushdns. 4. Test nslookup.,Split tunneling disabled; DNS suffix mismatch,3.4,Moderate
TKT-00133,Laptop BSOD – crashes randomly,Hardware,Laptop Issues,High,SEV2,Resolved,EMP10114,AGT-005,Mohammed Ali,AGT-005,Mohammed Ali,2024-12-05 15:21,1. Run MemTest86. 2. If RAM errors: replace. 3. Check SSD health with CrystalDiskInfo.,"Faulty RAM, corrupted OS files, or incompatible driver",3.6,Auto-Resolve
TKT-00134,Intermittent packet loss – 15-30% ping loss to gateway,Network,Network Outage,Low,SEV4,Closed,EMP10409,AGT-013,Sanjay Gupta,AGT-013,Sanjay Gupta,2023-08-05 17:48,1. Run Wireshark on host. 2. Identify retransmission pattern. 3. Check CRC errors. 4. Replace cable.,Duplex mismatch between server NIC and switch port,53.6,Auto-Resolve
TKT-00135,Cannot access internal websites – browser shows server not found,Network,DNS Issues,Low,SEV4,Closed,EMP10551,AGT-007,Rahul Singh,AGT-007,Rahul Singh,2024-09-11 07:28,1. Temporarily point workstation to secondary DNS. 2. Notify team to fix primary. 3. Revert after fix.,Primary internal DNS server service crashed due to corrupted zone file,57.5,Auto-Resolve
TKT-00136,Printer shows offline though powered on,Hardware,Printer Issues,Low,SEV4,Closed,EMP10144,AGT-005,Mohammed Ali,AGT-005,Mohammed Ali,2024-01-06 10:12,1. Assign static IP via printer web interface. 2. Set outside DHCP range. 3. Update port on all PCs.,TCP/IP port IP mismatch after DHCP lease change,50.1,Auto-Resolve
TKT-00137,Unauthorized device on corporate network,Security & Access,Security Incidents,High,SEV2,Pending,EMP10092,AGT-014,Lakshmi Rao,AGT-014,Lakshmi Rao,2024-05-31 20:29,1. Enable 802.1X on switches. 2. Configure RADIUS to reject uncertified devices.,Rogue device on open port; no 802.1X authentication,9.4,Moderate
TKT-00138,Monitor no signal after sleep/hibernate,Hardware,Monitor Issues,High,SEV2,Resolved,EMP10282,AGT-023,Prakash Shetty,AGT-023,Prakash Shetty,2024-10-30 23:24,1. Disable hybrid sleep: Power Options > advanced. 2. Disable fast startup.,GPU not resuming signal; monitor standby not recovering,9.5,Moderate
TKT-00139,Printer not printing – jobs stuck in queue,Hardware,Printer Issues,Medium,SEV3,Resolved,EMP10054,AGT-005,Mohammed Ali,AGT-005,Mohammed Ali,2023-07-10 07:26,1. Remove and re-add printer. 2. Download latest driver. 3. Run printer troubleshooter. 4. Test page.,Print spooler service hung; corrupted print job blocking queue,8.9,Auto-Resolve
TKT-00140,RAID array showing degraded – one disk failed,Storage & Backup,RAID & Disk,Critical,SEV1,Resolved,EMP10449,AGT-019,Nikhil Tiwari,AGT-019,Nikhil Tiwari,2023-06-05 01:34,1. mdadm --detail /dev/md0. 2. mdadm /dev/md0 --add /dev/sdX. 3. Watch /proc/mdstat.,Single disk failure in RAID-5/6; SMART alert,0.6,Human-Escalate
TKT-00141,SAN storage performance degraded – high LUN latency,Storage & Backup,Storage Performance,Critical,SEV1,Resolved,EMP10309,AGT-025,Suresh Das,AGT-025,Suresh Das,2024-10-19 08:48,1. Enable storage tiering. 2. Migrate hot data to SSD tier.,RAID rebuild consuming I/O; HBA queue depth too low,3.4,Human-Escalate
TKT-00142,Zoom/Teams video freezing during calls,Software Applications,Browser Issues,High,SEV2,Resolved,EMP10533,AGT-004,Sneha Reddy,AGT-004,Sneha Reddy,2024-02-22 03:48,1. Check bandwidth at fast.com. 2. Connect via ethernet. 3. Close other bandwidth-heavy apps.,Insufficient bandwidth; CPU overload; outdated driver,11.8,Moderate
TKT-00143,Cloud backup to Azure Blob failing – auth error,Storage & Backup,Backup Failures,Low,SEV4,Resolved,EMP10207,AGT-025,Suresh Das,AGT-025,Suresh Das,2024-12-07 09:28,1. Copy new key from Azure Portal. 2. Update in backup software. 3. Test connection. 4. Re-run.,Storage account access key rotated but not updated,7.6,Auto-Resolve
TKT-00144,NAS drive full – employees cannot save files,Storage & Backup,Storage Performance,High,SEV2,Resolved,EMP10428,AGT-006,Deepa Nair,AGT-006,Deepa Nair,2023-09-05 19:33,1. Expand NAS volume using admin UI. 2. Enable deduplication to reclaim space.,Disk quota not enforced; stale files consuming space,4.2,Moderate
TKT-00145,Printer not printing – jobs stuck in queue,Hardware,Printer Issues,Low,SEV4,Closed,EMP10458,AGT-005,Mohammed Ali,AGT-005,Mohammed Ali,2023-05-07 12:01,1. PowerShell: Stop-Service Spooler. 2. Remove spool files. 3. Start-Service Spooler. 4. Test print.,Print spooler service hung; corrupted print job blocking queue,34.2,Auto-Resolve
TKT-00146,Linux server disk 100% – applications failing,Cloud & Servers,Server OS,Critical,SEV1,Escalated,EMP10308,AGT-021,Rajesh Nambiar,AGT-021,Rajesh Nambiar,2024-02-15 09:24,1. docker system prune -af. 2. pip cache purge. 3. rm -rf /tmp/*. 4. Verify df -h.,Log files or core dumps consuming all space,3.7,Human-Escalate
TKT-00147,Ransomware detected on workstation,Security & Access,Security Incidents,Medium,SEV3,Resolved,EMP10420,AGT-022,Swathi Gowda,AGT-022,Swathi Gowda,2024-05-12 23:14,1. Isolate: pull network cable. 2. Do NOT reboot. 3. Alert CISO. 4. Restore from clean backup. 5. Reimage.,User ran malicious attachment; files encrypted on local and mapped drives,9.5,Auto-Resolve
TKT-00148,AWS S3 bucket access denied to application,Cloud & Servers,AWS,Medium,SEV3,Closed,EMP10264,AGT-021,Rajesh Nambiar,AGT-021,Rajesh Nambiar,2024-05-03 07:58,1. Check S3 bucket policy. 2. If explicit Deny: add allow for IAM role ARN. 3. Test from EC2.,IAM role lacks s3:GetObject; bucket policy denies,20.9,Moderate
TKT-00149,Cannot access internal websites – browser shows server not found,Network,DNS Issues,Low,SEV4,Closed,EMP10339,AGT-018,Divya Pillai,AGT-018,Divya Pillai,2025-02-09 07:48,1. Get-Service DNS on all DCs. 2. Start failed instances. 3. Check event log 4013/4015. 4. Run dcdiag /test:DNS.,Primary internal DNS server service crashed due to corrupted zone file,21.7,Auto-Resolve
TKT-00150,Printer not printing – jobs stuck in queue,Hardware,Printer Issues,Critical,SEV1,In Progress,EMP10099,AGT-005,Mohammed Ali,AGT-005,Mohammed Ali,2023-01-17 13:01,1. PowerShell: Stop-Service Spooler. 2. Remove spool files. 3. Start-Service Spooler. 4. Test print.,Print spooler service hung; corrupted print job blocking queue,4,Human-Escalate
TKT-00151,Azure VM not starting – allocation failure,Cloud & Servers,Azure,Critical,SEV1,Resolved,EMP10462,AGT-003,Ankit Verma,AGT-003,Ankit Verma,2025-02-20 05:17,1. Check Azure Service Health for outages. 2. Failover to paired region via ASR.,Azure region capacity constraint; VM size unavailable,2.1,Human-Escalate
TKT-00152,Windows Server services not starting after reboot,Cloud & Servers,Server OS,Low,SEV4,Resolved,EMP10289,AGT-015,Aditya Shah,AGT-015,Aditya Shah,2023-09-14 11:47,1. Event Viewer > System. 2. Check service account password expiry. 3. Update in service properties.,Service dependency not met; service account password expired,20.4,Auto-Resolve
TKT-00153,Application blocked by proxy – 'Access denied',Network,Firewall & Proxy,Medium,SEV3,Resolved,EMP10245,AGT-018,Divya Pillai,AGT-018,Divya Pillai,2024-02-05 18:40,1. Admin: create custom URL category. 2. Add to bypass list for AD group. 3. Push policy update.,Proxy URL filter miscategorized site as Social Media,18.8,Auto-Resolve
TKT-00154,Phishing email received – user clicked suspicious link,Security & Access,Security Incidents,Critical,SEV1,Resolved,EMP10279,AGT-002,Priya Sharma,AGT-002,Priya Sharma,2023-02-23 04:10,1. Check email headers. 2. Block sender domain in EOP. 3. Delete from all mailboxes. 4. Report to security.,Social engineering; credential-harvesting URL clicked,3.1,Moderate
TKT-00155,IP address conflict – 'Another computer has same IP',Network,IP/DHCP,Medium,SEV3,Closed,EMP10566,AGT-007,Rahul Singh,AGT-007,Rahul Singh,2024-10-25 03:43,1. ipconfig /release then /renew. 2. If static IP: change to DHCP. 3. Check DHCP for duplicate.,Static IP conflicts with DHCP pool; duplicate reservation,19.6,Moderate
TKT-00156,RAID array showing degraded – one disk failed,Storage & Backup,RAID & Disk,High,SEV2,Pending,EMP10554,AGT-006,Deepa Nair,AGT-006,Deepa Nair,2025-03-12 16:19,1. Identify failed disk via storage console. 2. Procure matching disk. 3. Hot-swap; rebuild starts.,Single disk failure in RAID-5/6; SMART alert,2.1,Moderate
TKT-00157,ESXi host showing Not Responding in vCenter,Cloud & Servers,VMware,Critical,SEV1,Resolved,EMP10028,AGT-009,Arjun Patel,AGT-009,Arjun Patel,2023-05-09 04:00,1. If PSOD: physical access required. 2. Note panic message. 3. Reboot. 4. Open VMware SR.,Management NIC down; DCUI locked; PSOD,1.2,Moderate
TKT-00158,Intermittent packet loss – 15-30% ping loss to gateway,Network,Network Outage,Low,SEV4,Closed,EMP10387,AGT-018,Divya Pillai,AGT-018,Divya Pillai,2023-12-01 09:32,1. Run Wireshark on host. 2. Identify retransmission pattern. 3. Check CRC errors. 4. Replace cable.,Duplex mismatch between server NIC and switch port,55.7,Auto-Resolve
TKT-00159,IP address conflict – 'Another computer has same IP',Network,IP/DHCP,High,SEV2,Pending,EMP10550,AGT-007,Rahul Singh,AGT-007,Rahul Singh,2023-03-14 20:07,1. Identify conflict via DHCP logs. 2. Remove static IP. 3. Delete duplicate reservation. 4. arp -d *.,Static IP conflicts with DHCP pool; duplicate reservation,2.3,Moderate
TKT-00160,Application blocked by proxy – 'Access denied',Network,Firewall & Proxy,Medium,SEV3,Closed,EMP10052,AGT-001,Ravi Kumar,AGT-001,Ravi Kumar,2023-12-15 11:49,1. Try HTTPS instead of HTTP. 2. Update proxy SSL inspection policy to trust cert.,Proxy URL filter miscategorized site as Social Media,3,Auto-Resolve
TKT-00161,Antivirus blocking legitimate application,Software Applications,Antivirus / Security Software,Low,SEV4,Resolved,EMP10577,AGT-024,Nandini Kulkarni,AGT-024,Nandini Kulkarni,2025-03-03 04:41,1. Disable real-time protection temporarily. 2. Launch app. 3. Add executable to whitelist.,Heuristic false positive flagging application executable,71.5,Auto-Resolve
TKT-00162,ESXi host showing Not Responding in vCenter,Cloud & Servers,VMware,Medium,SEV3,In Progress,EMP10116,AGT-021,Rajesh Nambiar,AGT-021,Rajesh Nambiar,2024-04-14 00:52,1. If PSOD: physical access required. 2. Note panic message. 3. Reboot. 4. Open VMware SR.,Management NIC down; DCUI locked; PSOD,9.8,Moderate
TKT-00163,Phishing email received – user clicked suspicious link,Security & Access,Security Incidents,High,SEV2,Escalated,EMP10013,AGT-014,Lakshmi Rao,AGT-014,Lakshmi Rao,2023-04-19 11:20,1. Check email headers. 2. Block sender domain in EOP. 3. Delete from all mailboxes. 4. Report to security.,Social engineering; credential-harvesting URL clicked,2.9,Auto-Resolve
TKT-00164,RAID array showing degraded – one disk failed,Storage & Backup,RAID & Disk,Medium,SEV3,Escalated,EMP10433,AGT-006,Deepa Nair,AGT-006,Deepa Nair,2023-12-26 00:16,1. Do not replace during peak hours. 2. Schedule maintenance window. 3. Test failover first.,Single disk failure in RAID-5/6; SMART alert,17.4,Moderate
TKT-00165,User cannot login to web application – SSO not working,Security & Access,Password Reset,Low,SEV4,Resolved,EMP10250,AGT-014,Lakshmi Rao,AGT-014,Lakshmi Rao,2023-04-04 21:13,1. Check IdP certificate expiry in Azure AD. 2. Renew certificate. 3. Update metadata XML.,SAML token expired or IdP metadata outdated,47.6,Auto-Resolve
TKT-00166,User receiving Access Denied on SharePoint site,Security & Access,Access Control,High,SEV2,Closed,EMP10184,AGT-014,Lakshmi Rao,AGT-014,Lakshmi Rao,2024-09-23 17:56,1. Check Conditional Access policy blocking device. 2. Ensure device compliant in Intune.,User not in site members group; permissions inheritance broken,12,Moderate
TKT-00167,RAID array showing degraded – one disk failed,Storage & Backup,RAID & Disk,Medium,SEV3,Resolved,EMP10346,AGT-006,Deepa Nair,AGT-006,Deepa Nair,2024-01-17 01:09,1. Identify failed disk via storage console. 2. Procure matching disk. 3. Hot-swap; rebuild starts.,Single disk failure in RAID-5/6; SMART alert,15.4,Auto-Resolve
TKT-00168,DNS resolution slow – 10-15 seconds to load pages,Network,DNS Issues,Low,SEV4,Closed,EMP10315,AGT-013,Sanjay Gupta,AGT-013,Sanjay Gupta,2023-01-08 11:50,1. Measure: Measure-Command {Resolve-DnsName google.com}. 2. If external slow: switch to anycast DNS.,DNS forwarders unresponsive causing timeout delay,19.2,Auto-Resolve
TKT-00169,Laptop screen flickering – random lines on display,Hardware,Laptop Issues,Low,SEV4,Escalated,EMP10250,AGT-023,Prakash Shetty,AGT-023,Prakash Shetty,2024-10-06 18:12,1. Change refresh rate to 60Hz. 2. Disable HDR. 3. Test in safe mode. 4. Run display diagnostics.,Loose display cable or failing GPU driver; LCD backlight fault,52.8,Auto-Resolve
TKT-00170,Laptop screen flickering – random lines on display,Hardware,Laptop Issues,Medium,SEV3,Pending,EMP10087,AGT-011,Vijay Krishnan,AGT-011,Vijay Krishnan,2024-04-21 14:28,1. Update display driver. 2. Rollback if started after update. 3. Test with external monitor.,Loose display cable or failing GPU driver; LCD backlight fault,16.9,Moderate
TKT-00171,SAP GUI session disconnected – transaction rolled back,Software Applications,ERP / SAP,Low,SEV4,In Progress,EMP10121,AGT-024,Nandini Kulkarni,AGT-024,Nandini Kulkarni,2024-09-06 08:09,1. Use SAP Web GUI: http://<host>:8000/sap/bc/gui/sap/its/webgui. 2. Report to Basis team.,Network timeout exceeding SAP session timeout; high WAN latency,10.1,Auto-Resolve
TKT-00172,Phishing email received – user clicked suspicious link,Security & Access,Security Incidents,High,SEV2,Pending,EMP10291,AGT-022,Swathi Gowda,AGT-022,Swathi Gowda,2024-07-20 23:11,1. Run EDR scan immediately. 2. Isolate if infected. 3. Reimage if compromised. 4. File incident report.,Social engineering; credential-harvesting URL clicked,3.8,Moderate
TKT-00173,Backup job failed – Veeam error,Storage & Backup,Backup Failures,High,SEV2,Resolved,EMP10574,AGT-019,Nikhil Tiwari,AGT-019,Nikhil Tiwari,2024-06-19 23:50,1. Check Veeam proxy disk space. 2. Clear Veeam cache. 3. Or add proxy. 4. Re-run job.,VSS snapshot failure; insufficient shadow storage; writer error,4,Auto-Resolve
TKT-00174,Desktop PC not booting – stuck at BIOS logo,Hardware,Desktop Issues,Low,SEV4,In Progress,EMP10202,AGT-005,Mohammed Ali,AGT-005,Mohammed Ali,2023-04-11 17:56,1. Remove recently added hardware. 2. Boot with only essentials. 3. Re-add components one by one.,Corrupted boot sector after incomplete update,57.1,Auto-Resolve
TKT-00175,Intermittent packet loss – 15-30% ping loss to gateway,Network,Network Outage,Critical,SEV1,Closed,EMP10091,AGT-013,Sanjay Gupta,AGT-013,Sanjay Gupta,2024-05-23 04:21,1. Replace patch cable. 2. Test with known-good cable. 3. ping -t -l 1472 <gateway>. 4. Disable jumbo frames if needed.,Duplex mismatch between server NIC and switch port,3.1,Human-Escalate
TKT-00176,VPN connects but no internal resources accessible,Network,VPN Connectivity,High,SEV2,Closed,EMP10218,AGT-013,Sanjay Gupta,AGT-013,Sanjay Gupta,2023-02-02 10:25,1. Admin: Enable split tunneling on ASA profile. 2. Push updated profile. 3. Reconnect VPN.,Split tunneling disabled; DNS suffix mismatch,3.9,Auto-Resolve
TKT-00177,Database backup restore failed – cannot recover to point in time,Storage & Backup,Data Recovery,Low,SEV4,In Progress,EMP10444,AGT-006,Deepa Nair,AGT-006,Deepa Nair,2023-10-10 09:12,1. Azure SQL: Point-in-Time Restore from Portal. 2. Restore to new database. 3. Swap connection string.,Transaction log backup chain broken; LSN gap,6.8,Auto-Resolve
TKT-00178,VPN drops connection every 10-15 minutes intermittently,Network,VPN Connectivity,High,SEV2,Pending,EMP10437,AGT-018,Divya Pillai,AGT-018,Divya Pillai,2024-08-10 13:52,"1. In AnyConnect preferences, disable 'Local LAN Access'. 2. Set MTU to 1350. 3. Test over 30 minutes.",DPD timeout mismatch between client and ASA firewall,9,Moderate
TKT-00179,Backup taking too long – missing SLA window,Storage & Backup,Backup Failures,Low,SEV4,Closed,EMP10110,AGT-012,Meera Iyer,AGT-012,Meera Iyer,2023-11-07 14:47,1. Move repository to SSD-backed storage. 2. Add backup proxies. 3. Adjust to off-peak hours.,Backup chain grown too large; CBT corrupted on VM,67.5,Auto-Resolve
TKT-00180,Phishing email received – user clicked suspicious link,Security & Access,Security Incidents,Low,SEV4,Closed,EMP10292,AGT-014,Lakshmi Rao,AGT-014,Lakshmi Rao,2024-01-23 07:16,1. Check email headers. 2. Block sender domain in EOP. 3. Delete from all mailboxes. 4. Report to security.,Social engineering; credential-harvesting URL clicked,9.4,Auto-Resolve
TKT-00181,User cannot login to web application – SSO not working,Security & Access,Password Reset,Medium,SEV3,Pending,EMP10530,AGT-014,Lakshmi Rao,AGT-014,Lakshmi Rao,2024-03-18 13:17,1. Clear cookies for SSO domain. 2. Try incognito. 3. Try different browser.,SAML token expired or IdP metadata outdated,4.7,Auto-Resolve
TKT-00182,Software license expired – trial expired message,Software Applications,Password & Licensing,Critical,SEV1,Closed,EMP10524,AGT-020,Asha Bhat,AGT-024,Nandini Kulkarni,2024-01-21 17:25,1. Reassign available license from another user in license console.,Annual license not renewed; license server unreachable,0.5,Human-Escalate
TKT-00183,Browser pages loading slowly or not loading,Software Applications,Browser Issues,Low,SEV4,Resolved,EMP10586,AGT-020,Asha Bhat,AGT-020,Asha Bhat,2023-11-06 06:24,1. Uninstall and reinstall browser. 2. Reset settings to default.,Cache corruption; DNS issue; extension conflict,62,Auto-Resolve
TKT-00184,Unable to connect to Wi-Fi – 'Can't connect to this network',Network,Wi-Fi Issues,Critical,SEV1,Resolved,EMP10292,AGT-001,Ravi Kumar,AGT-018,Divya Pillai,2023-03-17 17:13,1. Update wireless adapter driver. 2. Rollback if issue started after update.,Corrupted Wi-Fi profile in Windows,2.3,Human-Escalate
TKT-00185,Windows Server services not starting after reboot,Cloud & Servers,Server OS,Medium,SEV3,Resolved,EMP10525,AGT-021,Rajesh Nambiar,AGT-021,Rajesh Nambiar,2024-02-12 10:18,1. Event Viewer > System. 2. Check service account password expiry. 3. Update in service properties.,Service dependency not met; service account password expired,12,Auto-Resolve
TKT-00186,Software license expired – trial expired message,Software Applications,Password & Licensing,Low,SEV4,Resolved,EMP10374,AGT-010,Sunita Joshi,AGT-010,Sunita Joshi,2023-06-26 05:59,1. Check license server reachable: telnet <server> <port>. 2. Restart license manager.,Annual license not renewed; license server unreachable,39.3,Auto-Resolve
TKT-00187,SSL certificate expired – application security warning,Security & Access,Certificate Issues,High,SEV2,Escalated,EMP10464,AGT-022,Swathi Gowda,AGT-022,Swathi Gowda,2024-10-03 11:13,1. Update cert on load balancer. 2. Upload new PEM. 3. Update virtual server profile. 4. Test.,Auto-renewal failed; not monitored for expiry,11.4,Moderate
TKT-00188,IP address conflict – 'Another computer has same IP',Network,IP/DHCP,High,SEV2,In Progress,EMP10161,AGT-013,Sanjay Gupta,AGT-013,Sanjay Gupta,2023-04-24 14:29,1. arp -a to find conflicting MAC. 2. Track via switch MAC table. 3. Change device to DHCP.,Static IP conflicts with DHCP pool; duplicate reservation,5.6,Moderate
TKT-00189,Monitor no signal after sleep/hibernate,Hardware,Monitor Issues,Critical,SEV1,Closed,EMP10366,AGT-017,Kiran Babu,AGT-023,Prakash Shetty,2024-10-15 03:55,1. Try different cable. 2. Try different GPU port. 3. Reseat GPU. 4. Test with integrated graphics.,GPU not resuming signal; monitor standby not recovering,3.2,Human-Escalate
TKT-00190,AWS Lambda function timing out,Cloud & Servers,AWS,Low,SEV4,Pending,EMP10460,AGT-015,Aditya Shah,AGT-015,Aditya Shah,2024-01-09 21:46,1. Check VPC config: NAT Gateway for internet access. 2. Add NAT or use VPC endpoints.,Function exceeds timeout; downstream service latency,20.2,Auto-Resolve
TKT-00191,Employee cannot access shared drive – Access denied,Security & Access,Access Control,High,SEV2,In Progress,EMP10465,AGT-014,Lakshmi Rao,AGT-014,Lakshmi Rao,2023-03-09 04:17,1. Verify manager approval. 2. Process via ITSM access management workflow. 3. Add to correct group.,User removed from AD security group during access review,7.9,Moderate
TKT-00192,Backup job failed – Veeam error,Storage & Backup,Backup Failures,Low,SEV4,Resolved,EMP10561,AGT-012,Meera Iyer,AGT-012,Meera Iyer,2023-09-25 06:21,1. Check Veeam proxy disk space. 2. Clear Veeam cache. 3. Or add proxy. 4. Re-run job.,VSS snapshot failure; insufficient shadow storage; writer error,64.4,Auto-Resolve
TKT-00193,VMware vMotion failing between ESXi hosts,Cloud & Servers,VMware,Low,SEV4,Closed,EMP10523,AGT-003,Ankit Verma,AGT-003,Ankit Verma,2024-03-25 00:12,1. Verify vMotion VMkernel adapter on both hosts. 2. Same vMotion network/VLAN.,Incompatible CPU feature sets; vMotion network not configured,61.8,Auto-Resolve
TKT-00194,Ransomware detected on workstation,Security & Access,Security Incidents,Critical,SEV1,In Progress,EMP10440,AGT-022,Swathi Gowda,AGT-022,Swathi Gowda,2025-01-18 14:40,1. Isolate: pull network cable. 2. Do NOT reboot. 3. Alert CISO. 4. Restore from clean backup. 5. Reimage.,User ran malicious attachment; files encrypted on local and mapped drives,2.8,Human-Escalate
TKT-00195,NAS drive full – employees cannot save files,Storage & Backup,Storage Performance,Low,SEV4,In Progress,EMP10135,AGT-025,Suresh Das,AGT-025,Suresh Das,2023-08-26 16:14,1. Archive files >2 years old: robocopy /MAXAGE:730. 2. Move to cold storage.,Disk quota not enforced; stale files consuming space,44,Auto-Resolve
TKT-00196,Excel file opens as read-only and cannot be edited,Software Applications,Microsoft Office,Critical,SEV1,Closed,EMP10584,AGT-010,Sunita Joshi,AGT-010,Sunita Joshi,2025-01-12 07:34,1. Click 'Enable Editing' in yellow bar. 2. File > Info > Protect Workbook.,File has Mark of the Web flag from download; network drive permission issue,1.8,Moderate
TKT-00197,User cannot login to web application – SSO not working,Security & Access,Password Reset,Critical,SEV1,Escalated,EMP10156,AGT-008,Kavitha Menon,AGT-008,Kavitha Menon,2024-10-11 20:00,1. Admin: check IdP app assignment. 2. Verify user in assigned group. 3. Re-assign if missing.,SAML token expired or IdP metadata outdated,1.4,Human-Escalate
TKT-00198,Disk I/O errors in application logs,Storage & Backup,RAID & Disk,High,SEV2,Closed,EMP10146,AGT-019,Nikhil Tiwari,AGT-019,Nikhil Tiwari,2023-05-21 16:14,1. smartctl -H /dev/sdX. 2. Run extended SMART test. 3. If failing: replace immediately.,Disk nearing end of life; cable/controller issue; filesystem errors,4.4,Moderate
TKT-00199,Zoom/Teams video freezing during calls,Software Applications,Browser Issues,Medium,SEV3,Resolved,EMP10295,AGT-010,Sunita Joshi,AGT-010,Sunita Joshi,2024-01-08 13:12,1. Check bandwidth at fast.com. 2. Connect via ethernet. 3. Close other bandwidth-heavy apps.,Insufficient bandwidth; CPU overload; outdated driver,12.9,Moderate
TKT-00200,Printer not printing – jobs stuck in queue,Hardware,Printer Issues,Critical,SEV1,Escalated,EMP10567,AGT-011,Vijay Krishnan,AGT-011,Vijay Krishnan,2023-03-29 21:22,1. PowerShell: Stop-Service Spooler. 2. Remove spool files. 3. Start-Service Spooler. 4. Test print.,Print spooler service hung; corrupted print job blocking queue,3.3,Moderate
TKT-00201,AWS Lambda function timing out,Cloud & Servers,AWS,Critical,SEV1,Closed,EMP10181,AGT-021,Rajesh Nambiar,AGT-021,Rajesh Nambiar,2024-01-06 13:30,1. Enable X-Ray tracing. 2. Identify slowest segment. 3. Initialize SDK outside handler.,Function exceeds timeout; downstream service latency,1.2,Human-Escalate
TKT-00202,Accidentally deleted important file,Storage & Backup,Data Recovery,Low,SEV4,Resolved,EMP10167,AGT-019,Nikhil Tiwari,AGT-019,Nikhil Tiwari,2024-06-15 14:09,1. Right-click folder > Properties > Previous Versions. 2. Restore from shadow copy.,File deleted from share; shadow copy not configured,45.2,Auto-Resolve
TKT-00203,User cannot login to web application – SSO not working,Security & Access,Password Reset,Low,SEV4,In Progress,EMP10520,AGT-022,Swathi Gowda,AGT-022,Swathi Gowda,2023-03-10 02:05,1. User: go to myapps.microsoft.com. 2. Launch app for fresh SAML assertion. 3. Check claims mapping.,SAML token expired or IdP metadata outdated,21.9,Auto-Resolve
TKT-00204,Backup job failed – Veeam error,Storage & Backup,Backup Failures,Medium,SEV3,In Progress,EMP10260,AGT-019,Nikhil Tiwari,AGT-019,Nikhil Tiwari,2024-06-22 06:00,1. Update Veeam to latest patch. 2. Update VMware Tools on backed-up VMs. 3. Retry.,VSS snapshot failure; insufficient shadow storage; writer error,14.9,Auto-Resolve
TKT-00205,Database backup restore failed – cannot recover to point in time,Storage & Backup,Data Recovery,Medium,SEV3,Closed,EMP10184,AGT-025,Suresh Das,AGT-025,Suresh Das,2024-09-18 08:43,1. Azure SQL: Point-in-Time Restore from Portal. 2. Restore to new database. 3. Swap connection string.,Transaction log backup chain broken; LSN gap,10.7,Auto-Resolve
TKT-00206,Windows Server services not starting after reboot,Cloud & Servers,Server OS,High,SEV2,Resolved,EMP10108,AGT-021,Rajesh Nambiar,AGT-021,Rajesh Nambiar,2023-03-13 15:43,1. Process Monitor to capture failure. 2. Check ACCESS DENIED events on config/registry. 3. Fix ACL.,Service dependency not met; service account password expired,5,Auto-Resolve
TKT-00207,IP address conflict – 'Another computer has same IP',Network,IP/DHCP,Medium,SEV3,Resolved,EMP10155,AGT-001,Ravi Kumar,AGT-001,Ravi Kumar,2023-11-19 12:49,1. ipconfig /release then /renew. 2. If static IP: change to DHCP. 3. Check DHCP for duplicate.,Static IP conflicts with DHCP pool; duplicate reservation,5.6,Auto-Resolve
TKT-00208,Intermittent packet loss – 15-30% ping loss to gateway,Network,Network Outage,Low,SEV4,Resolved,EMP10469,AGT-007,Rahul Singh,AGT-007,Rahul Singh,2023-04-20 08:39,1. Replace patch cable. 2. Test with known-good cable. 3. ping -t -l 1472 <gateway>. 4. Disable jumbo frames if needed.,Duplex mismatch between server NIC and switch port,17.3,Auto-Resolve
TKT-00209,Application blocked by proxy – 'Access denied',Network,Firewall & Proxy,High,SEV2,Closed,EMP10433,AGT-013,Sanjay Gupta,AGT-013,Sanjay Gupta,2023-01-24 00:56,1. Add destination IP to firewall allow rule. 2. Verify proxy bypass list includes IP. 3. Test.,Proxy URL filter miscategorized site as Social Media,9.8,Moderate
TKT-00210,Monitor no signal after sleep/hibernate,Hardware,Monitor Issues,High,SEV2,Escalated,EMP10466,AGT-011,Vijay Krishnan,AGT-011,Vijay Krishnan,2023-03-17 15:37,1. Try different cable. 2. Try different GPU port. 3. Reseat GPU. 4. Test with integrated graphics.,GPU not resuming signal; monitor standby not recovering,6.3,Moderate
TKT-00211,Monitor no signal after sleep/hibernate,Hardware,Monitor Issues,Medium,SEV3,Resolved,EMP10068,AGT-023,Prakash Shetty,AGT-023,Prakash Shetty,2023-08-04 00:04,1. Try different cable. 2. Try different GPU port. 3. Reseat GPU. 4. Test with integrated graphics.,GPU not resuming signal; monitor standby not recovering,5.6,Auto-Resolve
TKT-00212,Azure AD Conditional Access blocking user login,Cloud & Servers,Azure,Critical,SEV1,Escalated,EMP10125,AGT-015,Aditya Shah,AGT-015,Aditya Shah,2023-09-20 06:53,1. New device: enroll in Intune. 2. Company Portal. 3. Wait 15 min for propagation. 4. Retry.,Device not compliant in Intune; policy requires compliant device,1,Human-Escalate
TKT-00213,Laptop overheating – shuts down after 20-30 minutes,Hardware,Laptop Issues,Medium,SEV3,Closed,EMP10419,AGT-017,Kiran Babu,AGT-017,Kiran Babu,2024-09-30 10:42,1. Check HWMonitor temps. 2. If CPU >95C: clean fan/heatsink. 3. Replace thermal paste.,Dust-clogged heat sink; dried thermal paste,20.7,Moderate
TKT-00214,IP address conflict – 'Another computer has same IP',Network,IP/DHCP,High,SEV2,Resolved,EMP10007,AGT-013,Sanjay Gupta,AGT-013,Sanjay Gupta,2024-07-29 23:31,1. Identify conflict via DHCP logs. 2. Remove static IP. 3. Delete duplicate reservation. 4. arp -d *.,Static IP conflicts with DHCP pool; duplicate reservation,2.5,Moderate
TKT-00215,Laptop keyboard keys dead,Hardware,Laptop Issues,Low,SEV4,Resolved,EMP10495,AGT-011,Vijay Krishnan,AGT-011,Vijay Krishnan,2023-07-05 19:24,1. Scan hardware changes in Device Manager. 2. Update keyboard firmware. 3. Check BIOS keyboard settings.,Physical damage or spill; driver issue,57,Auto-Resolve
TKT-00216,Linux server disk 100% – applications failing,Cloud & Servers,Server OS,Medium,SEV3,Escalated,EMP10387,AGT-021,Rajesh Nambiar,AGT-021,Rajesh Nambiar,2023-05-19 14:48,1. docker system prune -af. 2. pip cache purge. 3. rm -rf /tmp/*. 4. Verify df -h.,Log files or core dumps consuming all space,6.4,Auto-Resolve
TKT-00217,Outlook not receiving new emails – inbox stuck,Software Applications,Microsoft Office,Critical,SEV1,Closed,EMP10313,AGT-024,Nandini Kulkarni,AGT-024,Nandini Kulkarni,2023-10-25 09:30,"1. OST file size check. 2. If >50GB: archive. 3. Delete .ost, reopen Outlook to rebuild.",Exchange Online throttled; Outlook profile corrupted; OST file too large,1.5,Human-Escalate
TKT-00218,Backup taking too long – missing SLA window,Storage & Backup,Backup Failures,Critical,SEV1,Closed,EMP10573,AGT-006,Deepa Nair,AGT-006,Deepa Nair,2024-07-02 23:53,1. Check proxy bandwidth. 2. Enable WAN accelerator. 3. Enable inline dedup and compression.,Backup chain grown too large; CBT corrupted on VM,1.2,Human-Escalate
TKT-00219,Monitor no signal after sleep/hibernate,Hardware,Monitor Issues,Low,SEV4,Resolved,EMP10091,AGT-017,Kiran Babu,AGT-017,Kiran Babu,2024-07-26 22:31,1. Press key or mouse. 2. Press monitor power. 3. Check display cable. 4. Switch monitor input.,GPU not resuming signal; monitor standby not recovering,57.9,Auto-Resolve
TKT-00220,Printer not printing – jobs stuck in queue,Hardware,Printer Issues,Low,SEV4,Resolved,EMP10575,AGT-023,Prakash Shetty,AGT-023,Prakash Shetty,2025-01-07 10:29,1. Remove and re-add printer. 2. Download latest driver. 3. Run printer troubleshooter. 4. Test page.,Print spooler service hung; corrupted print job blocking queue,70.9,Auto-Resolve
TKT-00221,AWS S3 bucket access denied to application,Cloud & Servers,AWS,High,SEV2,Resolved,EMP10221,AGT-009,Arjun Patel,AGT-009,Arjun Patel,2024-11-29 14:05,1. Check S3 bucket policy. 2. If explicit Deny: add allow for IAM role ARN. 3. Test from EC2.,IAM role lacks s3:GetObject; bucket policy denies,10.7,Auto-Resolve
TKT-00222,Printer not printing – jobs stuck in queue,Hardware,Printer Issues,High,SEV2,In Progress,EMP10468,AGT-017,Kiran Babu,AGT-017,Kiran Babu,2024-01-24 20:50,1. Services.msc: stop Print Spooler. 2. Delete C:\Windows\System32\spool\PRINTERS\*. 3. Start Spooler. 4. Retry.,Print spooler service hung; corrupted print job blocking queue,10.7,Moderate
TKT-00223,Linux server disk 100% – applications failing,Cloud & Servers,Server OS,Critical,SEV1,In Progress,EMP10158,AGT-021,Rajesh Nambiar,AGT-003,Ankit Verma,2023-05-10 02:15,1. Find core dumps: find / -name 'core.*' -delete. 2. apt autoremove. 3. df -h.,Log files or core dumps consuming all space,3.2,Human-Escalate
TKT-00224,PowerPoint not displaying correctly on projector,Software Applications,Microsoft Office,High,SEV2,Resolved,EMP10473,AGT-004,Sneha Reddy,AGT-004,Sneha Reddy,2023-11-15 17:00,1. Save as PDF and present from Acrobat. 2. Check embedded fonts: File > Options > Save.,Resolution mismatch; display scaling issues,7.1,Moderate
TKT-00225,NAS drive full – employees cannot save files,Storage & Backup,Storage Performance,Medium,SEV3,Closed,EMP10257,AGT-006,Deepa Nair,AGT-006,Deepa Nair,2024-04-06 00:11,1. Expand NAS volume using admin UI. 2. Enable deduplication to reclaim space.,Disk quota not enforced; stale files consuming space,12,Auto-Resolve
TKT-00226,SSL certificate expired – application security warning,Security & Access,Certificate Issues,Critical,SEV1,In Progress,EMP10213,AGT-022,Swathi Gowda,AGT-022,Swathi Gowda,2025-02-12 03:32,1. certmgr.msc. 2. Request new cert from PKI. 3. Bind to IIS. 4. Test HTTPS.,Auto-renewal failed; not monitored for expiry,3.2,Human-Escalate
TKT-00227,User locked out of Windows login – forgot password,Security & Access,Password Reset,Medium,SEV3,Closed,EMP10479,AGT-022,Swathi Gowda,AGT-022,Swathi Gowda,2024-07-01 14:27,1. Azure AD Admin: Users > Reset password. 2. Provide temp password. 3. Verify MFA registration.,Too many failed attempts triggered lockout policy,14.6,Auto-Resolve
TKT-00228,Backup job failed – Veeam error,Storage & Backup,Backup Failures,Critical,SEV1,Closed,EMP10011,AGT-025,Suresh Das,AGT-025,Suresh Das,2023-06-19 18:03,1. vssadmin resize shadowstorage /maxsize=UNBOUNDED. 2. Delete old shadow copies. 3. Retry.,VSS snapshot failure; insufficient shadow storage; writer error,0.8,Moderate
TKT-00229,Antivirus blocking legitimate application,Software Applications,Antivirus / Security Software,Medium,SEV3,Closed,EMP10374,AGT-020,Asha Bhat,AGT-020,Asha Bhat,2023-09-24 15:10,1. Upload to VirusTotal.com to verify false positive. 2. Submit to AV vendor. 3. Exclude temporarily.,Heuristic false positive flagging application executable,5.7,Auto-Resolve
TKT-00230,Ransomware detected on workstation,Security & Access,Security Incidents,Low,SEV4,Resolved,EMP10061,AGT-008,Kavitha Menon,AGT-008,Kavitha Menon,2024-12-07 15:51,1. Block C2 IPs at firewall. 2. Check lateral movement via SMB. 3. Reset all affected credentials.,User ran malicious attachment; files encrypted on local and mapped drives,32.7,Auto-Resolve
TKT-00231,Backup taking too long – missing SLA window,Storage & Backup,Backup Failures,Critical,SEV1,Closed,EMP10344,AGT-006,Deepa Nair,AGT-006,Deepa Nair,2023-10-31 13:48,1. Check proxy bandwidth. 2. Enable WAN accelerator. 3. Enable inline dedup and compression.,Backup chain grown too large; CBT corrupted on VM,1.4,Moderate
TKT-00232,Cannot connect to corporate VPN – authentication failure after Windows update,Network,VPN Connectivity,Critical,SEV1,In Progress,EMP10068,AGT-007,Rahul Singh,AGT-018,Divya Pillai,2023-12-06 02:20,1. Uninstall KB5034441 via Settings > Windows Update > Update History > Uninstall updates. 2. Reboot. 3. Reconnect VPN.,Windows update KB5034441 broke WAN Miniport driver compatibility with Cisco AnyConnect,3.8,Human-Escalate
TKT-00233,Accidentally deleted important file,Storage & Backup,Data Recovery,High,SEV2,Escalated,EMP10356,AGT-025,Suresh Das,AGT-025,Suresh Das,2024-10-07 16:23,1. Right-click folder > Properties > Previous Versions. 2. Restore from shadow copy.,File deleted from share; shadow copy not configured,1.3,Moderate
TKT-00234,IP address conflict – 'Another computer has same IP',Network,IP/DHCP,Critical,SEV1,Resolved,EMP10041,AGT-013,Sanjay Gupta,AGT-013,Sanjay Gupta,2024-01-14 18:35,1. ipconfig /release then /renew. 2. If static IP: change to DHCP. 3. Check DHCP for duplicate.,Static IP conflicts with DHCP pool; duplicate reservation,1,Human-Escalate
TKT-00235,VMware vMotion failing between ESXi hosts,Cloud & Servers,VMware,High,SEV2,In Progress,EMP10360,AGT-021,Rajesh Nambiar,AGT-021,Rajesh Nambiar,2025-03-04 03:06,1. Verify vMotion VMkernel adapter on both hosts. 2. Same vMotion network/VLAN.,Incompatible CPU feature sets; vMotion network not configured,4.4,Moderate
TKT-00236,Software license expired – trial expired message,Software Applications,Password & Licensing,Medium,SEV3,Closed,EMP10271,AGT-010,Sunita Joshi,AGT-010,Sunita Joshi,2024-02-27 21:21,1. Check license server reachable: telnet <server> <port>. 2. Restart license manager.,Annual license not renewed; license server unreachable,5.1,Auto-Resolve
TKT-00237,Excel file opens as read-only and cannot be edited,Software Applications,Microsoft Office,High,SEV2,In Progress,EMP10207,AGT-010,Sunita Joshi,AGT-010,Sunita Joshi,2024-06-03 17:54,1. Click 'Enable Editing' in yellow bar. 2. File > Info > Protect Workbook.,File has Mark of the Web flag from download; network drive permission issue,1.6,Moderate
TKT-00238,Antivirus blocking legitimate application,Software Applications,Antivirus / Security Software,High,SEV2,Pending,EMP10058,AGT-016,Pooja Mehta,AGT-016,Pooja Mehta,2024-03-28 06:58,1. AV console > Quarantine > Restore file. 2. Add folder to exclusions. 3. Verify with vendor.,Heuristic false positive flagging application executable,10.1,Auto-Resolve
TKT-00239,MFA prompt not received – cannot complete login,Security & Access,Multi-Factor Authentication,Critical,SEV1,Closed,EMP10301,AGT-022,Swathi Gowda,AGT-022,Swathi Gowda,2024-04-05 05:56,1. Admin: provide backup code via alternate method. 2. User uses code. 3. Re-register authenticator.,Authenticator app out of sync; phone number changed; MFA not registered,0.6,Moderate
TKT-00240,MFA prompt not received – cannot complete login,Security & Access,Multi-Factor Authentication,Medium,SEV3,Resolved,EMP10243,AGT-002,Priya Sharma,AGT-002,Priya Sharma,2024-09-12 17:32,1. Admin: provide backup code via alternate method. 2. User uses code. 3. Re-register authenticator.,Authenticator app out of sync; phone number changed; MFA not registered,6.6,Moderate
TKT-00241,Unable to post journal entry in SAP – Period not open error,Software Applications,ERP / SAP,High,SEV2,Closed,EMP10344,AGT-024,Nandini Kulkarni,AGT-024,Nandini Kulkarni,2024-08-24 19:05,1. Check MMPV for MM period. 2. Allow posting to previous period via MMRV.,Fiscal year period not opened in FI module,2.6,Moderate
TKT-00242,Accidentally deleted important file,Storage & Backup,Data Recovery,Medium,SEV3,Resolved,EMP10146,AGT-012,Meera Iyer,AGT-012,Meera Iyer,2023-06-26 22:19,1. Enable Windows Server shadow copies on file server volumes. 2. Check OneDrive version history.,File deleted from share; shadow copy not configured,2.6,Auto-Resolve
TKT-00243,Cloud backup to Azure Blob failing – auth error,Storage & Backup,Backup Failures,Critical,SEV1,Closed,EMP10010,AGT-025,Suresh Das,AGT-025,Suresh Das,2023-08-07 15:04,1. Copy new key from Azure Portal. 2. Update in backup software. 3. Test connection. 4. Re-run.,Storage account access key rotated but not updated,1,Moderate
TKT-00244,Browser pages loading slowly or not loading,Software Applications,Browser Issues,Low,SEV4,Resolved,EMP10401,AGT-010,Sunita Joshi,AGT-010,Sunita Joshi,2023-04-29 17:02,1. Disable all extensions. 2. Test page. 3. Re-enable one by one.,Cache corruption; DNS issue; extension conflict,19.8,Auto-Resolve
TKT-00245,SSL certificate expired – application security warning,Security & Access,Certificate Issues,Low,SEV4,Resolved,EMP10585,AGT-002,Priya Sharma,AGT-002,Priya Sharma,2023-07-13 20:01,1. Update cert on load balancer. 2. Upload new PEM. 3. Update virtual server profile. 4. Test.,Auto-renewal failed; not monitored for expiry,46.1,Auto-Resolve
TKT-00246,AWS Lambda function timing out,Cloud & Servers,AWS,Critical,SEV1,Closed,EMP10501,AGT-015,Aditya Shah,AGT-015,Aditya Shah,2023-09-18 17:42,1. Increase Lambda timeout in Configuration. 2. Check CloudWatch Logs for hang point.,Function exceeds timeout; downstream service latency,3.8,Moderate
TKT-00247,AWS S3 bucket access denied to application,Cloud & Servers,AWS,Critical,SEV1,Closed,EMP10251,AGT-009,Arjun Patel,AGT-009,Arjun Patel,2024-04-02 18:33,1. IAM > Roles > find EC2 role > add S3 permissions for bucket ARN.,IAM role lacks s3:GetObject; bucket policy denies,1.4,Moderate
TKT-00248,Outlook not receiving new emails – inbox stuck,Software Applications,Microsoft Office,High,SEV2,Closed,EMP10159,AGT-004,Sneha Reddy,AGT-004,Sneha Reddy,2023-07-13 20:39,1. Check OWA. 2. If emails there: profile issue. 3. Create new profile: Control Panel > Mail.,Exchange Online throttled; Outlook profile corrupted; OST file too large,6.5,Moderate
TKT-00249,Laptop screen flickering – random lines on display,Hardware,Laptop Issues,High,SEV2,Pending,EMP10467,AGT-005,Mohammed Ali,AGT-005,Mohammed Ali,2023-05-31 00:02,1. Uninstall display driver with DDU in safe mode. 2. Reinstall latest from manufacturer.,Loose display cable or failing GPU driver; LCD backlight fault,3.7,Auto-Resolve
TKT-00250,Unable to post journal entry in SAP – Period not open error,Software Applications,ERP / SAP,Critical,SEV1,Resolved,EMP10016,AGT-004,Sneha Reddy,AGT-024,Nandini Kulkarni,2023-05-10 16:37,1. Request CFO approval to reopen. 2. Document business reason. 3. Use F-02 with alternative date.,Fiscal year period not opened in FI module,1.7,Human-Escalate
TKT-00251,AWS Lambda function timing out,Cloud & Servers,AWS,Medium,SEV3,Resolved,EMP10460,AGT-003,Ankit Verma,AGT-003,Ankit Verma,2023-09-23 20:32,1. Increase Lambda timeout in Configuration. 2. Check CloudWatch Logs for hang point.,Function exceeds timeout; downstream service latency,9.8,Moderate
TKT-00252,Desktop PC not booting – stuck at BIOS logo,Hardware,Desktop Issues,Medium,SEV3,Resolved,EMP10240,AGT-017,Kiran Babu,AGT-017,Kiran Babu,2023-02-11 07:48,1. Remove recently added hardware. 2. Boot with only essentials. 3. Re-add components one by one.,Corrupted boot sector after incomplete update,12.7,Auto-Resolve
TKT-00253,Windows Server services not starting after reboot,Cloud & Servers,Server OS,Critical,SEV1,Resolved,EMP10545,AGT-015,Aditya Shah,AGT-015,Aditya Shah,2024-10-23 07:07,1. Services.msc > failing service > Dependencies. 2. Start dependencies manually.,Service dependency not met; service account password expired,1.3,Human-Escalate
TKT-00254,Azure AD Conditional Access blocking user login,Cloud & Servers,Azure,Medium,SEV3,In Progress,EMP10040,AGT-009,Arjun Patel,AGT-009,Arjun Patel,2023-08-18 00:20,1. Intune > Devices > check compliance. 2. Fix failing policy. 3. Sync in Company Portal.,Device not compliant in Intune; policy requires compliant device,22.5,Auto-Resolve
TKT-00255,Antivirus blocking legitimate application,Software Applications,Antivirus / Security Software,Critical,SEV1,Pending,EMP10038,AGT-010,Sunita Joshi,AGT-010,Sunita Joshi,2024-05-16 11:37,1. Upload to VirusTotal.com to verify false positive. 2. Submit to AV vendor. 3. Exclude temporarily.,Heuristic false positive flagging application executable,1.8,Moderate
TKT-00256,RAID array showing degraded – one disk failed,Storage & Backup,RAID & Disk,High,SEV2,Resolved,EMP10399,AGT-006,Deepa Nair,AGT-006,Deepa Nair,2023-06-20 18:40,1. mdadm --detail /dev/md0. 2. mdadm /dev/md0 --add /dev/sdX. 3. Watch /proc/mdstat.,Single disk failure in RAID-5/6; SMART alert,6.2,Moderate
TKT-00257,IP address conflict – 'Another computer has same IP',Network,IP/DHCP,High,SEV2,Closed,EMP10497,AGT-007,Rahul Singh,AGT-007,Rahul Singh,2024-11-05 14:23,1. Identify conflict via DHCP logs. 2. Remove static IP. 3. Delete duplicate reservation. 4. arp -d *.,Static IP conflicts with DHCP pool; duplicate reservation,9.9,Auto-Resolve
TKT-00258,VMware vMotion failing between ESXi hosts,Cloud & Servers,VMware,Low,SEV4,Resolved,EMP10486,AGT-003,Ankit Verma,AGT-003,Ankit Verma,2025-03-07 06:50,1. Check datastore accessibility from destination host. 2. Use Storage vMotion simultaneously.,Incompatible CPU feature sets; vMotion network not configured,56.4,Auto-Resolve
TKT-00259,VPN connects but no internal resources accessible,Network,VPN Connectivity,Low,SEV4,Resolved,EMP10599,AGT-013,Sanjay Gupta,AGT-013,Sanjay Gupta,2024-02-10 20:29,1. Add DNS suffix search list in adapter properties: company.local. 2. Flush DNS. 3. Test.,Split tunneling disabled; DNS suffix mismatch,13.7,Auto-Resolve
TKT-00260,ESXi host showing Not Responding in vCenter,Cloud & Servers,VMware,Critical,SEV1,In Progress,EMP10306,AGT-015,Aditya Shah,AGT-021,Rajesh Nambiar,2024-05-08 02:21,1. If PSOD: physical access required. 2. Note panic message. 3. Reboot. 4. Open VMware SR.,Management NIC down; DCUI locked; PSOD,4,Human-Escalate
TKT-00261,AWS Lambda function timing out,Cloud & Servers,AWS,High,SEV2,In Progress,EMP10086,AGT-009,Arjun Patel,AGT-009,Arjun Patel,2024-01-09 03:57,1. Add connection timeout and retry logic to external API calls. 2. Move long ops to SQS.,Function exceeds timeout; downstream service latency,3.4,Moderate
TKT-00262,Windows Server services not starting after reboot,Cloud & Servers,Server OS,Medium,SEV3,Closed,EMP10115,AGT-021,Rajesh Nambiar,AGT-021,Rajesh Nambiar,2024-06-28 07:21,1. sc delete <ServiceName>. 2. Reinstall application to re-register service.,Service dependency not met; service account password expired,8.1,Moderate
TKT-00263,NAS drive full – employees cannot save files,Storage & Backup,Storage Performance,Medium,SEV3,In Progress,EMP10181,AGT-019,Nikhil Tiwari,AGT-019,Nikhil Tiwari,2023-02-28 20:52,1. Archive files >2 years old: robocopy /MAXAGE:730. 2. Move to cold storage.,Disk quota not enforced; stale files consuming space,2.2,Auto-Resolve
TKT-00264,Accidentally deleted important file,Storage & Backup,Data Recovery,Low,SEV4,Resolved,EMP10427,AGT-006,Deepa Nair,AGT-006,Deepa Nair,2023-03-16 18:57,1. Restore from last Veeam backup. 2. Single-file restore to original location.,File deleted from share; shadow copy not configured,45.5,Auto-Resolve
TKT-00265,User receiving Access Denied on SharePoint site,Security & Access,Access Control,Medium,SEV3,Escalated,EMP10032,AGT-008,Kavitha Menon,AGT-008,Kavitha Menon,2023-01-07 05:55,1. Check Conditional Access policy blocking device. 2. Ensure device compliant in Intune.,User not in site members group; permissions inheritance broken,5.2,Auto-Resolve
TKT-00266,USB device not recognized – 'Unknown device' in Device Manager,Hardware,USB/Peripheral,High,SEV2,Resolved,EMP10301,AGT-011,Vijay Krishnan,AGT-011,Vijay Krishnan,2023-05-24 22:30,1. Uninstall Unknown Device. 2. Scan for hardware changes. 3. Try different USB port.,Corrupt USB driver; power management disabling port,9.4,Auto-Resolve
TKT-00267,Printer not printing – jobs stuck in queue,Hardware,Printer Issues,High,SEV2,Resolved,EMP10356,AGT-005,Mohammed Ali,AGT-005,Mohammed Ali,2023-04-15 22:49,1. Services.msc: stop Print Spooler. 2. Delete C:\Windows\System32\spool\PRINTERS\*. 3. Start Spooler. 4. Retry.,Print spooler service hung; corrupted print job blocking queue,4.3,Auto-Resolve
TKT-00268,Printer shows offline though powered on,Hardware,Printer Issues,Medium,SEV3,Pending,EMP10299,AGT-017,Kiran Babu,AGT-017,Kiran Babu,2024-08-20 17:49,1. Uncheck 'Use Printer Offline'. 2. Restart spooler. 3. Ping printer IP.,TCP/IP port IP mismatch after DHCP lease change,5.2,Auto-Resolve
TKT-00269,Database backup restore failed – cannot recover to point in time,Storage & Backup,Data Recovery,Medium,SEV3,Resolved,EMP10469,AGT-012,Meera Iyer,AGT-012,Meera Iyer,2024-03-12 20:01,1. Restore full backup (NORECOVERY). 2. Apply differentials. 3. Apply log backups. 4. RESTORE WITH RECOVERY.,Transaction log backup chain broken; LSN gap,23.2,Auto-Resolve
TKT-00270,Software license expired – trial expired message,Software Applications,Password & Licensing,Low,SEV4,In Progress,EMP10280,AGT-024,Nandini Kulkarni,AGT-024,Nandini Kulkarni,2023-06-29 06:08,1. Check with IT asset management. 2. Contact vendor for emergency extension.,Annual license not renewed; license server unreachable,57.5,Auto-Resolve
TKT-00271,Laptop keyboard keys dead,Hardware,Laptop Issues,Medium,SEV3,Resolved,EMP10302,AGT-005,Mohammed Ali,AGT-005,Mohammed Ali,2024-09-17 20:27,1. Reboot. 2. Test in BIOS. 3. Uninstall HID keyboard driver. 4. Reboot to reinstall.,Physical damage or spill; driver issue,3.4,Moderate
TKT-00272,AWS EC2 instance not reachable – SSH/RDP refused,Cloud & Servers,AWS,High,SEV2,Pending,EMP10415,AGT-015,Aditya Shah,AGT-015,Aditya Shah,2025-02-02 17:38,1. Use Session Manager: AWS Console > SSM > Start Session. 2. Fix SSH config from inside.,Security group missing inbound rule; instance stopped unexpectedly,10.3,Moderate
TKT-00273,Excel file opens as read-only and cannot be edited,Software Applications,Microsoft Office,Low,SEV4,Escalated,EMP10217,AGT-024,Nandini Kulkarni,AGT-024,Nandini Kulkarni,2024-10-02 10:45,1. Check share permissions: Write for user. 2. NTFS permissions > Security > add Modify.,File has Mark of the Web flag from download; network drive permission issue,30,Auto-Resolve
TKT-00274,Backup taking too long – missing SLA window,Storage & Backup,Backup Failures,Medium,SEV3,Closed,EMP10073,AGT-006,Deepa Nair,AGT-006,Deepa Nair,2025-03-24 22:03,1. Move repository to SSD-backed storage. 2. Add backup proxies. 3. Adjust to off-peak hours.,Backup chain grown too large; CBT corrupted on VM,20.1,Moderate
TKT-00275,AWS Lambda function timing out,Cloud & Servers,AWS,Medium,SEV3,Resolved,EMP10509,AGT-009,Arjun Patel,AGT-009,Arjun Patel,2024-08-02 18:02,1. Check VPC config: NAT Gateway for internet access. 2. Add NAT or use VPC endpoints.,Function exceeds timeout; downstream service latency,21.4,Moderate
TKT-00276,Software license expired – trial expired message,Software Applications,Password & Licensing,Low,SEV4,Closed,EMP10252,AGT-024,Nandini Kulkarni,AGT-024,Nandini Kulkarni,2024-01-13 18:31,1. Check license server reachable: telnet <server> <port>. 2. Restart license manager.,Annual license not renewed; license server unreachable,71.8,Auto-Resolve
TKT-00277,MFA prompt not received – cannot complete login,Security & Access,Multi-Factor Authentication,Low,SEV4,Closed,EMP10453,AGT-002,Priya Sharma,AGT-002,Priya Sharma,2023-04-22 04:34,1. Authenticator app > account > check time sync. 2. Enable auto time on Android. 3. Retry.,Authenticator app out of sync; phone number changed; MFA not registered,56.3,Auto-Resolve
TKT-00278,Employee cannot access shared drive – Access denied,Security & Access,Access Control,High,SEV2,Resolved,EMP10322,AGT-022,Swathi Gowda,AGT-022,Swathi Gowda,2023-05-20 18:06,1. Get-ADGroupMember. 2. Add-ADGroupMember -Identity group -Members username. 3. gpupdate /force.,User removed from AD security group during access review,2.7,Moderate
TKT-00279,SAP GUI session disconnected – transaction rolled back,Software Applications,ERP / SAP,Critical,SEV1,Resolved,EMP10502,AGT-010,Sunita Joshi,AGT-024,Nandini Kulkarni,2023-04-11 12:14,1. Admin: SM50 – check stuck work processes. 2. Cancel orphaned processes.,Network timeout exceeding SAP session timeout; high WAN latency,1.8,Human-Escalate
TKT-00280,Unauthorized device on corporate network,Security & Access,Security Incidents,Critical,SEV1,Closed,EMP10528,AGT-022,Swathi Gowda,AGT-008,Kavitha Menon,2024-09-08 03:55,1. Enable 802.1X on switches. 2. Configure RADIUS to reject uncertified devices.,Rogue device on open port; no 802.1X authentication,2.4,Human-Escalate
TKT-00281,Unable to connect to Wi-Fi – 'Can't connect to this network',Network,Wi-Fi Issues,Medium,SEV3,In Progress,EMP10184,AGT-001,Ravi Kumar,AGT-001,Ravi Kumar,2023-06-15 02:17,1. netsh int ip reset. 2. netsh winsock reset. 3. ipconfig /flushdns. 4. Reboot. 5. Reconnect.,Corrupted Wi-Fi profile in Windows,14.7,Auto-Resolve
TKT-00282,SSL certificate expired – application security warning,Security & Access,Certificate Issues,High,SEV2,Closed,EMP10387,AGT-022,Swathi Gowda,AGT-022,Swathi Gowda,2023-07-27 14:55,1. Generate CSR: openssl req -new. 2. Submit to CA. 3. Install cert. 4. Restart service.,Auto-renewal failed; not monitored for expiry,3.6,Moderate
TKT-00283,Backup taking too long – missing SLA window,Storage & Backup,Backup Failures,Low,SEV4,Escalated,EMP10378,AGT-025,Suresh Das,AGT-025,Suresh Das,2024-04-01 12:30,1. Schedule synthetic full backup weekly. 2. Enable synthetic full instead of active full.,Backup chain grown too large; CBT corrupted on VM,22.3,Auto-Resolve
TKT-00284,Laptop keyboard keys dead,Hardware,Laptop Issues,Medium,SEV3,Closed,EMP10222,AGT-023,Prakash Shetty,AGT-023,Prakash Shetty,2023-09-05 19:30,1. Scan hardware changes in Device Manager. 2. Update keyboard firmware. 3. Check BIOS keyboard settings.,Physical damage or spill; driver issue,2.8,Moderate
TKT-00285,Phishing email received – user clicked suspicious link,Security & Access,Security Incidents,High,SEV2,Escalated,EMP10093,AGT-022,Swathi Gowda,AGT-022,Swathi Gowda,2023-04-09 09:22,1. Run EDR scan immediately. 2. Isolate if infected. 3. Reimage if compromised. 4. File incident report.,Social engineering; credential-harvesting URL clicked,3,Moderate
TKT-00286,Database backup restore failed – cannot recover to point in time,Storage & Backup,Data Recovery,Low,SEV4,Closed,EMP10419,AGT-006,Deepa Nair,AGT-006,Deepa Nair,2024-02-09 23:23,1. Azure SQL: Point-in-Time Restore from Portal. 2. Restore to new database. 3. Swap connection string.,Transaction log backup chain broken; LSN gap,30.1,Auto-Resolve
TKT-00287,AWS EC2 instance not reachable – SSH/RDP refused,Cloud & Servers,AWS,Critical,SEV1,Escalated,EMP10311,AGT-021,Rajesh Nambiar,AGT-021,Rajesh Nambiar,2023-01-14 05:41,1. Use Session Manager: AWS Console > SSM > Start Session. 2. Fix SSH config from inside.,Security group missing inbound rule; instance stopped unexpectedly,2.2,Moderate
TKT-00288,Laptop screen flickering – random lines on display,Hardware,Laptop Issues,Low,SEV4,Resolved,EMP10226,AGT-023,Prakash Shetty,AGT-023,Prakash Shetty,2024-09-17 05:53,1. Update display driver. 2. Rollback if started after update. 3. Test with external monitor.,Loose display cable or failing GPU driver; LCD backlight fault,44.2,Auto-Resolve
TKT-00289,Laptop BSOD – crashes randomly,Hardware,Laptop Issues,Critical,SEV1,In Progress,EMP10552,AGT-023,Prakash Shetty,AGT-023,Prakash Shetty,2025-02-22 18:24,1. Run MemTest86. 2. If RAM errors: replace. 3. Check SSD health with CrystalDiskInfo.,"Faulty RAM, corrupted OS files, or incompatible driver",2.2,Human-Escalate
TKT-00290,Antivirus blocking legitimate application,Software Applications,Antivirus / Security Software,High,SEV2,In Progress,EMP10424,AGT-004,Sneha Reddy,AGT-004,Sneha Reddy,2024-03-27 11:32,1. Run application as administrator. 2. Check Windows Defender Firewall rules.,Heuristic false positive flagging application executable,10.3,Moderate
TKT-00291,Cannot access internal websites – browser shows server not found,Network,DNS Issues,High,SEV2,Resolved,EMP10154,AGT-018,Divya Pillai,AGT-018,Divya Pillai,2023-07-02 13:33,1. RDP to DNS server. 2. Restart DNS Server service. 3. Test nslookup. 4. ipconfig /flushdns on client.,Primary internal DNS server service crashed due to corrupted zone file,4.7,Auto-Resolve
TKT-00292,Azure AD Conditional Access blocking user login,Cloud & Servers,Azure,Critical,SEV1,In Progress,EMP10450,AGT-009,Arjun Patel,AGT-009,Arjun Patel,2023-10-08 04:48,1. Intune > Devices > check compliance. 2. Fix failing policy. 3. Sync in Company Portal.,Device not compliant in Intune; policy requires compliant device,2,Moderate
TKT-00293,Unable to post journal entry in SAP – Period not open error,Software Applications,ERP / SAP,Medium,SEV3,Resolved,EMP10529,AGT-010,Sunita Joshi,AGT-010,Sunita Joshi,2023-03-21 18:23,1. Request CFO approval to reopen. 2. Document business reason. 3. Use F-02 with alternative date.,Fiscal year period not opened in FI module,4.6,Auto-Resolve
TKT-00294,DNS resolution slow – 10-15 seconds to load pages,Network,DNS Issues,Low,SEV4,Resolved,EMP10348,AGT-018,Divya Pillai,AGT-018,Divya Pillai,2024-02-25 14:55,1. DNS Manager > Forwarders. 2. Remove unresponsive IPs. 3. Add 8.8.8.8 or 1.1.1.1. 4. Test resolution speed.,DNS forwarders unresponsive causing timeout delay,53.6,Auto-Resolve
TKT-00295,Windows Server services not starting after reboot,Cloud & Servers,Server OS,Low,SEV4,Closed,EMP10016,AGT-021,Rajesh Nambiar,AGT-021,Rajesh Nambiar,2024-05-18 15:08,1. Event Viewer > System. 2. Check service account password expiry. 3. Update in service properties.,Service dependency not met; service account password expired,15.1,Auto-Resolve
TKT-00296,Wi-Fi disconnects frequently – signal strong but keeps dropping,Network,Wi-Fi Issues,High,SEV2,Resolved,EMP10430,AGT-001,Ravi Kumar,AGT-001,Ravi Kumar,2024-02-18 03:56,1. Forget and rejoin Wi-Fi. 2. Assign static IP. 3. Change DNS to 8.8.8.8. 4. Disable Bluetooth if interfering.,Wi-Fi channel congestion; band-steering misconfiguration,7.3,Auto-Resolve
TKT-00297,USB device not recognized – 'Unknown device' in Device Manager,Hardware,USB/Peripheral,High,SEV2,Closed,EMP10156,AGT-023,Prakash Shetty,AGT-023,Prakash Shetty,2025-02-08 02:49,1. sfc /scannow. 2. USB troubleshooter. 3. Test on another PC. 4. Reinstall USB chipset driver.,Corrupt USB driver; power management disabling port,8.5,Moderate
TKT-00298,DNS resolution slow – 10-15 seconds to load pages,Network,DNS Issues,Low,SEV4,Pending,EMP10191,AGT-001,Ravi Kumar,AGT-001,Ravi Kumar,2024-06-04 22:06,1. Enable DNS caching: set TTL to 3600s. 2. Clear stale cache: dnscmd /clearcache. 3. Monitor with Resolve-DnsName.,DNS forwarders unresponsive causing timeout delay,65.5,Auto-Resolve
TKT-00299,Excel file opens as read-only and cannot be edited,Software Applications,Microsoft Office,Medium,SEV3,Pending,EMP10041,AGT-004,Sneha Reddy,AGT-004,Sneha Reddy,2024-12-17 12:17,"1. SharePoint: check out file first. 2. Or download local copy, edit, upload back.",File has Mark of the Web flag from download; network drive permission issue,13,Auto-Resolve
TKT-00300,AWS Lambda function timing out,Cloud & Servers,AWS,Critical,SEV1,Resolved,EMP10070,AGT-009,Arjun Patel,AGT-009,Arjun Patel,2024-11-15 01:48,1. Increase Lambda timeout in Configuration. 2. Check CloudWatch Logs for hang point.,Function exceeds timeout; downstream service latency,0.5,Moderate
TKT-00301,Desktop PC not booting – stuck at BIOS logo,Hardware,Desktop Issues,High,SEV2,Escalated,EMP10256,AGT-005,Mohammed Ali,AGT-005,Mohammed Ali,2023-08-19 21:05,1. Enter BIOS. 2. Verify boot order: SSD first. 3. If SSD not detected: reseat cable.,Corrupted boot sector after incomplete update,9.2,Moderate
TKT-00302,Laptop not turning on – no response on power button,Hardware,Laptop Issues,Low,SEV4,Escalated,EMP10013,AGT-023,Prakash Shetty,AGT-023,Prakash Shetty,2023-12-19 23:03,1. Remove battery. 2. Connect AC only. 3. Hold power 30s. 4. Reinsert battery. 5. Power on.,Battery drained; power adapter fault; or BIOS hang,46.1,Auto-Resolve
TKT-00303,Intermittent packet loss – 15-30% ping loss to gateway,Network,Network Outage,Medium,SEV3,Escalated,EMP10156,AGT-007,Rahul Singh,AGT-007,Rahul Singh,2024-06-01 05:05,1. Check broadcast storm: show interface. 2. Enable storm control: storm-control broadcast level 20. 3. Monitor.,Duplex mismatch between server NIC and switch port,7.9,Auto-Resolve
TKT-00304,Windows Server services not starting after reboot,Cloud & Servers,Server OS,High,SEV2,Closed,EMP10559,AGT-015,Aditya Shah,AGT-015,Aditya Shah,2024-10-05 18:25,1. sc delete <ServiceName>. 2. Reinstall application to re-register service.,Service dependency not met; service account password expired,6,Moderate
TKT-00305,Backup job failed – Veeam error,Storage & Backup,Backup Failures,Medium,SEV3,In Progress,EMP10133,AGT-012,Meera Iyer,AGT-012,Meera Iyer,2024-10-19 02:28,1. Check Veeam proxy disk space. 2. Clear Veeam cache. 3. Or add proxy. 4. Re-run job.,VSS snapshot failure; insufficient shadow storage; writer error,12.2,Auto-Resolve
TKT-00306,Intermittent packet loss – 15-30% ping loss to gateway,Network,Network Outage,Critical,SEV1,In Progress,EMP10353,AGT-013,Sanjay Gupta,AGT-013,Sanjay Gupta,2024-04-05 23:21,1. Run Wireshark on host. 2. Identify retransmission pattern. 3. Check CRC errors. 4. Replace cable.,Duplex mismatch between server NIC and switch port,1.4,Moderate
TKT-00307,Wi-Fi disconnects frequently – signal strong but keeps dropping,Network,Wi-Fi Issues,High,SEV2,Resolved,EMP10154,AGT-018,Divya Pillai,AGT-018,Divya Pillai,2024-01-10 04:05,1. Use Wi-Fi Analyzer. 2. Change AP to least congested channel. 3. Set 20MHz width on 2.4GHz.,Wi-Fi channel congestion; band-steering misconfiguration,3.7,Auto-Resolve
TKT-00308,USB device not recognized – 'Unknown device' in Device Manager,Hardware,USB/Peripheral,Low,SEV4,Closed,EMP10062,AGT-005,Mohammed Ali,AGT-005,Mohammed Ali,2024-05-07 23:39,1. PowerShell: Get-PnpDevice -Status Error | Disable-PnpDevice then re-enable.,Corrupt USB driver; power management disabling port,34.2,Auto-Resolve
TKT-00309,Desktop PC not booting – stuck at BIOS logo,Hardware,Desktop Issues,Medium,SEV3,Closed,EMP10322,AGT-023,Prakash Shetty,AGT-023,Prakash Shetty,2024-09-27 15:35,1. Boot to safe mode. 2. Uninstall recent Windows update. 3. Run startup repair.,Corrupted boot sector after incomplete update,5.2,Auto-Resolve
TKT-00310,Linux server disk 100% – applications failing,Cloud & Servers,Server OS,High,SEV2,Resolved,EMP10192,AGT-003,Ankit Verma,AGT-003,Ankit Verma,2025-03-05 23:12,1. docker system prune -af. 2. pip cache purge. 3. rm -rf /tmp/*. 4. Verify df -h.,Log files or core dumps consuming all space,4.2,Auto-Resolve
TKT-00311,Backup job failed – Veeam error,Storage & Backup,Backup Failures,Medium,SEV3,Escalated,EMP10080,AGT-012,Meera Iyer,AGT-012,Meera Iyer,2024-03-12 18:46,1. Check Veeam proxy disk space. 2. Clear Veeam cache. 3. Or add proxy. 4. Re-run job.,VSS snapshot failure; insufficient shadow storage; writer error,8.7,Auto-Resolve
TKT-00312,AWS Lambda function timing out,Cloud & Servers,AWS,High,SEV2,Pending,EMP10359,AGT-009,Arjun Patel,AGT-009,Arjun Patel,2023-10-05 23:02,1. Enable X-Ray tracing. 2. Identify slowest segment. 3. Initialize SDK outside handler.,Function exceeds timeout; downstream service latency,2.1,Auto-Resolve
TKT-00313,Disk I/O errors in application logs,Storage & Backup,RAID & Disk,Medium,SEV3,In Progress,EMP10003,AGT-012,Meera Iyer,AGT-012,Meera Iyer,2023-12-16 06:29,1. dmesg | grep -i error | grep sda. 2. Reseat SATA cable. 3. Try different SATA port.,Disk nearing end of life; cable/controller issue; filesystem errors,23.1,Auto-Resolve
TKT-00314,MFA prompt not received – cannot complete login,Security & Access,Multi-Factor Authentication,Low,SEV4,Pending,EMP10349,AGT-022,Swathi Gowda,AGT-022,Swathi Gowda,2023-08-28 16:37,1. Authenticator app > account > check time sync. 2. Enable auto time on Android. 3. Retry.,Authenticator app out of sync; phone number changed; MFA not registered,57.4,Auto-Resolve
TKT-00315,Laptop screen flickering – random lines on display,Hardware,Laptop Issues,Low,SEV4,Resolved,EMP10111,AGT-005,Mohammed Ali,AGT-005,Mohammed Ali,2024-10-17 08:49,1. Update display driver. 2. Rollback if started after update. 3. Test with external monitor.,Loose display cable or failing GPU driver; LCD backlight fault,40.4,Auto-Resolve
TKT-00316,USB device not recognized – 'Unknown device' in Device Manager,Hardware,USB/Peripheral,High,SEV2,Closed,EMP10462,AGT-023,Prakash Shetty,AGT-023,Prakash Shetty,2023-05-02 17:48,1. sfc /scannow. 2. USB troubleshooter. 3. Test on another PC. 4. Reinstall USB chipset driver.,Corrupt USB driver; power management disabling port,5.6,Auto-Resolve
TKT-00317,Ransomware detected on workstation,Security & Access,Security Incidents,High,SEV2,In Progress,EMP10044,AGT-022,Swathi Gowda,AGT-022,Swathi Gowda,2024-05-27 17:53,1. Block C2 IPs at firewall. 2. Check lateral movement via SMB. 3. Reset all affected credentials.,User ran malicious attachment; files encrypted on local and mapped drives,8.3,Moderate
TKT-00318,Linux server disk 100% – applications failing,Cloud & Servers,Server OS,Medium,SEV3,Resolved,EMP10167,AGT-009,Arjun Patel,AGT-009,Arjun Patel,2023-07-02 07:49,1. lvextend -L +20G /dev/mapper/vg-lv. 2. resize2fs or xfs_growfs. 3. df -h.,Log files or core dumps consuming all space,21,Auto-Resolve
TKT-00319,Azure Storage blob upload failing,Cloud & Servers,Azure,Low,SEV4,Resolved,EMP10225,AGT-009,Arjun Patel,AGT-009,Arjun Patel,2024-07-09 09:11,1. Regenerate SAS token with longer expiry. 2. Update app config. 3. Verify permissions.,Storage firewall blocking app IP; SAS token expired,37.3,Auto-Resolve
TKT-00320,MFA prompt not received – cannot complete login,Security & Access,Multi-Factor Authentication,Low,SEV4,In Progress,EMP10029,AGT-014,Lakshmi Rao,AGT-014,Lakshmi Rao,2023-07-19 08:06,1. Admin: provide backup code via alternate method. 2. User uses code. 3. Re-register authenticator.,Authenticator app out of sync; phone number changed; MFA not registered,11.1,Auto-Resolve
TKT-00321,SSL certificate expired – application security warning,Security & Access,Certificate Issues,Critical,SEV1,Pending,EMP10241,AGT-014,Lakshmi Rao,AGT-014,Lakshmi Rao,2023-09-14 03:12,1. certmgr.msc. 2. Request new cert from PKI. 3. Bind to IIS. 4. Test HTTPS.,Auto-renewal failed; not monitored for expiry,3,Human-Escalate
TKT-00322,VPN drops connection every 10-15 minutes intermittently,Network,VPN Connectivity,Medium,SEV3,Pending,EMP10063,AGT-013,Sanjay Gupta,AGT-013,Sanjay Gupta,2024-08-31 03:52,"1. In AnyConnect preferences, disable 'Local LAN Access'. 2. Set MTU to 1350. 3. Test over 30 minutes.",DPD timeout mismatch between client and ASA firewall,8.4,Moderate
TKT-00323,Application blocked by proxy – 'Access denied',Network,Firewall & Proxy,Low,SEV4,Closed,EMP10147,AGT-018,Divya Pillai,AGT-018,Divya Pillai,2024-10-27 05:25,1. Add destination IP to firewall allow rule. 2. Verify proxy bypass list includes IP. 3. Test.,Proxy URL filter miscategorized site as Social Media,35,Auto-Resolve
TKT-00324,NAS drive full – employees cannot save files,Storage & Backup,Storage Performance,High,SEV2,Escalated,EMP10129,AGT-019,Nikhil Tiwari,AGT-019,Nikhil Tiwari,2024-07-22 12:53,1. FSRM > Quota Management > create template. 2. Apply 5GB soft + 10GB hard quota.,Disk quota not enforced; stale files consuming space,11.2,Moderate
TKT-00325,IP address conflict – 'Another computer has same IP',Network,IP/DHCP,High,SEV2,Pending,EMP10586,AGT-013,Sanjay Gupta,AGT-013,Sanjay Gupta,2023-01-12 12:53,1. Identify conflict via DHCP logs. 2. Remove static IP. 3. Delete duplicate reservation. 4. arp -d *.,Static IP conflicts with DHCP pool; duplicate reservation,5.7,Auto-Resolve
TKT-00326,AWS Lambda function timing out,Cloud & Servers,AWS,High,SEV2,Escalated,EMP10401,AGT-009,Arjun Patel,AGT-009,Arjun Patel,2023-06-07 10:36,1. Increase Lambda timeout in Configuration. 2. Check CloudWatch Logs for hang point.,Function exceeds timeout; downstream service latency,7.9,Moderate
TKT-00327,AWS Lambda function timing out,Cloud & Servers,AWS,High,SEV2,Resolved,EMP10113,AGT-015,Aditya Shah,AGT-015,Aditya Shah,2023-10-29 01:23,1. Enable X-Ray tracing. 2. Identify slowest segment. 3. Initialize SDK outside handler.,Function exceeds timeout; downstream service latency,10.9,Moderate
TKT-00328,AWS S3 bucket access denied to application,Cloud & Servers,AWS,Critical,SEV1,Resolved,EMP10370,AGT-009,Arjun Patel,AGT-009,Arjun Patel,2023-05-30 10:29,1. Check S3 bucket policy. 2. If explicit Deny: add allow for IAM role ARN. 3. Test from EC2.,IAM role lacks s3:GetObject; bucket policy denies,3.6,Human-Escalate
TKT-00329,PowerPoint not displaying correctly on projector,Software Applications,Microsoft Office,High,SEV2,Resolved,EMP10387,AGT-020,Asha Bhat,AGT-020,Asha Bhat,2024-10-10 09:15,1. Save as PDF and present from Acrobat. 2. Check embedded fonts: File > Options > Save.,Resolution mismatch; display scaling issues,3.8,Auto-Resolve
TKT-00330,Printer not printing – jobs stuck in queue,Hardware,Printer Issues,High,SEV2,Pending,EMP10191,AGT-011,Vijay Krishnan,AGT-011,Vijay Krishnan,2024-05-13 05:32,1. PowerShell: Stop-Service Spooler. 2. Remove spool files. 3. Start-Service Spooler. 4. Test print.,Print spooler service hung; corrupted print job blocking queue,11.4,Auto-Resolve
TKT-00331,Windows Server services not starting after reboot,Cloud & Servers,Server OS,Medium,SEV3,Resolved,EMP10027,AGT-021,Rajesh Nambiar,AGT-021,Rajesh Nambiar,2024-06-04 07:07,1. Process Monitor to capture failure. 2. Check ACCESS DENIED events on config/registry. 3. Fix ACL.,Service dependency not met; service account password expired,23.7,Auto-Resolve
TKT-00332,RAID array showing degraded – one disk failed,Storage & Backup,RAID & Disk,Medium,SEV3,Closed,EMP10103,AGT-012,Meera Iyer,AGT-012,Meera Iyer,2024-03-11 16:47,1. mdadm --detail /dev/md0. 2. mdadm /dev/md0 --add /dev/sdX. 3. Watch /proc/mdstat.,Single disk failure in RAID-5/6; SMART alert,2.5,Auto-Resolve
TKT-00333,Application blocked by proxy – 'Access denied',Network,Firewall & Proxy,Critical,SEV1,Closed,EMP10110,AGT-018,Divya Pillai,AGT-001,Ravi Kumar,2024-06-26 23:17,1. Submit URL recategorization via proxy admin portal. 2. Provide business justification. 3. Add to whitelist.,Proxy URL filter miscategorized site as Social Media,2.4,Human-Escalate
TKT-00334,SAP GUI session disconnected – transaction rolled back,Software Applications,ERP / SAP,High,SEV2,Resolved,EMP10186,AGT-004,Sneha Reddy,AGT-004,Sneha Reddy,2024-05-31 22:30,1. Reconnect to SAP GUI. 2. Check if auto-saved. 3. Admin: increase timeout in RZ11.,Network timeout exceeding SAP session timeout; high WAN latency,5,Moderate
TKT-00335,Linux server disk 100% – applications failing,Cloud & Servers,Server OS,Medium,SEV3,Resolved,EMP10583,AGT-015,Aditya Shah,AGT-015,Aditya Shah,2023-10-03 21:16,1. docker system prune -af. 2. pip cache purge. 3. rm -rf /tmp/*. 4. Verify df -h.,Log files or core dumps consuming all space,19.2,Auto-Resolve
TKT-00336,Azure AD Conditional Access blocking user login,Cloud & Servers,Azure,Medium,SEV3,Pending,EMP10082,AGT-003,Ankit Verma,AGT-003,Ankit Verma,2024-04-28 22:53,1. Admin: temporary CA exclusion for user (24-hour limit). 2. Investigate root cause.,Device not compliant in Intune; policy requires compliant device,5.1,Auto-Resolve
TKT-00337,IP address conflict – 'Another computer has same IP',Network,IP/DHCP,Critical,SEV1,In Progress,EMP10277,AGT-018,Divya Pillai,AGT-018,Divya Pillai,2023-04-24 01:19,1. arp -a to find conflicting MAC. 2. Track via switch MAC table. 3. Change device to DHCP.,Static IP conflicts with DHCP pool; duplicate reservation,0.8,Moderate
TKT-00338,Monitor no signal after sleep/hibernate,Hardware,Monitor Issues,Medium,SEV3,Escalated,EMP10007,AGT-017,Kiran Babu,AGT-017,Kiran Babu,2023-08-27 18:51,1. Disable hybrid sleep: Power Options > advanced. 2. Disable fast startup.,GPU not resuming signal; monitor standby not recovering,21.3,Auto-Resolve
TKT-00339,Azure VM not starting – allocation failure,Cloud & Servers,Azure,High,SEV2,In Progress,EMP10121,AGT-021,Rajesh Nambiar,AGT-021,Rajesh Nambiar,2024-03-04 17:45,1. Change VM size to available SKU: VM > Size. 2. Or redeploy to different zone.,Azure region capacity constraint; VM size unavailable,3.8,Moderate
TKT-00340,Intermittent packet loss – 15-30% ping loss to gateway,Network,Network Outage,Low,SEV4,Pending,EMP10293,AGT-013,Sanjay Gupta,AGT-013,Sanjay Gupta,2024-06-12 20:03,1. show interface on switch – check CRC errors. 2. Set full-duplex. 3. Set server NIC to match. 4. Monitor.,Duplex mismatch between server NIC and switch port,16.9,Auto-Resolve
TKT-00341,VMware vMotion failing between ESXi hosts,Cloud & Servers,VMware,High,SEV2,Resolved,EMP10045,AGT-009,Arjun Patel,AGT-009,Arjun Patel,2023-03-06 22:49,1. Verify vMotion VMkernel adapter on both hosts. 2. Same vMotion network/VLAN.,Incompatible CPU feature sets; vMotion network not configured,11.4,Moderate
TKT-00342,Software license expired – trial expired message,Software Applications,Password & Licensing,High,SEV2,In Progress,EMP10078,AGT-020,Asha Bhat,AGT-020,Asha Bhat,2023-09-21 15:51,1. Check license server reachable: telnet <server> <port>. 2. Restart license manager.,Annual license not renewed; license server unreachable,4.2,Moderate
TKT-00343,SAP GUI session disconnected – transaction rolled back,Software Applications,ERP / SAP,Low,SEV4,Pending,EMP10272,AGT-010,Sunita Joshi,AGT-010,Sunita Joshi,2024-10-16 03:17,1. SAP GUI: Extras > Options > Network > adjust speed. 2. Enable compression.,Network timeout exceeding SAP session timeout; high WAN latency,63.6,Auto-Resolve
TKT-00344,SAN storage performance degraded – high LUN latency,Storage & Backup,Storage Performance,Low,SEV4,Resolved,EMP10346,AGT-025,Suresh Das,AGT-025,Suresh Das,2025-01-14 12:19,1. Check HBA queue depth. 2. Increase to 128: edit modprobe.d config. 3. Reboot.,RAID rebuild consuming I/O; HBA queue depth too low,70.9,Auto-Resolve
TKT-00345,Desktop PC not booting – stuck at BIOS logo,Hardware,Desktop Issues,Critical,SEV1,Closed,EMP10019,AGT-005,Mohammed Ali,AGT-005,Mohammed Ali,2025-03-23 13:31,1. Remove recently added hardware. 2. Boot with only essentials. 3. Re-add components one by one.,Corrupted boot sector after incomplete update,1.6,Moderate
TKT-00346,Azure VM not starting – allocation failure,Cloud & Servers,Azure,Medium,SEV3,Closed,EMP10139,AGT-021,Rajesh Nambiar,AGT-021,Rajesh Nambiar,2023-11-30 15:29,1. Deallocate: az vm deallocate. 2. Start: az vm start. 3. Retry allocation.,Azure region capacity constraint; VM size unavailable,23.4,Moderate
TKT-00347,Software license expired – trial expired message,Software Applications,Password & Licensing,Medium,SEV3,Escalated,EMP10284,AGT-010,Sunita Joshi,AGT-010,Sunita Joshi,2024-08-10 15:13,1. Check with IT asset management. 2. Contact vendor for emergency extension.,Annual license not renewed; license server unreachable,18.7,Auto-Resolve
TKT-00348,VPN drops connection every 10-15 minutes intermittently,Network,VPN Connectivity,Critical,SEV1,Escalated,EMP10383,AGT-018,Divya Pillai,AGT-001,Ravi Kumar,2024-09-05 23:23,1. Update NIC drivers. 2. Disable Energy Efficient Ethernet. 3. Disable IPv6 on VPN adapter. 4. Reconnect.,DPD timeout mismatch between client and ASA firewall,2.5,Human-Escalate
TKT-00349,Cloud backup to Azure Blob failing – auth error,Storage & Backup,Backup Failures,Low,SEV4,Resolved,EMP10330,AGT-025,Suresh Das,AGT-025,Suresh Das,2024-06-04 05:44,1. Verify Azure subscription active. 2. Check storage quota limits. 3. Check Service Health.,Storage account access key rotated but not updated,43.3,Auto-Resolve
TKT-00350,User receiving Access Denied on SharePoint site,Security & Access,Access Control,Critical,SEV1,Escalated,EMP10344,AGT-014,Lakshmi Rao,AGT-014,Lakshmi Rao,2024-06-28 20:22,1. Admin: Site Settings > People and Groups. 2. Add user to Members group.,User not in site members group; permissions inheritance broken,3.8,Moderate
TKT-00351,SAN storage performance degraded – high LUN latency,Storage & Backup,Storage Performance,Medium,SEV3,Pending,EMP10598,AGT-012,Meera Iyer,AGT-012,Meera Iyer,2024-05-24 00:05,1. Enable storage tiering. 2. Migrate hot data to SSD tier.,RAID rebuild consuming I/O; HBA queue depth too low,22.8,Auto-Resolve
TKT-00352,Desktop PC not booting – stuck at BIOS logo,Hardware,Desktop Issues,Critical,SEV1,Escalated,EMP10058,AGT-011,Vijay Krishnan,AGT-011,Vijay Krishnan,2024-11-25 04:24,1. Boot to safe mode. 2. Uninstall recent Windows update. 3. Run startup repair.,Corrupted boot sector after incomplete update,3.8,Moderate
TKT-00353,Antivirus blocking legitimate application,Software Applications,Antivirus / Security Software,Medium,SEV3,Closed,EMP10274,AGT-016,Pooja Mehta,AGT-016,Pooja Mehta,2023-05-16 11:46,1. Run application as administrator. 2. Check Windows Defender Firewall rules.,Heuristic false positive flagging application executable,7.8,Auto-Resolve
TKT-00354,Monitor no signal after sleep/hibernate,Hardware,Monitor Issues,Critical,SEV1,Resolved,EMP10122,AGT-017,Kiran Babu,AGT-017,Kiran Babu,2024-12-12 06:29,1. Update GPU driver. 2. Disable deep sleep for GPU in Device Manager.,GPU not resuming signal; monitor standby not recovering,2.2,Moderate
TKT-00355,Ransomware detected on workstation,Security & Access,Security Incidents,Medium,SEV3,In Progress,EMP10134,AGT-002,Priya Sharma,AGT-002,Priya Sharma,2025-02-06 21:29,1. Isolate: pull network cable. 2. Do NOT reboot. 3. Alert CISO. 4. Restore from clean backup. 5. Reimage.,User ran malicious attachment; files encrypted on local and mapped drives,16.5,Moderate
TKT-00356,Cannot access internal websites – browser shows server not found,Network,DNS Issues,Medium,SEV3,Closed,EMP10580,AGT-007,Rahul Singh,AGT-007,Rahul Singh,2024-05-12 14:21,1. Check zone: dnscmd /zoneinfo. 2. Restore from backup. 3. Force replication: repadmin /syncall.,Primary internal DNS server service crashed due to corrupted zone file,15.6,Moderate
TKT-00357,Unable to post journal entry in SAP – Period not open error,Software Applications,ERP / SAP,Low,SEV4,Pending,EMP10280,AGT-024,Nandini Kulkarni,AGT-024,Nandini Kulkarni,2023-05-06 07:53,1. Check OB52 variant matches company code. 2. Verify From/To Period range. 3. Check account type.,Fiscal year period not opened in FI module,32.9,Auto-Resolve
TKT-00358,Printer shows offline though powered on,Hardware,Printer Issues,Critical,SEV1,Pending,EMP10245,AGT-017,Kiran Babu,AGT-017,Kiran Babu,2023-04-07 05:32,1. Uncheck 'Use Printer Offline'. 2. Restart spooler. 3. Ping printer IP.,TCP/IP port IP mismatch after DHCP lease change,3.7,Moderate
TKT-00359,USB device not recognized – 'Unknown device' in Device Manager,Hardware,USB/Peripheral,Medium,SEV3,Pending,EMP10581,AGT-017,Kiran Babu,AGT-017,Kiran Babu,2024-11-02 20:50,1. sfc /scannow. 2. USB troubleshooter. 3. Test on another PC. 4. Reinstall USB chipset driver.,Corrupt USB driver; power management disabling port,9.2,Auto-Resolve
TKT-00360,Backup taking too long – missing SLA window,Storage & Backup,Backup Failures,Medium,SEV3,Pending,EMP10448,AGT-006,Deepa Nair,AGT-006,Deepa Nair,2024-01-26 00:31,1. Check proxy bandwidth. 2. Enable WAN accelerator. 3. Enable inline dedup and compression.,Backup chain grown too large; CBT corrupted on VM,11.6,Auto-Resolve
TKT-00361,Microsoft Word crashes when opening documents,Software Applications,Microsoft Office,High,SEV2,Resolved,EMP10161,AGT-004,Sneha Reddy,AGT-004,Sneha Reddy,2023-09-28 21:05,1. Rename Normal.dotm to Normal.old in AppData\Roaming\Microsoft\Templates. 2. Restart Word.,Corrupted Normal.dotm template or conflicting COM add-in,2.7,Auto-Resolve
TKT-00362,Printer shows offline though powered on,Hardware,Printer Issues,Critical,SEV1,In Progress,EMP10283,AGT-017,Kiran Babu,AGT-017,Kiran Babu,2024-05-21 10:11,1. Assign static IP via printer web interface. 2. Set outside DHCP range. 3. Update port on all PCs.,TCP/IP port IP mismatch after DHCP lease change,2.2,Human-Escalate
TKT-00363,ESXi host showing Not Responding in vCenter,Cloud & Servers,VMware,High,SEV2,In Progress,EMP10220,AGT-021,Rajesh Nambiar,AGT-021,Rajesh Nambiar,2025-03-01 02:55,1. Access DCUI directly. 2. Ping management IP. 3. If unreachable: check physical console.,Management NIC down; DCUI locked; PSOD,9.6,Moderate
TKT-00364,Desktop PC not booting – stuck at BIOS logo,Hardware,Desktop Issues,Low,SEV4,Escalated,EMP10512,AGT-011,Vijay Krishnan,AGT-011,Vijay Krishnan,2023-10-30 04:12,1. Boot to safe mode. 2. Uninstall recent Windows update. 3. Run startup repair.,Corrupted boot sector after incomplete update,26.4,Auto-Resolve
TKT-00365,Intermittent packet loss – 15-30% ping loss to gateway,Network,Network Outage,Critical,SEV1,Resolved,EMP10411,AGT-018,Divya Pillai,AGT-018,Divya Pillai,2023-03-07 08:14,1. Run Wireshark on host. 2. Identify retransmission pattern. 3. Check CRC errors. 4. Replace cable.,Duplex mismatch between server NIC and switch port,1.8,Moderate
TKT-00366,MFA prompt not received – cannot complete login,Security & Access,Multi-Factor Authentication,Critical,SEV1,Resolved,EMP10105,AGT-008,Kavitha Menon,AGT-008,Kavitha Menon,2024-11-04 08:41,1. Authenticator app > account > check time sync. 2. Enable auto time on Android. 3. Retry.,Authenticator app out of sync; phone number changed; MFA not registered,2.7,Human-Escalate
TKT-00367,Monitor no signal after sleep/hibernate,Hardware,Monitor Issues,High,SEV2,Escalated,EMP10013,AGT-011,Vijay Krishnan,AGT-011,Vijay Krishnan,2023-03-15 13:15,1. Press key or mouse. 2. Press monitor power. 3. Check display cable. 4. Switch monitor input.,GPU not resuming signal; monitor standby not recovering,6,Moderate
TKT-00368,User cannot login to web application – SSO not working,Security & Access,Password Reset,Medium,SEV3,Resolved,EMP10519,AGT-014,Lakshmi Rao,AGT-014,Lakshmi Rao,2024-01-03 20:29,1. Admin: check IdP app assignment. 2. Verify user in assigned group. 3. Re-assign if missing.,SAML token expired or IdP metadata outdated,11.9,Auto-Resolve
TKT-00369,SSL certificate expired – application security warning,Security & Access,Certificate Issues,Critical,SEV1,Resolved,EMP10550,AGT-002,Priya Sharma,AGT-002,Priya Sharma,2024-12-22 06:13,1. Update cert on load balancer. 2. Upload new PEM. 3. Update virtual server profile. 4. Test.,Auto-renewal failed; not monitored for expiry,1.5,Moderate
TKT-00370,Intermittent packet loss – 15-30% ping loss to gateway,Network,Network Outage,High,SEV2,Closed,EMP10503,AGT-001,Ravi Kumar,AGT-001,Ravi Kumar,2023-04-06 02:31,1. Check broadcast storm: show interface. 2. Enable storm control: storm-control broadcast level 20. 3. Monitor.,Duplex mismatch between server NIC and switch port,10.3,Moderate
TKT-00371,Azure Storage blob upload failing,Cloud & Servers,Azure,Low,SEV4,Resolved,EMP10270,AGT-021,Rajesh Nambiar,AGT-021,Rajesh Nambiar,2024-09-25 01:34,1. Managed Identity: assign Storage Blob Data Contributor role. 2. az role assignment create.,Storage firewall blocking app IP; SAS token expired,51.4,Auto-Resolve
TKT-00372,Cannot access internal websites – browser shows server not found,Network,DNS Issues,Critical,SEV1,Pending,EMP10594,AGT-007,Rahul Singh,AGT-007,Rahul Singh,2024-02-20 03:13,1. Temporarily point workstation to secondary DNS. 2. Notify team to fix primary. 3. Revert after fix.,Primary internal DNS server service crashed due to corrupted zone file,3.3,Moderate
TKT-00373,Intermittent packet loss – 15-30% ping loss to gateway,Network,Network Outage,Medium,SEV3,Resolved,EMP10109,AGT-013,Sanjay Gupta,AGT-013,Sanjay Gupta,2023-01-27 09:43,1. show interface on switch – check CRC errors. 2. Set full-duplex. 3. Set server NIC to match. 4. Monitor.,Duplex mismatch between server NIC and switch port,23.6,Auto-Resolve
TKT-00374,Laptop not turning on – no response on power button,Hardware,Laptop Issues,Medium,SEV3,Escalated,EMP10549,AGT-023,Prakash Shetty,AGT-023,Prakash Shetty,2025-02-10 09:10,"1. Drain residual: disconnect AC, remove battery, hold power 30s. 2. Reconnect AC only. 3. Power on.",Battery drained; power adapter fault; or BIOS hang,6.4,Auto-Resolve
TKT-00375,Backup taking too long – missing SLA window,Storage & Backup,Backup Failures,High,SEV2,Resolved,EMP10222,AGT-006,Deepa Nair,AGT-006,Deepa Nair,2024-12-12 02:04,1. Schedule synthetic full backup weekly. 2. Enable synthetic full instead of active full.,Backup chain grown too large; CBT corrupted on VM,11.7,Moderate
TKT-00376,MFA prompt not received – cannot complete login,Security & Access,Multi-Factor Authentication,Critical,SEV1,Resolved,EMP10144,AGT-022,Swathi Gowda,AGT-008,Kavitha Menon,2023-06-20 06:28,1. Authenticator app > account > check time sync. 2. Enable auto time on Android. 3. Retry.,Authenticator app out of sync; phone number changed; MFA not registered,3.5,Human-Escalate
TKT-00377,Application blocked by proxy – 'Access denied',Network,Firewall & Proxy,Low,SEV4,Closed,EMP10107,AGT-007,Rahul Singh,AGT-007,Rahul Singh,2023-04-22 10:36,1. Admin: create custom URL category. 2. Add to bypass list for AD group. 3. Push policy update.,Proxy URL filter miscategorized site as Social Media,69.4,Auto-Resolve
TKT-00378,User locked out of Windows login – forgot password,Security & Access,Password Reset,High,SEV2,Closed,EMP10437,AGT-002,Priya Sharma,AGT-002,Priya Sharma,2023-07-29 04:05,1. Unlock-ADAccount -Identity username. 2. Force reset. 3. Set ChangePasswordAtLogon=$true.,Too many failed attempts triggered lockout policy,2.9,Moderate
TKT-00379,Laptop keyboard keys dead,Hardware,Laptop Issues,High,SEV2,Resolved,EMP10386,AGT-005,Mohammed Ali,AGT-005,Mohammed Ali,2024-07-08 11:40,1. Reboot. 2. Test in BIOS. 3. Uninstall HID keyboard driver. 4. Reboot to reinstall.,Physical damage or spill; driver issue,10.2,Moderate
TKT-00380,USB device not recognized – 'Unknown device' in Device Manager,Hardware,USB/Peripheral,Critical,SEV1,Resolved,EMP10389,AGT-005,Mohammed Ali,AGT-005,Mohammed Ali,2024-09-20 19:21,1. Uninstall Unknown Device. 2. Scan for hardware changes. 3. Try different USB port.,Corrupt USB driver; power management disabling port,1,Moderate
TKT-00381,Laptop keyboard keys dead,Hardware,Laptop Issues,Medium,SEV3,Escalated,EMP10163,AGT-023,Prakash Shetty,AGT-023,Prakash Shetty,2025-02-12 14:39,1. Run keyboard diagnostics via manufacturer tool. 2. If hardware fail: raise replacement ticket.,Physical damage or spill; driver issue,19.9,Moderate
TKT-00382,Accidentally deleted important file,Storage & Backup,Data Recovery,Low,SEV4,Pending,EMP10052,AGT-019,Nikhil Tiwari,AGT-019,Nikhil Tiwari,2023-02-19 14:18,1. Enable Windows Server shadow copies on file server volumes. 2. Check OneDrive version history.,File deleted from share; shadow copy not configured,6.7,Auto-Resolve
TKT-00383,VMware vMotion failing between ESXi hosts,Cloud & Servers,VMware,High,SEV2,Escalated,EMP10260,AGT-021,Rajesh Nambiar,AGT-021,Rajesh Nambiar,2023-02-12 10:59,1. Check vMotion bandwidth: min 1Gbps. 2. Verify no firewall blocking TCP 8000/902.,Incompatible CPU feature sets; vMotion network not configured,4.4,Auto-Resolve
TKT-00384,Antivirus blocking legitimate application,Software Applications,Antivirus / Security Software,Low,SEV4,Closed,EMP10185,AGT-016,Pooja Mehta,AGT-016,Pooja Mehta,2024-04-17 21:47,1. Upload to VirusTotal.com to verify false positive. 2. Submit to AV vendor. 3. Exclude temporarily.,Heuristic false positive flagging application executable,20.4,Auto-Resolve
TKT-00385,Azure VM not starting – allocation failure,Cloud & Servers,Azure,Low,SEV4,Escalated,EMP10142,AGT-009,Arjun Patel,AGT-009,Arjun Patel,2024-04-17 09:49,1. Deallocate: az vm deallocate. 2. Start: az vm start. 3. Retry allocation.,Azure region capacity constraint; VM size unavailable,30,Auto-Resolve
TKT-00386,Ransomware detected on workstation,Security & Access,Security Incidents,Critical,SEV1,Closed,EMP10019,AGT-022,Swathi Gowda,AGT-022,Swathi Gowda,2023-02-26 00:49,1. EDR quarantine device. 2. Identify strain from file extension. 3. Check NoMoreRansom.org for decryptor.,User ran malicious attachment; files encrypted on local and mapped drives,3.2,Moderate
TKT-00387,Azure VM not starting – allocation failure,Cloud & Servers,Azure,Low,SEV4,Resolved,EMP10060,AGT-009,Arjun Patel,AGT-009,Arjun Patel,2023-05-19 16:56,1. Check Azure Service Health for outages. 2. Failover to paired region via ASR.,Azure region capacity constraint; VM size unavailable,42.7,Auto-Resolve
TKT-00388,SAP GUI session disconnected – transaction rolled back,Software Applications,ERP / SAP,Low,SEV4,Closed,EMP10587,AGT-010,Sunita Joshi,AGT-010,Sunita Joshi,2024-11-03 04:05,1. Admin: SM50 – check stuck work processes. 2. Cancel orphaned processes.,Network timeout exceeding SAP session timeout; high WAN latency,53.6,Auto-Resolve
TKT-00389,Monitor no signal after sleep/hibernate,Hardware,Monitor Issues,Medium,SEV3,Pending,EMP10048,AGT-005,Mohammed Ali,AGT-005,Mohammed Ali,2023-12-12 17:36,1. Disable hybrid sleep: Power Options > advanced. 2. Disable fast startup.,GPU not resuming signal; monitor standby not recovering,4.9,Auto-Resolve
TKT-00390,Accidentally deleted important file,Storage & Backup,Data Recovery,High,SEV2,In Progress,EMP10280,AGT-006,Deepa Nair,AGT-006,Deepa Nair,2023-11-25 06:12,1. If local: Recuva or Disk Drill scan. 2. Do not write to disk before recovery.,File deleted from share; shadow copy not configured,4.2,Moderate
TKT-00391,Complete network outage – entire floor offline,Network,Network Outage,Critical,SEV1,Escalated,EMP10429,AGT-013,Sanjay Gupta,AGT-001,Ravi Kumar,2024-03-24 15:23,1. Log into switch management IP. 2. show log for errors. 3. Power-cycle switch (maintenance). 4. Verify uplink.,Core switch uplink SFP module failure,3.3,Human-Escalate
TKT-00392,User cannot login to web application – SSO not working,Security & Access,Password Reset,Low,SEV4,Closed,EMP10337,AGT-008,Kavitha Menon,AGT-008,Kavitha Menon,2023-01-01 08:48,1. Admin: check IdP app assignment. 2. Verify user in assigned group. 3. Re-assign if missing.,SAML token expired or IdP metadata outdated,31.7,Auto-Resolve
TKT-00393,Cloud backup to Azure Blob failing – auth error,Storage & Backup,Backup Failures,Critical,SEV1,Escalated,EMP10244,AGT-025,Suresh Das,AGT-025,Suresh Das,2024-10-26 15:59,1. Copy new key from Azure Portal. 2. Update in backup software. 3. Test connection. 4. Re-run.,Storage account access key rotated but not updated,2.5,Human-Escalate
TKT-00394,Windows Server services not starting after reboot,Cloud & Servers,Server OS,Low,SEV4,Resolved,EMP10062,AGT-021,Rajesh Nambiar,AGT-021,Rajesh Nambiar,2023-09-24 22:34,1. Services.msc > failing service > Dependencies. 2. Start dependencies manually.,Service dependency not met; service account password expired,12.2,Auto-Resolve
TKT-00395,MFA prompt not received – cannot complete login,Security & Access,Multi-Factor Authentication,Medium,SEV3,Resolved,EMP10340,AGT-008,Kavitha Menon,AGT-008,Kavitha Menon,2023-12-09 09:07,1. Admin: set MFA to SMS temporarily. 2. User receives SMS code. 3. Login and update authenticator.,Authenticator app out of sync; phone number changed; MFA not registered,4.1,Moderate
TKT-00396,Software license expired – trial expired message,Software Applications,Password & Licensing,Medium,SEV3,Closed,EMP10292,AGT-016,Pooja Mehta,AGT-016,Pooja Mehta,2023-08-30 23:37,1. Raise purchase request. 2. Borrow license from another department temporarily.,Annual license not renewed; license server unreachable,14.4,Auto-Resolve
TKT-00397,MFA prompt not received – cannot complete login,Security & Access,Multi-Factor Authentication,Medium,SEV3,Resolved,EMP10329,AGT-002,Priya Sharma,AGT-002,Priya Sharma,2023-03-02 15:51,1. Admin: Azure AD > Authentication methods > disable MFA temporarily. 2. User re-registers at aka.ms/mfasetup.,Authenticator app out of sync; phone number changed; MFA not registered,20.6,Moderate
TKT-00398,Monitor no signal after sleep/hibernate,Hardware,Monitor Issues,Low,SEV4,Closed,EMP10165,AGT-011,Vijay Krishnan,AGT-011,Vijay Krishnan,2023-09-19 09:05,1. Press key or mouse. 2. Press monitor power. 3. Check display cable. 4. Switch monitor input.,GPU not resuming signal; monitor standby not recovering,67.7,Auto-Resolve
TKT-00399,USB device not recognized – 'Unknown device' in Device Manager,Hardware,USB/Peripheral,Medium,SEV3,Resolved,EMP10056,AGT-023,Prakash Shetty,AGT-023,Prakash Shetty,2023-02-24 12:08,1. Uninstall Unknown Device. 2. Scan for hardware changes. 3. Try different USB port.,Corrupt USB driver; power management disabling port,10.9,Auto-Resolve
TKT-00400,Accidentally deleted important file,Storage & Backup,Data Recovery,Medium,SEV3,Escalated,EMP10589,AGT-025,Suresh Das,AGT-025,Suresh Das,2024-04-09 16:49,1. Restore from last Veeam backup. 2. Single-file restore to original location.,File deleted from share; shadow copy not configured,17.2,Auto-Resolve
TKT-00401,VMware vMotion failing between ESXi hosts,Cloud & Servers,VMware,Low,SEV4,Closed,EMP10536,AGT-003,Ankit Verma,AGT-003,Ankit Verma,2024-08-19 18:42,1. Check vMotion bandwidth: min 1Gbps. 2. Verify no firewall blocking TCP 8000/902.,Incompatible CPU feature sets; vMotion network not configured,52.3,Auto-Resolve
TKT-00402,Printer shows offline though powered on,Hardware,Printer Issues,Critical,SEV1,In Progress,EMP10138,AGT-017,Kiran Babu,AGT-017,Kiran Babu,2023-02-27 20:21,1. Print config page from printer. 2. Update port: Devices & Printers > Printer Properties > Ports > Configure Port.,TCP/IP port IP mismatch after DHCP lease change,1.5,Human-Escalate
TKT-00403,Cannot access internal websites – browser shows server not found,Network,DNS Issues,Low,SEV4,Resolved,EMP10334,AGT-001,Ravi Kumar,AGT-001,Ravi Kumar,2024-07-20 11:46,1. RDP to DNS server. 2. Restart DNS Server service. 3. Test nslookup. 4. ipconfig /flushdns on client.,Primary internal DNS server service crashed due to corrupted zone file,16.2,Auto-Resolve
TKT-00404,Complete network outage – entire floor offline,Network,Network Outage,Medium,SEV3,Resolved,EMP10230,AGT-018,Divya Pillai,AGT-018,Divya Pillai,2024-01-28 04:11,1. Failover to backup ISP. 2. Update BGP routing. 3. Notify ISP. 4. Monitor failback.,Core switch uplink SFP module failure,22.5,Moderate
TKT-00405,Browser pages loading slowly or not loading,Software Applications,Browser Issues,High,SEV2,Pending,EMP10185,AGT-016,Pooja Mehta,AGT-016,Pooja Mehta,2023-07-25 10:26,1. Disable all extensions. 2. Test page. 3. Re-enable one by one.,Cache corruption; DNS issue; extension conflict,11.9,Moderate
TKT-00406,Azure AD Conditional Access blocking user login,Cloud & Servers,Azure,Critical,SEV1,Closed,EMP10508,AGT-009,Arjun Patel,AGT-009,Arjun Patel,2023-02-11 16:21,1. Check if user in correct CA scope. 2. Check Named Locations – add new office IP.,Device not compliant in Intune; policy requires compliant device,3.9,Moderate
TKT-00407,Antivirus blocking legitimate application,Software Applications,Antivirus / Security Software,Critical,SEV1,Resolved,EMP10217,AGT-010,Sunita Joshi,AGT-024,Nandini Kulkarni,2023-02-12 00:36,1. Disable real-time protection temporarily. 2. Launch app. 3. Add executable to whitelist.,Heuristic false positive flagging application executable,2.6,Human-Escalate
TKT-00408,SSL certificate expired – application security warning,Security & Access,Certificate Issues,Low,SEV4,In Progress,EMP10155,AGT-014,Lakshmi Rao,AGT-014,Lakshmi Rao,2024-11-28 18:41,1. Generate CSR: openssl req -new. 2. Submit to CA. 3. Install cert. 4. Restart service.,Auto-renewal failed; not monitored for expiry,47.2,Auto-Resolve
TKT-00409,Backup taking too long – missing SLA window,Storage & Backup,Backup Failures,Medium,SEV3,Resolved,EMP10004,AGT-012,Meera Iyer,AGT-012,Meera Iyer,2025-01-17 14:18,1. Check proxy bandwidth. 2. Enable WAN accelerator. 3. Enable inline dedup and compression.,Backup chain grown too large; CBT corrupted on VM,15.8,Auto-Resolve
TKT-00410,Employee cannot access shared drive – Access denied,Security & Access,Access Control,Medium,SEV3,In Progress,EMP10231,AGT-022,Swathi Gowda,AGT-022,Swathi Gowda,2023-11-24 11:40,1. net use H: \\fileserver\users\username /persistent:yes. 2. Verify UNC path. 3. Re-map drive.,User removed from AD security group during access review,4.3,Moderate
TKT-00411,Backup job failed – Veeam error,Storage & Backup,Backup Failures,Low,SEV4,Pending,EMP10353,AGT-019,Nikhil Tiwari,AGT-019,Nikhil Tiwari,2024-08-31 14:11,1. Check Veeam proxy disk space. 2. Clear Veeam cache. 3. Or add proxy. 4. Re-run job.,VSS snapshot failure; insufficient shadow storage; writer error,69.3,Auto-Resolve
TKT-00412,Complete network outage – entire floor offline,Network,Network Outage,Critical,SEV1,Escalated,EMP10395,AGT-001,Ravi Kumar,AGT-001,Ravi Kumar,2023-04-23 04:40,1. Check switch via console: show interfaces status. 2. Identify failed port. 3. Replace SFP. 4. No shutdown. 5. Verify.,Core switch uplink SFP module failure,1.1,Moderate
TKT-00413,SAN storage performance degraded – high LUN latency,Storage & Backup,Storage Performance,Critical,SEV1,Closed,EMP10385,AGT-006,Deepa Nair,AGT-006,Deepa Nair,2025-03-29 01:18,1. Check I/O blender from VMs. 2. Separate OLTP to dedicated datastores. 3. Enable SIOC.,RAID rebuild consuming I/O; HBA queue depth too low,0.6,Human-Escalate
TKT-00414,Printer not printing – jobs stuck in queue,Hardware,Printer Issues,Medium,SEV3,Closed,EMP10511,AGT-017,Kiran Babu,AGT-017,Kiran Babu,2023-10-14 14:56,1. PowerShell: Stop-Service Spooler. 2. Remove spool files. 3. Start-Service Spooler. 4. Test print.,Print spooler service hung; corrupted print job blocking queue,5.3,Moderate
TKT-00415,User cannot login to web application – SSO not working,Security & Access,Password Reset,Critical,SEV1,Closed,EMP10532,AGT-014,Lakshmi Rao,AGT-014,Lakshmi Rao,2023-03-06 08:41,1. User: go to myapps.microsoft.com. 2. Launch app for fresh SAML assertion. 3. Check claims mapping.,SAML token expired or IdP metadata outdated,1.6,Moderate
TKT-00416,Complete network outage – entire floor offline,Network,Network Outage,Low,SEV4,Resolved,EMP10550,AGT-001,Ravi Kumar,AGT-001,Ravi Kumar,2024-09-02 14:33,1. Log into switch management IP. 2. show log for errors. 3. Power-cycle switch (maintenance). 4. Verify uplink.,Core switch uplink SFP module failure,21.1,Auto-Resolve
TKT-00417,ESXi host showing Not Responding in vCenter,Cloud & Servers,VMware,Low,SEV4,In Progress,EMP10384,AGT-021,Rajesh Nambiar,AGT-021,Rajesh Nambiar,2023-10-17 04:01,1. Access DCUI directly. 2. Ping management IP. 3. If unreachable: check physical console.,Management NIC down; DCUI locked; PSOD,26.2,Auto-Resolve
TKT-00418,USB device not recognized – 'Unknown device' in Device Manager,Hardware,USB/Peripheral,Low,SEV4,Resolved,EMP10508,AGT-005,Mohammed Ali,AGT-005,Mohammed Ali,2023-08-26 23:46,1. Uninstall Unknown Device. 2. Scan for hardware changes. 3. Try different USB port.,Corrupt USB driver; power management disabling port,33.5,Auto-Resolve
TKT-00419,Linux server disk 100% – applications failing,Cloud & Servers,Server OS,Critical,SEV1,Closed,EMP10052,AGT-015,Aditya Shah,AGT-015,Aditya Shah,2025-01-10 23:06,1. du -sh /* | sort -rh | head -20. 2. Truncate: > /var/log/syslog. 3. Restart logging.,Log files or core dumps consuming all space,3.7,Human-Escalate
TKT-00420,Application blocked by proxy – 'Access denied',Network,Firewall & Proxy,High,SEV2,Closed,EMP10205,AGT-013,Sanjay Gupta,AGT-013,Sanjay Gupta,2023-12-22 02:41,1. Try HTTPS instead of HTTP. 2. Update proxy SSL inspection policy to trust cert.,Proxy URL filter miscategorized site as Social Media,10.1,Moderate
TKT-00421,DNS resolution slow – 10-15 seconds to load pages,Network,DNS Issues,Low,SEV4,In Progress,EMP10453,AGT-018,Divya Pillai,AGT-018,Divya Pillai,2023-03-04 17:49,1. Enable DNS caching: set TTL to 3600s. 2. Clear stale cache: dnscmd /clearcache. 3. Monitor with Resolve-DnsName.,DNS forwarders unresponsive causing timeout delay,26,Auto-Resolve
TKT-00422,Printer not printing – jobs stuck in queue,Hardware,Printer Issues,Critical,SEV1,Closed,EMP10247,AGT-011,Vijay Krishnan,AGT-023,Prakash Shetty,2023-08-05 19:00,1. Services.msc: stop Print Spooler. 2. Delete C:\Windows\System32\spool\PRINTERS\*. 3. Start Spooler. 4. Retry.,Print spooler service hung; corrupted print job blocking queue,3.1,Human-Escalate
TKT-00423,Employee cannot access shared drive – Access denied,Security & Access,Access Control,Low,SEV4,Pending,EMP10330,AGT-002,Priya Sharma,AGT-002,Priya Sharma,2024-02-16 13:43,1. Check share permissions. 2. Add user's group with Change permission. 3. Check NTFS permissions.,User removed from AD security group during access review,11.3,Auto-Resolve
TKT-00424,Antivirus blocking legitimate application,Software Applications,Antivirus / Security Software,Medium,SEV3,Pending,EMP10126,AGT-024,Nandini Kulkarni,AGT-024,Nandini Kulkarni,2023-02-25 02:23,1. Run application as administrator. 2. Check Windows Defender Firewall rules.,Heuristic false positive flagging application executable,9.6,Moderate
TKT-00425,USB device not recognized – 'Unknown device' in Device Manager,Hardware,USB/Peripheral,Medium,SEV3,Pending,EMP10588,AGT-005,Mohammed Ali,AGT-005,Mohammed Ali,2024-12-15 04:40,1. Device Manager > USB Root Hubs > Power Management > uncheck allow turn off. 2. Reconnect device.,Corrupt USB driver; power management disabling port,21.1,Auto-Resolve
TKT-00426,Database backup restore failed – cannot recover to point in time,Storage & Backup,Data Recovery,Low,SEV4,In Progress,EMP10271,AGT-019,Nikhil Tiwari,AGT-019,Nikhil Tiwari,2023-11-18 05:29,1. Azure SQL: Point-in-Time Restore from Portal. 2. Restore to new database. 3. Swap connection string.,Transaction log backup chain broken; LSN gap,66,Auto-Resolve
TKT-00427,Laptop BSOD – crashes randomly,Hardware,Laptop Issues,Critical,SEV1,Resolved,EMP10488,AGT-011,Vijay Krishnan,AGT-011,Vijay Krishnan,2024-10-21 17:05,1. Event Viewer > System. 2. Identify driver from minidump via WinDbg. 3. Uninstall/update driver.,"Faulty RAM, corrupted OS files, or incompatible driver",1.2,Moderate
TKT-00428,RAID array showing degraded – one disk failed,Storage & Backup,RAID & Disk,High,SEV2,Resolved,EMP10317,AGT-019,Nikhil Tiwari,AGT-019,Nikhil Tiwari,2025-02-03 21:54,1. mdadm --detail /dev/md0. 2. mdadm /dev/md0 --add /dev/sdX. 3. Watch /proc/mdstat.,Single disk failure in RAID-5/6; SMART alert,9.8,Auto-Resolve
TKT-00429,SSL certificate expired – application security warning,Security & Access,Certificate Issues,Low,SEV4,In Progress,EMP10441,AGT-022,Swathi Gowda,AGT-022,Swathi Gowda,2023-12-27 10:35,1. Generate CSR: openssl req -new. 2. Submit to CA. 3. Install cert. 4. Restart service.,Auto-renewal failed; not monitored for expiry,71.4,Auto-Resolve
TKT-00430,Windows Server services not starting after reboot,Cloud & Servers,Server OS,Medium,SEV3,Resolved,EMP10301,AGT-021,Rajesh Nambiar,AGT-021,Rajesh Nambiar,2024-03-14 15:42,1. Services.msc > failing service > Dependencies. 2. Start dependencies manually.,Service dependency not met; service account password expired,20.9,Moderate
TKT-00431,Cloud backup to Azure Blob failing – auth error,Storage & Backup,Backup Failures,High,SEV2,Resolved,EMP10417,AGT-006,Deepa Nair,AGT-006,Deepa Nair,2023-09-08 14:46,1. Storage firewall blocking backup server IP. 2. Add IP to allowed list. 3. Retry.,Storage account access key rotated but not updated,11.6,Auto-Resolve
TKT-00432,Zoom/Teams video freezing during calls,Software Applications,Browser Issues,Medium,SEV3,Pending,EMP10057,AGT-016,Pooja Mehta,AGT-016,Pooja Mehta,2024-12-30 18:40,1. Lower video to 360p. 2. Disable HD video. 3. Turn off virtual background.,Insufficient bandwidth; CPU overload; outdated driver,3.7,Moderate
TKT-00433,RAID array showing degraded – one disk failed,Storage & Backup,RAID & Disk,Low,SEV4,Resolved,EMP10328,AGT-012,Meera Iyer,AGT-012,Meera Iyer,2023-02-09 17:09,1. mdadm --detail /dev/md0. 2. mdadm /dev/md0 --add /dev/sdX. 3. Watch /proc/mdstat.,Single disk failure in RAID-5/6; SMART alert,68.5,Auto-Resolve
TKT-00434,Laptop screen flickering – random lines on display,Hardware,Laptop Issues,Critical,SEV1,Resolved,EMP10044,AGT-023,Prakash Shetty,AGT-023,Prakash Shetty,2024-07-31 12:00,1. Change refresh rate to 60Hz. 2. Disable HDR. 3. Test in safe mode. 4. Run display diagnostics.,Loose display cable or failing GPU driver; LCD backlight fault,2.5,Moderate
TKT-00435,Windows Server services not starting after reboot,Cloud & Servers,Server OS,Critical,SEV1,Resolved,EMP10432,AGT-015,Aditya Shah,AGT-021,Rajesh Nambiar,2024-08-27 20:06,1. Services.msc > failing service > Dependencies. 2. Start dependencies manually.,Service dependency not met; service account password expired,2.5,Human-Escalate
TKT-00436,Desktop PC not booting – stuck at BIOS logo,Hardware,Desktop Issues,Medium,SEV3,Closed,EMP10506,AGT-017,Kiran Babu,AGT-017,Kiran Babu,2024-07-21 15:02,1. Remove recently added hardware. 2. Boot with only essentials. 3. Re-add components one by one.,Corrupted boot sector after incomplete update,20.1,Moderate
TKT-00437,Wi-Fi disconnects frequently – signal strong but keeps dropping,Network,Wi-Fi Issues,Critical,SEV1,In Progress,EMP10165,AGT-018,Divya Pillai,AGT-018,Divya Pillai,2023-08-04 21:26,1. Forget and rejoin Wi-Fi. 2. Assign static IP. 3. Change DNS to 8.8.8.8. 4. Disable Bluetooth if interfering.,Wi-Fi channel congestion; band-steering misconfiguration,1.8,Moderate
TKT-00438,Linux server disk 100% – applications failing,Cloud & Servers,Server OS,Medium,SEV3,Escalated,EMP10463,AGT-015,Aditya Shah,AGT-015,Aditya Shah,2023-12-09 06:20,1. Find core dumps: find / -name 'core.*' -delete. 2. apt autoremove. 3. df -h.,Log files or core dumps consuming all space,21.8,Auto-Resolve
TKT-00439,Unable to connect to Wi-Fi – 'Can't connect to this network',Network,Wi-Fi Issues,Low,SEV4,Closed,EMP10029,AGT-001,Ravi Kumar,AGT-001,Ravi Kumar,2024-09-23 21:22,"1. Check if DHCP scope exhausted. 2. Admin: expand scope or reduce lease. 3. ipconfig /release, /renew.",Corrupted Wi-Fi profile in Windows,56.1,Auto-Resolve
TKT-00440,RAID array showing degraded – one disk failed,Storage & Backup,RAID & Disk,Medium,SEV3,Resolved,EMP10428,AGT-006,Deepa Nair,AGT-006,Deepa Nair,2024-03-20 18:14,1. smartctl -a /dev/sdX. 2. If reallocated sectors >100: plan immediate replacement.,Single disk failure in RAID-5/6; SMART alert,21.6,Moderate
TKT-00441,DNS resolution slow – 10-15 seconds to load pages,Network,DNS Issues,Low,SEV4,Resolved,EMP10160,AGT-018,Divya Pillai,AGT-018,Divya Pillai,2023-08-13 18:22,1. Measure: Measure-Command {Resolve-DnsName google.com}. 2. If external slow: switch to anycast DNS.,DNS forwarders unresponsive causing timeout delay,55,Auto-Resolve
TKT-00442,VMware vMotion failing between ESXi hosts,Cloud & Servers,VMware,High,SEV2,Resolved,EMP10411,AGT-009,Arjun Patel,AGT-009,Arjun Patel,2023-10-06 02:33,1. Check datastore accessibility from destination host. 2. Use Storage vMotion simultaneously.,Incompatible CPU feature sets; vMotion network not configured,5.2,Auto-Resolve
TKT-00443,AWS Lambda function timing out,Cloud & Servers,AWS,Low,SEV4,Closed,EMP10353,AGT-015,Aditya Shah,AGT-015,Aditya Shah,2024-02-16 21:44,1. Check VPC config: NAT Gateway for internet access. 2. Add NAT or use VPC endpoints.,Function exceeds timeout; downstream service latency,41.6,Auto-Resolve
TKT-00444,Monitor no signal after sleep/hibernate,Hardware,Monitor Issues,Critical,SEV1,Closed,EMP10175,AGT-023,Prakash Shetty,AGT-023,Prakash Shetty,2025-03-03 22:26,1. Press key or mouse. 2. Press monitor power. 3. Check display cable. 4. Switch monitor input.,GPU not resuming signal; monitor standby not recovering,2.3,Moderate
TKT-00445,NAS drive full – employees cannot save files,Storage & Backup,Storage Performance,Critical,SEV1,Resolved,EMP10586,AGT-019,Nikhil Tiwari,AGT-025,Suresh Das,2023-05-19 12:30,1. Get-DiskQuota > identify top consumers. 2. Notify to archive. 3. Set hard quota.,Disk quota not enforced; stale files consuming space,1.8,Human-Escalate
TKT-00446,Desktop running very slowly,Hardware,Desktop Issues,Medium,SEV3,Escalated,EMP10078,AGT-011,Vijay Krishnan,AGT-011,Vijay Krishnan,2023-04-21 18:01,1. Check RAM: if >90%: add RAM. 2. Clone HDD to SSD with Macrium Reflect.,HDD fragmentation; startup bloatware; low RAM; malware,22.4,Auto-Resolve
TKT-00447,Employee cannot access shared drive – Access denied,Security & Access,Access Control,Medium,SEV3,Closed,EMP10097,AGT-008,Kavitha Menon,AGT-008,Kavitha Menon,2024-06-26 20:59,1. Verify manager approval. 2. Process via ITSM access management workflow. 3. Add to correct group.,User removed from AD security group during access review,3.7,Moderate
TKT-00448,AWS Lambda function timing out,Cloud & Servers,AWS,Medium,SEV3,Pending,EMP10325,AGT-003,Ankit Verma,AGT-003,Ankit Verma,2023-06-23 16:31,1. Add connection timeout and retry logic to external API calls. 2. Move long ops to SQS.,Function exceeds timeout; downstream service latency,22.5,Auto-Resolve
TKT-00449,MFA prompt not received – cannot complete login,Security & Access,Multi-Factor Authentication,Critical,SEV1,Pending,EMP10600,AGT-002,Priya Sharma,AGT-002,Priya Sharma,2024-12-07 16:57,1. Admin: provide backup code via alternate method. 2. User uses code. 3. Re-register authenticator.,Authenticator app out of sync; phone number changed; MFA not registered,1,Human-Escalate
TKT-00450,MFA prompt not received – cannot complete login,Security & Access,Multi-Factor Authentication,Critical,SEV1,Closed,EMP10125,AGT-022,Swathi Gowda,AGT-022,Swathi Gowda,2023-11-12 20:10,1. Admin: set MFA to SMS temporarily. 2. User receives SMS code. 3. Login and update authenticator.,Authenticator app out of sync; phone number changed; MFA not registered,1.7,Moderate
TKT-00451,Cloud backup to Azure Blob failing – auth error,Storage & Backup,Backup Failures,High,SEV2,In Progress,EMP10409,AGT-019,Nikhil Tiwari,AGT-019,Nikhil Tiwari,2023-12-15 19:09,1. Storage firewall blocking backup server IP. 2. Add IP to allowed list. 3. Retry.,Storage account access key rotated but not updated,4.4,Auto-Resolve
TKT-00452,Cannot access internal websites – browser shows server not found,Network,DNS Issues,Medium,SEV3,Pending,EMP10585,AGT-007,Rahul Singh,AGT-007,Rahul Singh,2023-03-14 16:15,1. Temporarily point workstation to secondary DNS. 2. Notify team to fix primary. 3. Revert after fix.,Primary internal DNS server service crashed due to corrupted zone file,8.1,Auto-Resolve
TKT-00453,Printer shows offline though powered on,Hardware,Printer Issues,Medium,SEV3,Resolved,EMP10411,AGT-017,Kiran Babu,AGT-017,Kiran Babu,2024-04-14 22:40,1. Print config page from printer. 2. Update port: Devices & Printers > Printer Properties > Ports > Configure Port.,TCP/IP port IP mismatch after DHCP lease change,7.8,Auto-Resolve
TKT-00454,Browser pages loading slowly or not loading,Software Applications,Browser Issues,High,SEV2,Resolved,EMP10140,AGT-020,Asha Bhat,AGT-020,Asha Bhat,2024-12-28 03:45,1. Uninstall and reinstall browser. 2. Reset settings to default.,Cache corruption; DNS issue; extension conflict,3.7,Moderate
TKT-00455,Software license expired – trial expired message,Software Applications,Password & Licensing,High,SEV2,Resolved,EMP10132,AGT-024,Nandini Kulkarni,AGT-024,Nandini Kulkarni,2024-11-06 23:36,1. Check license server reachable: telnet <server> <port>. 2. Restart license manager.,Annual license not renewed; license server unreachable,8.4,Moderate
TKT-00456,USB device not recognized – 'Unknown device' in Device Manager,Hardware,USB/Peripheral,Low,SEV4,Closed,EMP10511,AGT-005,Mohammed Ali,AGT-005,Mohammed Ali,2023-04-10 00:09,1. Uninstall Unknown Device. 2. Scan for hardware changes. 3. Try different USB port.,Corrupt USB driver; power management disabling port,56.1,Auto-Resolve
TKT-00457,Complete network outage – entire floor offline,Network,Network Outage,Medium,SEV3,Resolved,EMP10587,AGT-013,Sanjay Gupta,AGT-013,Sanjay Gupta,2023-03-31 01:06,1. Reseat uplink cable. 2. Try alternate patch cable. 3. Move uplink to backup port. 4. Test.,Core switch uplink SFP module failure,11.2,Auto-Resolve
TKT-00458,Cannot access internal websites – browser shows server not found,Network,DNS Issues,Critical,SEV1,Resolved,EMP10250,AGT-007,Rahul Singh,AGT-007,Rahul Singh,2024-06-21 21:17,1. RDP to DNS server. 2. Restart DNS Server service. 3. Test nslookup. 4. ipconfig /flushdns on client.,Primary internal DNS server service crashed due to corrupted zone file,2.5,Human-Escalate
TKT-00459,User cannot login to web application – SSO not working,Security & Access,Password Reset,Low,SEV4,Pending,EMP10372,AGT-008,Kavitha Menon,AGT-008,Kavitha Menon,2023-10-14 01:44,1. Clear cookies for SSO domain. 2. Try incognito. 3. Try different browser.,SAML token expired or IdP metadata outdated,29.2,Auto-Resolve
TKT-00460,Monitor no signal after sleep/hibernate,Hardware,Monitor Issues,Medium,SEV3,Resolved,EMP10404,AGT-017,Kiran Babu,AGT-017,Kiran Babu,2023-12-14 02:56,1. Try different cable. 2. Try different GPU port. 3. Reseat GPU. 4. Test with integrated graphics.,GPU not resuming signal; monitor standby not recovering,10.1,Auto-Resolve
TKT-00461,Antivirus blocking legitimate application,Software Applications,Antivirus / Security Software,Critical,SEV1,Closed,EMP10472,AGT-024,Nandini Kulkarni,AGT-024,Nandini Kulkarni,2023-08-15 07:01,1. Upload to VirusTotal.com to verify false positive. 2. Submit to AV vendor. 3. Exclude temporarily.,Heuristic false positive flagging application executable,3,Human-Escalate
TKT-00462,ESXi host showing Not Responding in vCenter,Cloud & Servers,VMware,Low,SEV4,Resolved,EMP10189,AGT-021,Rajesh Nambiar,AGT-021,Rajesh Nambiar,2024-04-16 05:46,1. Remove host from vCenter. 2. Add host wizard to re-add. 3. VMs re-discovered automatically.,Management NIC down; DCUI locked; PSOD,58.1,Auto-Resolve
TKT-00463,RAID array showing degraded – one disk failed,Storage & Backup,RAID & Disk,High,SEV2,Closed,EMP10342,AGT-006,Deepa Nair,AGT-006,Deepa Nair,2023-04-23 07:06,1. Do not replace during peak hours. 2. Schedule maintenance window. 3. Test failover first.,Single disk failure in RAID-5/6; SMART alert,11.5,Moderate
TKT-00464,Azure AD Conditional Access blocking user login,Cloud & Servers,Azure,High,SEV2,Escalated,EMP10349,AGT-009,Arjun Patel,AGT-009,Arjun Patel,2023-04-06 02:45,1. Intune > Devices > check compliance. 2. Fix failing policy. 3. Sync in Company Portal.,Device not compliant in Intune; policy requires compliant device,7.6,Moderate
TKT-00465,VMware vMotion failing between ESXi hosts,Cloud & Servers,VMware,Critical,SEV1,Escalated,EMP10124,AGT-015,Aditya Shah,AGT-015,Aditya Shah,2023-11-02 12:06,1. Enable EVC cluster mode in vCenter. 2. Set baseline to lowest CPU family. 3. Retry vMotion.,Incompatible CPU feature sets; vMotion network not configured,1.6,Human-Escalate
TKT-00466,Accidentally deleted important file,Storage & Backup,Data Recovery,Low,SEV4,Escalated,EMP10462,AGT-006,Deepa Nair,AGT-006,Deepa Nair,2023-06-01 15:55,1. Restore from last Veeam backup. 2. Single-file restore to original location.,File deleted from share; shadow copy not configured,25.5,Auto-Resolve
TKT-00467,Employee cannot access shared drive – Access denied,Security & Access,Access Control,Critical,SEV1,Resolved,EMP10504,AGT-014,Lakshmi Rao,AGT-002,Priya Sharma,2023-01-01 16:52,1. Verify manager approval. 2. Process via ITSM access management workflow. 3. Add to correct group.,User removed from AD security group during access review,3.2,Human-Escalate
TKT-00468,Cloud backup to Azure Blob failing – auth error,Storage & Backup,Backup Failures,Medium,SEV3,Resolved,EMP10436,AGT-025,Suresh Das,AGT-025,Suresh Das,2024-11-14 08:25,1. Verify Azure subscription active. 2. Check storage quota limits. 3. Check Service Health.,Storage account access key rotated but not updated,10.5,Auto-Resolve
TKT-00469,SSL certificate expired – application security warning,Security & Access,Certificate Issues,Critical,SEV1,In Progress,EMP10200,AGT-014,Lakshmi Rao,AGT-014,Lakshmi Rao,2023-04-03 17:18,1. certbot renew --force-renewal. 2. systemctl reload nginx. 3. Verify dates via openssl.,Auto-renewal failed; not monitored for expiry,3,Human-Escalate
TKT-00470,User receiving Access Denied on SharePoint site,Security & Access,Access Control,Critical,SEV1,Pending,EMP10433,AGT-022,Swathi Gowda,AGT-008,Kavitha Menon,2023-10-08 02:52,1. Check Conditional Access policy blocking device. 2. Ensure device compliant in Intune.,User not in site members group; permissions inheritance broken,3.2,Human-Escalate
TKT-00471,Backup job failed – Veeam error,Storage & Backup,Backup Failures,Low,SEV4,In Progress,EMP10268,AGT-019,Nikhil Tiwari,AGT-019,Nikhil Tiwari,2023-08-04 19:32,1. Check Veeam proxy disk space. 2. Clear Veeam cache. 3. Or add proxy. 4. Re-run job.,VSS snapshot failure; insufficient shadow storage; writer error,69.1,Auto-Resolve
TKT-00472,USB device not recognized – 'Unknown device' in Device Manager,Hardware,USB/Peripheral,Critical,SEV1,Resolved,EMP10578,AGT-023,Prakash Shetty,AGT-023,Prakash Shetty,2024-08-09 04:03,1. Uninstall Unknown Device. 2. Scan for hardware changes. 3. Try different USB port.,Corrupt USB driver; power management disabling port,1.1,Moderate
TKT-00473,Printer not printing – jobs stuck in queue,Hardware,Printer Issues,Low,SEV4,Pending,EMP10215,AGT-011,Vijay Krishnan,AGT-011,Vijay Krishnan,2024-11-01 05:36,1. Cancel all jobs in Control Panel. 2. Kill spoolsv.exe via Process Explorer. 3. Clear spool. 4. Restart.,Print spooler service hung; corrupted print job blocking queue,13.4,Auto-Resolve
TKT-00474,DNS resolution slow – 10-15 seconds to load pages,Network,DNS Issues,Critical,SEV1,Resolved,EMP10256,AGT-007,Rahul Singh,AGT-007,Rahul Singh,2023-09-12 06:12,1. Enable DNS caching: set TTL to 3600s. 2. Clear stale cache: dnscmd /clearcache. 3. Monitor with Resolve-DnsName.,DNS forwarders unresponsive causing timeout delay,2.4,Human-Escalate
TKT-00475,User cannot login to web application – SSO not working,Security & Access,Password Reset,High,SEV2,Closed,EMP10119,AGT-022,Swathi Gowda,AGT-022,Swathi Gowda,2023-12-15 21:37,1. Admin: check IdP app assignment. 2. Verify user in assigned group. 3. Re-assign if missing.,SAML token expired or IdP metadata outdated,10.3,Auto-Resolve
TKT-00476,MFA prompt not received – cannot complete login,Security & Access,Multi-Factor Authentication,High,SEV2,Resolved,EMP10120,AGT-008,Kavitha Menon,AGT-008,Kavitha Menon,2023-06-29 22:44,1. Admin: provide backup code via alternate method. 2. User uses code. 3. Re-register authenticator.,Authenticator app out of sync; phone number changed; MFA not registered,11,Moderate
TKT-00477,Unauthorized device on corporate network,Security & Access,Security Incidents,Medium,SEV3,Resolved,EMP10156,AGT-002,Priya Sharma,AGT-002,Priya Sharma,2025-02-14 15:44,1. MAC address filtering as immediate fix. 2. Raise change for dynamic VLAN. 3. Review physical security.,Rogue device on open port; no 802.1X authentication,5,Moderate
TKT-00478,VPN drops connection every 10-15 minutes intermittently,Network,VPN Connectivity,Critical,SEV1,Resolved,EMP10064,AGT-013,Sanjay Gupta,AGT-013,Sanjay Gupta,2024-11-17 01:12,1. On ASA: increase DPD keepalive interval to 60s. 2. Increase DPD retry to 5. 3. Push config: write mem. 4. Monitor.,DPD timeout mismatch between client and ASA firewall,1.4,Human-Escalate
TKT-00479,Browser pages loading slowly or not loading,Software Applications,Browser Issues,High,SEV2,Closed,EMP10257,AGT-020,Asha Bhat,AGT-020,Asha Bhat,2023-03-17 14:22,1. Change DNS to 8.8.8.8. 2. ipconfig /flushdns. 3. Restart browser.,Cache corruption; DNS issue; extension conflict,11.9,Auto-Resolve
TKT-00480,Phishing email received – user clicked suspicious link,Security & Access,Security Incidents,Critical,SEV1,Escalated,EMP10342,AGT-014,Lakshmi Rao,AGT-008,Kavitha Menon,2023-10-04 03:34,1. Check email headers. 2. Block sender domain in EOP. 3. Delete from all mailboxes. 4. Report to security.,Social engineering; credential-harvesting URL clicked,0.9,Human-Escalate
TKT-00481,Accidentally deleted important file,Storage & Backup,Data Recovery,High,SEV2,Resolved,EMP10480,AGT-019,Nikhil Tiwari,AGT-019,Nikhil Tiwari,2024-11-25 19:26,1. If local: Recuva or Disk Drill scan. 2. Do not write to disk before recovery.,File deleted from share; shadow copy not configured,8.8,Moderate
TKT-00482,Excel file opens as read-only and cannot be edited,Software Applications,Microsoft Office,High,SEV2,Resolved,EMP10170,AGT-004,Sneha Reddy,AGT-004,Sneha Reddy,2024-10-25 04:58,1. Click 'Enable Editing' in yellow bar. 2. File > Info > Protect Workbook.,File has Mark of the Web flag from download; network drive permission issue,3.9,Moderate
TKT-00483,SAP GUI session disconnected – transaction rolled back,Software Applications,ERP / SAP,Medium,SEV3,Escalated,EMP10175,AGT-024,Nandini Kulkarni,AGT-024,Nandini Kulkarni,2023-06-01 18:00,1. SAP GUI: Extras > Options > Network > adjust speed. 2. Enable compression.,Network timeout exceeding SAP session timeout; high WAN latency,7.7,Auto-Resolve
TKT-00484,Antivirus blocking legitimate application,Software Applications,Antivirus / Security Software,Critical,SEV1,Resolved,EMP10241,AGT-020,Asha Bhat,AGT-024,Nandini Kulkarni,2025-01-28 01:59,1. AV console > Quarantine > Restore file. 2. Add folder to exclusions. 3. Verify with vendor.,Heuristic false positive flagging application executable,2.4,Human-Escalate
TKT-00485,Backup taking too long – missing SLA window,Storage & Backup,Backup Failures,Critical,SEV1,Pending,EMP10308,AGT-025,Suresh Das,AGT-025,Suresh Das,2024-08-05 08:46,1. Check proxy bandwidth. 2. Enable WAN accelerator. 3. Enable inline dedup and compression.,Backup chain grown too large; CBT corrupted on VM,3.4,Human-Escalate
TKT-00486,Backup taking too long – missing SLA window,Storage & Backup,Backup Failures,Critical,SEV1,Closed,EMP10297,AGT-012,Meera Iyer,AGT-019,Nikhil Tiwari,2023-07-09 04:52,1. Schedule synthetic full backup weekly. 2. Enable synthetic full instead of active full.,Backup chain grown too large; CBT corrupted on VM,3.1,Human-Escalate
TKT-00487,Azure VM not starting – allocation failure,Cloud & Servers,Azure,Low,SEV4,Closed,EMP10308,AGT-015,Aditya Shah,AGT-015,Aditya Shah,2023-12-31 04:08,1. Deallocate: az vm deallocate. 2. Start: az vm start. 3. Retry allocation.,Azure region capacity constraint; VM size unavailable,22,Auto-Resolve
TKT-00488,ESXi host showing Not Responding in vCenter,Cloud & Servers,VMware,Low,SEV4,Resolved,EMP10413,AGT-015,Aditya Shah,AGT-015,Aditya Shah,2024-11-01 15:36,1. If PSOD: physical access required. 2. Note panic message. 3. Reboot. 4. Open VMware SR.,Management NIC down; DCUI locked; PSOD,45.4,Auto-Resolve
TKT-00489,Azure AD Conditional Access blocking user login,Cloud & Servers,Azure,High,SEV2,Resolved,EMP10249,AGT-003,Ankit Verma,AGT-003,Ankit Verma,2023-07-24 21:23,1. Intune > Devices > check compliance. 2. Fix failing policy. 3. Sync in Company Portal.,Device not compliant in Intune; policy requires compliant device,2.7,Moderate
TKT-00490,PowerPoint not displaying correctly on projector,Software Applications,Microsoft Office,Medium,SEV3,Resolved,EMP10211,AGT-004,Sneha Reddy,AGT-004,Sneha Reddy,2024-01-22 18:24,1. Win+P > Duplicate. 2. Set both to 1920x1080. 3. Check projector input source.,Resolution mismatch; display scaling issues,9.1,Auto-Resolve
TKT-00491,Printer shows offline though powered on,Hardware,Printer Issues,Critical,SEV1,Closed,EMP10444,AGT-011,Vijay Krishnan,AGT-023,Prakash Shetty,2024-05-24 12:10,1. Assign static IP via printer web interface. 2. Set outside DHCP range. 3. Update port on all PCs.,TCP/IP port IP mismatch after DHCP lease change,1.6,Human-Escalate
TKT-00492,Unable to post journal entry in SAP – Period not open error,Software Applications,ERP / SAP,Critical,SEV1,Closed,EMP10576,AGT-024,Nandini Kulkarni,AGT-024,Nandini Kulkarni,2023-11-23 22:00,1. Admin: OB52. 2. Open period for current fiscal. 3. Retry posting.,Fiscal year period not opened in FI module,3,Human-Escalate
TKT-00493,AWS Lambda function timing out,Cloud & Servers,AWS,Medium,SEV3,Resolved,EMP10394,AGT-015,Aditya Shah,AGT-015,Aditya Shah,2023-04-08 05:00,1. Increase Lambda timeout in Configuration. 2. Check CloudWatch Logs for hang point.,Function exceeds timeout; downstream service latency,23.2,Auto-Resolve
TKT-00494,Desktop running very slowly,Hardware,Desktop Issues,Low,SEV4,Pending,EMP10592,AGT-005,Mohammed Ali,AGT-005,Mohammed Ali,2024-04-02 23:50,1. Run Disk Cleanup. 2. Defragment HDD. 3. chkdsk /f /r. 4. Consider SSD upgrade.,HDD fragmentation; startup bloatware; low RAM; malware,57.4,Auto-Resolve
TKT-00495,Laptop keyboard keys dead,Hardware,Laptop Issues,Low,SEV4,Resolved,EMP10476,AGT-011,Vijay Krishnan,AGT-011,Vijay Krishnan,2023-02-21 17:15,1. Use on-screen keyboard. 2. Check for spill residue. 3. Compressed air under keys. 4. Try external USB keyboard.,Physical damage or spill; driver issue,66.4,Auto-Resolve
TKT-00496,PowerPoint not displaying correctly on projector,Software Applications,Microsoft Office,Low,SEV4,Escalated,EMP10045,AGT-010,Sunita Joshi,AGT-010,Sunita Joshi,2023-08-04 18:10,1. Save as PDF and present from Acrobat. 2. Check embedded fonts: File > Options > Save.,Resolution mismatch; display scaling issues,48,Auto-Resolve
TKT-00497,Cannot access internal websites – browser shows server not found,Network,DNS Issues,High,SEV2,In Progress,EMP10022,AGT-007,Rahul Singh,AGT-007,Rahul Singh,2024-05-14 07:20,1. RDP to DNS server. 2. Restart DNS Server service. 3. Test nslookup. 4. ipconfig /flushdns on client.,Primary internal DNS server service crashed due to corrupted zone file,11.8,Moderate
TKT-00498,Disk I/O errors in application logs,Storage & Backup,RAID & Disk,High,SEV2,Closed,EMP10306,AGT-019,Nikhil Tiwari,AGT-019,Nikhil Tiwari,2024-05-30 15:08,"1. Event Viewer > System > EventID 7,11,15. 2. chkdsk /r /f. 3. Schedule reboot.",Disk nearing end of life; cable/controller issue; filesystem errors,9.9,Moderate
TKT-00499,IP address conflict – 'Another computer has same IP',Network,IP/DHCP,Medium,SEV3,Closed,EMP10270,AGT-018,Divya Pillai,AGT-018,Divya Pillai,2024-01-26 11:11,1. Identify conflict via DHCP logs. 2. Remove static IP. 3. Delete duplicate reservation. 4. arp -d *.,Static IP conflicts with DHCP pool; duplicate reservation,11.8,Auto-Resolve
TKT-00500,IP address conflict – 'Another computer has same IP',Network,IP/DHCP,High,SEV2,Resolved,EMP10453,AGT-007,Rahul Singh,AGT-007,Rahul Singh,2024-03-27 11:11,1. arp -a to find conflicting MAC. 2. Track via switch MAC table. 3. Change device to DHCP.,Static IP conflicts with DHCP pool; duplicate reservation,3.4,Auto-Resolve
TKT-00501,SAN storage performance degraded – high LUN latency,Storage & Backup,Storage Performance,Medium,SEV3,Closed,EMP10346,AGT-019,Nikhil Tiwari,AGT-019,Nikhil Tiwari,2025-03-29 21:17,1. Check array for rebuild status. 2. Move critical workloads to unaffected LUNs.,RAID rebuild consuming I/O; HBA queue depth too low,3.9,Moderate
TKT-00502,ESXi host showing Not Responding in vCenter,Cloud & Servers,VMware,High,SEV2,Resolved,EMP10405,AGT-003,Ankit Verma,AGT-003,Ankit Verma,2024-08-22 16:18,1. If PSOD: physical access required. 2. Note panic message. 3. Reboot. 4. Open VMware SR.,Management NIC down; DCUI locked; PSOD,1.5,Moderate
TKT-00503,NAS drive full – employees cannot save files,Storage & Backup,Storage Performance,Low,SEV4,Closed,EMP10334,AGT-006,Deepa Nair,AGT-006,Deepa Nair,2023-11-20 22:00,1. Get-DiskQuota > identify top consumers. 2. Notify to archive. 3. Set hard quota.,Disk quota not enforced; stale files consuming space,4.8,Auto-Resolve
TKT-00504,VPN drops connection every 10-15 minutes intermittently,Network,VPN Connectivity,Medium,SEV3,In Progress,EMP10521,AGT-007,Rahul Singh,AGT-007,Rahul Singh,2024-05-05 14:54,"1. In AnyConnect preferences, disable 'Local LAN Access'. 2. Set MTU to 1350. 3. Test over 30 minutes.",DPD timeout mismatch between client and ASA firewall,5.8,Moderate
TKT-00505,Laptop not turning on – no response on power button,Hardware,Laptop Issues,High,SEV2,Closed,EMP10305,AGT-017,Kiran Babu,AGT-017,Kiran Babu,2023-07-14 13:44,1. Connect to known-good outlet. 2. Reseat RAM sticks. 3. Attempt power on.,Battery drained; power adapter fault; or BIOS hang,7.1,Auto-Resolve
TKT-00506,Azure VM not starting – allocation failure,Cloud & Servers,Azure,High,SEV2,Pending,EMP10061,AGT-009,Arjun Patel,AGT-009,Arjun Patel,2023-03-27 04:25,1. Raise Azure support ticket. 2. Request quota increase. 3. Explore Spot VMs.,Azure region capacity constraint; VM size unavailable,7.8,Auto-Resolve
TKT-00507,Laptop keyboard keys dead,Hardware,Laptop Issues,Low,SEV4,Closed,EMP10245,AGT-023,Prakash Shetty,AGT-023,Prakash Shetty,2024-04-05 08:48,1. Scan hardware changes in Device Manager. 2. Update keyboard firmware. 3. Check BIOS keyboard settings.,Physical damage or spill; driver issue,20.8,Auto-Resolve
TKT-00508,AWS S3 bucket access denied to application,Cloud & Servers,AWS,Low,SEV4,Closed,EMP10138,AGT-003,Ankit Verma,AGT-003,Ankit Verma,2024-09-24 05:52,1. Cross-account: ensure trust relationship allows source account. 2. Add sts:AssumeRole.,IAM role lacks s3:GetObject; bucket policy denies,49.8,Auto-Resolve
TKT-00509,Unauthorized device on corporate network,Security & Access,Security Incidents,High,SEV2,Escalated,EMP10338,AGT-002,Priya Sharma,AGT-002,Priya Sharma,2025-01-29 06:23,1. DHCP logs + arp -a. 2. Locate port via switch MAC table. 3. Shutdown port. 4. Investigate.,Rogue device on open port; no 802.1X authentication,8.3,Auto-Resolve
TKT-00510,Unauthorized device on corporate network,Security & Access,Security Incidents,High,SEV2,Pending,EMP10342,AGT-014,Lakshmi Rao,AGT-014,Lakshmi Rao,2023-01-04 12:44,1. DHCP logs + arp -a. 2. Locate port via switch MAC table. 3. Shutdown port. 4. Investigate.,Rogue device on open port; no 802.1X authentication,10,Moderate
TKT-00511,Printer not printing – jobs stuck in queue,Hardware,Printer Issues,Medium,SEV3,Closed,EMP10023,AGT-011,Vijay Krishnan,AGT-011,Vijay Krishnan,2025-01-06 05:21,1. PowerShell: Stop-Service Spooler. 2. Remove spool files. 3. Start-Service Spooler. 4. Test print.,Print spooler service hung; corrupted print job blocking queue,20.6,Auto-Resolve
TKT-00512,Employee cannot access shared drive – Access denied,Security & Access,Access Control,Medium,SEV3,In Progress,EMP10575,AGT-022,Swathi Gowda,AGT-022,Swathi Gowda,2024-09-03 07:50,1. net use H: \\fileserver\users\username /persistent:yes. 2. Verify UNC path. 3. Re-map drive.,User removed from AD security group during access review,2.2,Auto-Resolve
TKT-00513,VMware vMotion failing between ESXi hosts,Cloud & Servers,VMware,Critical,SEV1,In Progress,EMP10502,AGT-009,Arjun Patel,AGT-009,Arjun Patel,2023-11-02 09:29,1. Enable EVC cluster mode in vCenter. 2. Set baseline to lowest CPU family. 3. Retry vMotion.,Incompatible CPU feature sets; vMotion network not configured,3,Human-Escalate
TKT-00514,IP address conflict – 'Another computer has same IP',Network,IP/DHCP,Critical,SEV1,Resolved,EMP10086,AGT-013,Sanjay Gupta,AGT-013,Sanjay Gupta,2023-03-08 06:52,1. Check for overlapping DHCP scopes. 2. Set exclusion range for statics. 3. Enable conflict detection.,Static IP conflicts with DHCP pool; duplicate reservation,3.2,Moderate
TKT-00515,Cannot connect to corporate VPN – authentication failure after Windows update,Network,VPN Connectivity,High,SEV2,Closed,EMP10575,AGT-018,Divya Pillai,AGT-018,Divya Pillai,2024-08-22 15:14,1. Uninstall AnyConnect. 2. Delete C:\ProgramData\Cisco remnants. 3. Reinstall latest AnyConnect MSI. 4. Import VPN profile XML. 5. Test connection.,Windows update KB5034441 broke WAN Miniport driver compatibility with Cisco AnyConnect,7.5,Moderate
TKT-00516,Cannot access internal websites – browser shows server not found,Network,DNS Issues,Medium,SEV3,Closed,EMP10557,AGT-007,Rahul Singh,AGT-007,Rahul Singh,2023-07-21 21:21,1. Check zone: dnscmd /zoneinfo. 2. Restore from backup. 3. Force replication: repadmin /syncall.,Primary internal DNS server service crashed due to corrupted zone file,7.5,Auto-Resolve
TKT-00517,Disk I/O errors in application logs,Storage & Backup,RAID & Disk,High,SEV2,Resolved,EMP10554,AGT-019,Nikhil Tiwari,AGT-019,Nikhil Tiwari,2023-03-04 22:16,1. smartctl -H /dev/sdX. 2. Run extended SMART test. 3. If failing: replace immediately.,Disk nearing end of life; cable/controller issue; filesystem errors,11.7,Auto-Resolve
TKT-00518,Application blocked by proxy – 'Access denied',Network,Firewall & Proxy,Critical,SEV1,Resolved,EMP10582,AGT-018,Divya Pillai,AGT-018,Divya Pillai,2024-02-24 20:58,1. Submit URL recategorization via proxy admin portal. 2. Provide business justification. 3. Add to whitelist.,Proxy URL filter miscategorized site as Social Media,1.5,Moderate
TKT-00519,Windows Server services not starting after reboot,Cloud & Servers,Server OS,Low,SEV4,In Progress,EMP10577,AGT-003,Ankit Verma,AGT-003,Ankit Verma,2025-02-18 10:58,1. Services.msc > failing service > Dependencies. 2. Start dependencies manually.,Service dependency not met; service account password expired,17.8,Auto-Resolve
TKT-00520,User receiving Access Denied on SharePoint site,Security & Access,Access Control,High,SEV2,Closed,EMP10031,AGT-002,Priya Sharma,AGT-002,Priya Sharma,2024-01-16 04:47,1. Check if external guest. 2. Add as internal member if employee.,User not in site members group; permissions inheritance broken,9.6,Auto-Resolve
TKT-00521,Software license expired – trial expired message,Software Applications,Password & Licensing,Low,SEV4,Resolved,EMP10206,AGT-016,Pooja Mehta,AGT-016,Pooja Mehta,2023-12-09 13:52,1. Reassign available license from another user in license console.,Annual license not renewed; license server unreachable,60,Auto-Resolve
TKT-00522,User cannot login to web application – SSO not working,Security & Access,Password Reset,Low,SEV4,In Progress,EMP10529,AGT-014,Lakshmi Rao,AGT-014,Lakshmi Rao,2024-10-10 07:43,1. Clear cookies for SSO domain. 2. Try incognito. 3. Try different browser.,SAML token expired or IdP metadata outdated,51.7,Auto-Resolve
TKT-00523,Software license expired – trial expired message,Software Applications,Password & Licensing,Critical,SEV1,Pending,EMP10198,AGT-010,Sunita Joshi,AGT-024,Nandini Kulkarni,2023-01-13 13:06,1. Check with IT asset management. 2. Contact vendor for emergency extension.,Annual license not renewed; license server unreachable,2.3,Human-Escalate
TKT-00524,Backup taking too long – missing SLA window,Storage & Backup,Backup Failures,Critical,SEV1,Closed,EMP10179,AGT-006,Deepa Nair,AGT-019,Nikhil Tiwari,2023-11-06 04:16,1. Reset CBT on VMs: uncheck in Veeam. 2. Run active full backup. 3. Re-enable CBT.,Backup chain grown too large; CBT corrupted on VM,2.1,Human-Escalate
TKT-00525,RAID array showing degraded – one disk failed,Storage & Backup,RAID & Disk,Low,SEV4,Closed,EMP10524,AGT-012,Meera Iyer,AGT-012,Meera Iyer,2024-01-16 19:20,1. Identify failed disk via storage console. 2. Procure matching disk. 3. Hot-swap; rebuild starts.,Single disk failure in RAID-5/6; SMART alert,37.5,Auto-Resolve
TKT-00526,Cannot connect to corporate VPN – authentication failure after Windows update,Network,VPN Connectivity,Critical,SEV1,In Progress,EMP10352,AGT-013,Sanjay Gupta,AGT-013,Sanjay Gupta,2024-06-19 05:45,1. Update Cisco AnyConnect to v4.10.07061+. 2. Flush DNS: ipconfig /flushdns. 3. Restart WAN Miniport adapter via Device Manager. 4. Retry VPN.,Windows update KB5034441 broke WAN Miniport driver compatibility with Cisco AnyConnect,1.3,Human-Escalate
TKT-00527,Zoom/Teams video freezing during calls,Software Applications,Browser Issues,Medium,SEV3,Resolved,EMP10340,AGT-024,Nandini Kulkarni,AGT-024,Nandini Kulkarni,2024-08-01 23:43,1. Lower video to 360p. 2. Disable HD video. 3. Turn off virtual background.,Insufficient bandwidth; CPU overload; outdated driver,8.9,Auto-Resolve
TKT-00528,Microsoft Word crashes when opening documents,Software Applications,Microsoft Office,Medium,SEV3,Pending,EMP10276,AGT-016,Pooja Mehta,AGT-016,Pooja Mehta,2024-10-03 20:38,1. Update Office: File > Account > Update Options > Update Now. 2. Disable AV scanning Office temp files.,Corrupted Normal.dotm template or conflicting COM add-in,14.1,Auto-Resolve
TKT-00529,Unauthorized device on corporate network,Security & Access,Security Incidents,Critical,SEV1,Resolved,EMP10134,AGT-002,Priya Sharma,AGT-002,Priya Sharma,2024-04-18 03:51,1. Enable 802.1X on switches. 2. Configure RADIUS to reject uncertified devices.,Rogue device on open port; no 802.1X authentication,3.3,Human-Escalate
TKT-00530,Software license expired – trial expired message,Software Applications,Password & Licensing,Low,SEV4,Resolved,EMP10156,AGT-010,Sunita Joshi,AGT-010,Sunita Joshi,2023-12-13 22:11,1. Raise purchase request. 2. Borrow license from another department temporarily.,Annual license not renewed; license server unreachable,23.7,Auto-Resolve
TKT-00531,SSL certificate expired – application security warning,Security & Access,Certificate Issues,High,SEV2,Resolved,EMP10080,AGT-022,Swathi Gowda,AGT-022,Swathi Gowda,2025-02-25 07:23,1. Generate CSR: openssl req -new. 2. Submit to CA. 3. Install cert. 4. Restart service.,Auto-renewal failed; not monitored for expiry,5,Auto-Resolve
TKT-00532,Intermittent packet loss – 15-30% ping loss to gateway,Network,Network Outage,Low,SEV4,Resolved,EMP10047,AGT-007,Rahul Singh,AGT-007,Rahul Singh,2023-11-29 03:43,1. Check broadcast storm: show interface. 2. Enable storm control: storm-control broadcast level 20. 3. Monitor.,Duplex mismatch between server NIC and switch port,43.2,Auto-Resolve
TKT-00533,Laptop not turning on – no response on power button,Hardware,Laptop Issues,Critical,SEV1,In Progress,EMP10437,AGT-017,Kiran Babu,AGT-017,Kiran Babu,2024-01-20 20:13,1. Remove battery. 2. Connect AC only. 3. Hold power 30s. 4. Reinsert battery. 5. Power on.,Battery drained; power adapter fault; or BIOS hang,2.9,Human-Escalate
TKT-00534,Printer not printing – jobs stuck in queue,Hardware,Printer Issues,Low,SEV4,Resolved,EMP10120,AGT-011,Vijay Krishnan,AGT-011,Vijay Krishnan,2023-07-31 18:40,1. PowerShell: Stop-Service Spooler. 2. Remove spool files. 3. Start-Service Spooler. 4. Test print.,Print spooler service hung; corrupted print job blocking queue,45.7,Auto-Resolve
TKT-00535,SSL certificate expired – application security warning,Security & Access,Certificate Issues,High,SEV2,Resolved,EMP10563,AGT-002,Priya Sharma,AGT-002,Priya Sharma,2023-08-15 19:53,1. Generate CSR: openssl req -new. 2. Submit to CA. 3. Install cert. 4. Restart service.,Auto-renewal failed; not monitored for expiry,3.8,Moderate
TKT-00536,Wi-Fi disconnects frequently – signal strong but keeps dropping,Network,Wi-Fi Issues,Critical,SEV1,Escalated,EMP10394,AGT-007,Rahul Singh,AGT-018,Divya Pillai,2025-03-22 09:34,1. On Cisco WLC: disable band-steering. 2. Set min RSSI -72dBm. 3. Enable 802.11r fast roaming.,Wi-Fi channel congestion; band-steering misconfiguration,2.1,Human-Escalate
TKT-00537,User cannot login to web application – SSO not working,Security & Access,Password Reset,High,SEV2,Resolved,EMP10440,AGT-008,Kavitha Menon,AGT-008,Kavitha Menon,2025-01-16 16:11,1. Admin: check IdP app assignment. 2. Verify user in assigned group. 3. Re-assign if missing.,SAML token expired or IdP metadata outdated,3.7,Moderate
TKT-00538,Cannot access internal websites – browser shows server not found,Network,DNS Issues,Low,SEV4,Closed,EMP10176,AGT-007,Rahul Singh,AGT-007,Rahul Singh,2024-02-07 03:14,1. Get-Service DNS on all DCs. 2. Start failed instances. 3. Check event log 4013/4015. 4. Run dcdiag /test:DNS.,Primary internal DNS server service crashed due to corrupted zone file,53.9,Auto-Resolve
TKT-00539,Unauthorized device on corporate network,Security & Access,Security Incidents,Low,SEV4,Resolved,EMP10411,AGT-022,Swathi Gowda,AGT-022,Swathi Gowda,2024-12-07 11:05,1. Enable 802.1X on switches. 2. Configure RADIUS to reject uncertified devices.,Rogue device on open port; no 802.1X authentication,33.7,Auto-Resolve
TKT-00540,Desktop running very slowly,Hardware,Desktop Issues,Critical,SEV1,Resolved,EMP10058,AGT-023,Prakash Shetty,AGT-023,Prakash Shetty,2023-06-06 10:55,1. Task Manager. 2. msconfig > Startup: disable non-essentials. 3. Reboot.,HDD fragmentation; startup bloatware; low RAM; malware,3.8,Human-Escalate
TKT-00541,Employee cannot access shared drive – Access denied,Security & Access,Access Control,Low,SEV4,Closed,EMP10204,AGT-022,Swathi Gowda,AGT-022,Swathi Gowda,2024-08-07 07:01,1. net use H: \\fileserver\users\username /persistent:yes. 2. Verify UNC path. 3. Re-map drive.,User removed from AD security group during access review,68.5,Auto-Resolve
TKT-00542,MFA prompt not received – cannot complete login,Security & Access,Multi-Factor Authentication,Medium,SEV3,Resolved,EMP10106,AGT-014,Lakshmi Rao,AGT-014,Lakshmi Rao,2024-10-04 17:07,1. Admin: Azure AD > Authentication methods > disable MFA temporarily. 2. User re-registers at aka.ms/mfasetup.,Authenticator app out of sync; phone number changed; MFA not registered,2.5,Auto-Resolve
TKT-00543,ESXi host showing Not Responding in vCenter,Cloud & Servers,VMware,Critical,SEV1,Pending,EMP10562,AGT-021,Rajesh Nambiar,AGT-003,Ankit Verma,2025-03-31 16:37,1. If PSOD: physical access required. 2. Note panic message. 3. Reboot. 4. Open VMware SR.,Management NIC down; DCUI locked; PSOD,0.9,Human-Escalate
TKT-00544,Printer shows offline though powered on,Hardware,Printer Issues,High,SEV2,Resolved,EMP10514,AGT-005,Mohammed Ali,AGT-005,Mohammed Ali,2024-07-20 23:15,1. Remove and reinstall via UNC path: \\printserver\printername. 2. Check print server sharing.,TCP/IP port IP mismatch after DHCP lease change,11.3,Moderate
TKT-00545,Software license expired – trial expired message,Software Applications,Password & Licensing,Critical,SEV1,In Progress,EMP10516,AGT-010,Sunita Joshi,AGT-010,Sunita Joshi,2024-10-03 23:15,1. Check with IT asset management. 2. Contact vendor for emergency extension.,Annual license not renewed; license server unreachable,1.3,Human-Escalate
TKT-00546,AWS S3 bucket access denied to application,Cloud & Servers,AWS,Medium,SEV3,Closed,EMP10197,AGT-021,Rajesh Nambiar,AGT-021,Rajesh Nambiar,2023-01-19 11:19,1. Check S3 Block Public Access settings. 2. Switch to IAM-based access from ACL.,IAM role lacks s3:GetObject; bucket policy denies,6,Auto-Resolve
TKT-00547,Phishing email received – user clicked suspicious link,Security & Access,Security Incidents,Critical,SEV1,Escalated,EMP10098,AGT-002,Priya Sharma,AGT-002,Priya Sharma,2023-03-20 02:32,1. Run EDR scan immediately. 2. Isolate if infected. 3. Reimage if compromised. 4. File incident report.,Social engineering; credential-harvesting URL clicked,3,Human-Escalate
TKT-00548,AWS S3 bucket access denied to application,Cloud & Servers,AWS,Critical,SEV1,Escalated,EMP10039,AGT-021,Rajesh Nambiar,AGT-015,Aditya Shah,2024-10-16 22:43,1. IAM > Roles > find EC2 role > add S3 permissions for bucket ARN.,IAM role lacks s3:GetObject; bucket policy denies,3.1,Human-Escalate
TKT-00549,VPN connects but no internal resources accessible,Network,VPN Connectivity,High,SEV2,Resolved,EMP10062,AGT-013,Sanjay Gupta,AGT-013,Sanjay Gupta,2024-01-16 02:15,1. Check routing table: route print. 2. Add static route: route add 10.0.0.0 mask 255.0.0.0 <VPN_GW>. 3. Test.,Split tunneling disabled; DNS suffix mismatch,2.7,Auto-Resolve
TKT-00550,MFA prompt not received – cannot complete login,Security & Access,Multi-Factor Authentication,Critical,SEV1,In Progress,EMP10248,AGT-008,Kavitha Menon,AGT-008,Kavitha Menon,2023-01-16 00:09,1. Admin: set MFA to SMS temporarily. 2. User receives SMS code. 3. Login and update authenticator.,Authenticator app out of sync; phone number changed; MFA not registered,3.3,Human-Escalate
TKT-00551,SSL certificate expired – application security warning,Security & Access,Certificate Issues,Low,SEV4,In Progress,EMP10521,AGT-014,Lakshmi Rao,AGT-014,Lakshmi Rao,2023-07-15 06:05,1. certmgr.msc. 2. Request new cert from PKI. 3. Bind to IIS. 4. Test HTTPS.,Auto-renewal failed; not monitored for expiry,58.4,Auto-Resolve
TKT-00552,Ransomware detected on workstation,Security & Access,Security Incidents,Medium,SEV3,Escalated,EMP10390,AGT-008,Kavitha Menon,AGT-008,Kavitha Menon,2023-12-02 03:00,1. EDR quarantine device. 2. Identify strain from file extension. 3. Check NoMoreRansom.org for decryptor.,User ran malicious attachment; files encrypted on local and mapped drives,12.9,Auto-Resolve
TKT-00553,Laptop not turning on – no response on power button,Hardware,Laptop Issues,Low,SEV4,Resolved,EMP10096,AGT-005,Mohammed Ali,AGT-005,Mohammed Ali,2023-06-03 19:06,1. Hard reset: hold power 15s. 2. Remove all peripherals. 3. Try power button again.,Battery drained; power adapter fault; or BIOS hang,16.1,Auto-Resolve
TKT-00554,SAP GUI session disconnected – transaction rolled back,Software Applications,ERP / SAP,High,SEV2,Escalated,EMP10592,AGT-010,Sunita Joshi,AGT-010,Sunita Joshi,2024-12-29 10:53,1. SAP GUI: Extras > Options > Network > adjust speed. 2. Enable compression.,Network timeout exceeding SAP session timeout; high WAN latency,3.7,Moderate
TKT-00555,Desktop PC not booting – stuck at BIOS logo,Hardware,Desktop Issues,Low,SEV4,Resolved,EMP10303,AGT-023,Prakash Shetty,AGT-023,Prakash Shetty,2024-11-07 10:43,"1. Boot from Windows USB. 2. Startup Repair. 3. bootrec /fixmbr, /fixboot, /rebuildbcd. 4. Reboot.",Corrupted boot sector after incomplete update,13.5,Auto-Resolve
TKT-00556,Application blocked by proxy – 'Access denied',Network,Firewall & Proxy,Medium,SEV3,Closed,EMP10193,AGT-013,Sanjay Gupta,AGT-013,Sanjay Gupta,2024-12-27 09:46,1. Submit URL recategorization via proxy admin portal. 2. Provide business justification. 3. Add to whitelist.,Proxy URL filter miscategorized site as Social Media,12.5,Auto-Resolve
TKT-00557,AWS EC2 instance not reachable – SSH/RDP refused,Cloud & Servers,AWS,Critical,SEV1,In Progress,EMP10596,AGT-003,Ankit Verma,AGT-003,Ankit Verma,2023-08-02 07:37,1. Check System Log: EC2 > Monitor > Get System Log. 2. Look for kernel panic or OOM. 3. Upgrade instance.,Security group missing inbound rule; instance stopped unexpectedly,2.2,Moderate
TKT-00558,Unable to connect to Wi-Fi – 'Can't connect to this network',Network,Wi-Fi Issues,Medium,SEV3,Closed,EMP10135,AGT-018,Divya Pillai,AGT-018,Divya Pillai,2023-09-25 06:42,1. Forget network. 2. netsh wlan delete profile name=<SSID>. 3. Reconnect fresh.,Corrupted Wi-Fi profile in Windows,17.8,Auto-Resolve
TKT-00559,Windows Server services not starting after reboot,Cloud & Servers,Server OS,Critical,SEV1,In Progress,EMP10354,AGT-009,Arjun Patel,AGT-009,Arjun Patel,2024-10-01 14:38,1. Services.msc > failing service > Dependencies. 2. Start dependencies manually.,Service dependency not met; service account password expired,1,Moderate
TKT-00560,Accidentally deleted important file,Storage & Backup,Data Recovery,Low,SEV4,Closed,EMP10598,AGT-006,Deepa Nair,AGT-006,Deepa Nair,2023-09-29 20:50,1. Enable Windows Server shadow copies on file server volumes. 2. Check OneDrive version history.,File deleted from share; shadow copy not configured,70.1,Auto-Resolve
TKT-00561,SSL certificate expired – application security warning,Security & Access,Certificate Issues,Medium,SEV3,Closed,EMP10023,AGT-002,Priya Sharma,AGT-002,Priya Sharma,2024-03-06 14:47,1. Update cert on load balancer. 2. Upload new PEM. 3. Update virtual server profile. 4. Test.,Auto-renewal failed; not monitored for expiry,16.2,Auto-Resolve
TKT-00562,Azure VM not starting – allocation failure,Cloud & Servers,Azure,Medium,SEV3,Resolved,EMP10076,AGT-003,Ankit Verma,AGT-003,Ankit Verma,2025-01-27 12:13,1. Raise Azure support ticket. 2. Request quota increase. 3. Explore Spot VMs.,Azure region capacity constraint; VM size unavailable,10.8,Auto-Resolve
TKT-00563,Desktop running very slowly,Hardware,Desktop Issues,Critical,SEV1,Escalated,EMP10107,AGT-005,Mohammed Ali,AGT-005,Mohammed Ali,2023-03-07 15:35,1. Task Manager. 2. msconfig > Startup: disable non-essentials. 3. Reboot.,HDD fragmentation; startup bloatware; low RAM; malware,0.7,Moderate
TKT-00564,VMware vMotion failing between ESXi hosts,Cloud & Servers,VMware,Low,SEV4,Pending,EMP10453,AGT-021,Rajesh Nambiar,AGT-021,Rajesh Nambiar,2025-03-19 16:21,1. Check datastore accessibility from destination host. 2. Use Storage vMotion simultaneously.,Incompatible CPU feature sets; vMotion network not configured,25.9,Auto-Resolve
TKT-00565,Desktop PC not booting – stuck at BIOS logo,Hardware,Desktop Issues,Critical,SEV1,In Progress,EMP10264,AGT-017,Kiran Babu,AGT-017,Kiran Babu,2023-04-19 13:45,1. Enter BIOS. 2. Verify boot order: SSD first. 3. If SSD not detected: reseat cable.,Corrupted boot sector after incomplete update,0.6,Human-Escalate
TKT-00566,Linux server disk 100% – applications failing,Cloud & Servers,Server OS,Low,SEV4,Resolved,EMP10408,AGT-015,Aditya Shah,AGT-015,Aditya Shah,2024-01-15 11:28,1. docker system prune -af. 2. pip cache purge. 3. rm -rf /tmp/*. 4. Verify df -h.,Log files or core dumps consuming all space,55.9,Auto-Resolve
TKT-00567,Wi-Fi disconnects frequently – signal strong but keeps dropping,Network,Wi-Fi Issues,Critical,SEV1,Resolved,EMP10301,AGT-007,Rahul Singh,AGT-001,Ravi Kumar,2023-04-22 05:17,1. On Cisco WLC: disable band-steering. 2. Set min RSSI -72dBm. 3. Enable 802.11r fast roaming.,Wi-Fi channel congestion; band-steering misconfiguration,0.9,Human-Escalate
TKT-00568,Outlook not receiving new emails – inbox stuck,Software Applications,Microsoft Office,High,SEV2,Resolved,EMP10280,AGT-016,Pooja Mehta,AGT-016,Pooja Mehta,2024-10-01 23:05,1. ipconfig /flushdns. 2. Test Autodiscover: Ctrl+right-click Outlook tray. 3. Re-enter O365 credentials.,Exchange Online throttled; Outlook profile corrupted; OST file too large,8.9,Auto-Resolve
TKT-00569,Azure VM not starting – allocation failure,Cloud & Servers,Azure,Medium,SEV3,In Progress,EMP10084,AGT-021,Rajesh Nambiar,AGT-021,Rajesh Nambiar,2023-01-28 13:03,1. Raise Azure support ticket. 2. Request quota increase. 3. Explore Spot VMs.,Azure region capacity constraint; VM size unavailable,10.7,Auto-Resolve
TKT-00570,SAN storage performance degraded – high LUN latency,Storage & Backup,Storage Performance,Critical,SEV1,Escalated,EMP10537,AGT-012,Meera Iyer,AGT-012,Meera Iyer,2023-07-11 06:04,1. Check I/O blender from VMs. 2. Separate OLTP to dedicated datastores. 3. Enable SIOC.,RAID rebuild consuming I/O; HBA queue depth too low,3.7,Human-Escalate
TKT-00571,RAID array showing degraded – one disk failed,Storage & Backup,RAID & Disk,Medium,SEV3,Closed,EMP10576,AGT-019,Nikhil Tiwari,AGT-019,Nikhil Tiwari,2024-03-28 20:16,1. Do not replace during peak hours. 2. Schedule maintenance window. 3. Test failover first.,Single disk failure in RAID-5/6; SMART alert,18.4,Auto-Resolve
TKT-00572,Unauthorized device on corporate network,Security & Access,Security Incidents,Low,SEV4,Escalated,EMP10176,AGT-014,Lakshmi Rao,AGT-014,Lakshmi Rao,2024-12-27 20:26,1. DHCP logs + arp -a. 2. Locate port via switch MAC table. 3. Shutdown port. 4. Investigate.,Rogue device on open port; no 802.1X authentication,23.7,Auto-Resolve
TKT-00573,Monitor no signal after sleep/hibernate,Hardware,Monitor Issues,Low,SEV4,Resolved,EMP10009,AGT-017,Kiran Babu,AGT-017,Kiran Babu,2024-11-05 18:57,1. Disable hybrid sleep: Power Options > advanced. 2. Disable fast startup.,GPU not resuming signal; monitor standby not recovering,6.3,Auto-Resolve
TKT-00574,Intermittent packet loss – 15-30% ping loss to gateway,Network,Network Outage,Medium,SEV3,Pending,EMP10122,AGT-013,Sanjay Gupta,AGT-013,Sanjay Gupta,2023-02-02 05:42,1. Run Wireshark on host. 2. Identify retransmission pattern. 3. Check CRC errors. 4. Replace cable.,Duplex mismatch between server NIC and switch port,6.4,Moderate
TKT-00575,Ransomware detected on workstation,Security & Access,Security Incidents,Critical,SEV1,In Progress,EMP10401,AGT-014,Lakshmi Rao,AGT-014,Lakshmi Rao,2023-10-22 20:56,1. Isolate: pull network cable. 2. Do NOT reboot. 3. Alert CISO. 4. Restore from clean backup. 5. Reimage.,User ran malicious attachment; files encrypted on local and mapped drives,3.7,Moderate
TKT-00576,Cannot access internal websites – browser shows server not found,Network,DNS Issues,High,SEV2,Resolved,EMP10033,AGT-001,Ravi Kumar,AGT-001,Ravi Kumar,2024-08-25 07:00,1. Check zone: dnscmd /zoneinfo. 2. Restore from backup. 3. Force replication: repadmin /syncall.,Primary internal DNS server service crashed due to corrupted zone file,1.8,Moderate
TKT-00577,User receiving Access Denied on SharePoint site,Security & Access,Access Control,Medium,SEV3,In Progress,EMP10013,AGT-014,Lakshmi Rao,AGT-014,Lakshmi Rao,2024-02-12 04:45,1. Admin: Site Settings > People and Groups. 2. Add user to Members group.,User not in site members group; permissions inheritance broken,20.8,Auto-Resolve
TKT-00578,DNS resolution slow – 10-15 seconds to load pages,Network,DNS Issues,Low,SEV4,Escalated,EMP10272,AGT-018,Divya Pillai,AGT-018,Divya Pillai,2023-08-07 12:57,1. Measure: Measure-Command {Resolve-DnsName google.com}. 2. If external slow: switch to anycast DNS.,DNS forwarders unresponsive causing timeout delay,8,Auto-Resolve
TKT-00579,Desktop PC not booting – stuck at BIOS logo,Hardware,Desktop Issues,Low,SEV4,Escalated,EMP10024,AGT-023,Prakash Shetty,AGT-023,Prakash Shetty,2024-12-30 14:28,"1. Boot from Windows USB. 2. Startup Repair. 3. bootrec /fixmbr, /fixboot, /rebuildbcd. 4. Reboot.",Corrupted boot sector after incomplete update,14.2,Auto-Resolve
TKT-00580,ESXi host showing Not Responding in vCenter,Cloud & Servers,VMware,Low,SEV4,Closed,EMP10246,AGT-009,Arjun Patel,AGT-009,Arjun Patel,2023-04-30 21:35,1. Remove host from vCenter. 2. Add host wizard to re-add. 3. VMs re-discovered automatically.,Management NIC down; DCUI locked; PSOD,8.5,Auto-Resolve
TKT-00581,MFA prompt not received – cannot complete login,Security & Access,Multi-Factor Authentication,Medium,SEV3,Resolved,EMP10103,AGT-008,Kavitha Menon,AGT-008,Kavitha Menon,2024-02-15 08:28,1. Admin: provide backup code via alternate method. 2. User uses code. 3. Re-register authenticator.,Authenticator app out of sync; phone number changed; MFA not registered,6,Moderate
TKT-00582,AWS EC2 instance not reachable – SSH/RDP refused,Cloud & Servers,AWS,Medium,SEV3,In Progress,EMP10439,AGT-003,Ankit Verma,AGT-003,Ankit Verma,2025-01-29 18:01,1. Check NACL for subnet. 2. Verify route table has 0.0.0.0/0 to IGW.,Security group missing inbound rule; instance stopped unexpectedly,18.8,Auto-Resolve
TKT-00583,Cannot connect to corporate VPN – authentication failure after Windows update,Network,VPN Connectivity,Medium,SEV3,Escalated,EMP10272,AGT-018,Divya Pillai,AGT-018,Divya Pillai,2023-03-25 15:54,1. Update Cisco AnyConnect to v4.10.07061+. 2. Flush DNS: ipconfig /flushdns. 3. Restart WAN Miniport adapter via Device Manager. 4. Retry VPN.,Windows update KB5034441 broke WAN Miniport driver compatibility with Cisco AnyConnect,4.5,Auto-Resolve
TKT-00584,Backup taking too long – missing SLA window,Storage & Backup,Backup Failures,High,SEV2,Resolved,EMP10336,AGT-012,Meera Iyer,AGT-012,Meera Iyer,2023-06-04 18:19,1. Move repository to SSD-backed storage. 2. Add backup proxies. 3. Adjust to off-peak hours.,Backup chain grown too large; CBT corrupted on VM,7.3,Moderate
TKT-00585,Software license expired – trial expired message,Software Applications,Password & Licensing,High,SEV2,Closed,EMP10209,AGT-020,Asha Bhat,AGT-020,Asha Bhat,2023-01-24 17:37,1. Check license server reachable: telnet <server> <port>. 2. Restart license manager.,Annual license not renewed; license server unreachable,4.5,Moderate
TKT-00586,DNS resolution slow – 10-15 seconds to load pages,Network,DNS Issues,Low,SEV4,Resolved,EMP10406,AGT-001,Ravi Kumar,AGT-001,Ravi Kumar,2024-08-31 19:12,1. Enable DNS caching: set TTL to 3600s. 2. Clear stale cache: dnscmd /clearcache. 3. Monitor with Resolve-DnsName.,DNS forwarders unresponsive causing timeout delay,35.1,Auto-Resolve
TKT-00587,Database backup restore failed – cannot recover to point in time,Storage & Backup,Data Recovery,Critical,SEV1,In Progress,EMP10539,AGT-025,Suresh Das,AGT-025,Suresh Das,2024-12-23 04:33,1. Enable Always On AG with secondary replica for continuous log shipping.,Transaction log backup chain broken; LSN gap,1.2,Moderate
TKT-00588,Monitor no signal after sleep/hibernate,Hardware,Monitor Issues,Low,SEV4,Closed,EMP10537,AGT-017,Kiran Babu,AGT-017,Kiran Babu,2024-07-09 04:13,1. Disable hybrid sleep: Power Options > advanced. 2. Disable fast startup.,GPU not resuming signal; monitor standby not recovering,48.4,Auto-Resolve
TKT-00589,Microsoft Word crashes when opening documents,Software Applications,Microsoft Office,Critical,SEV1,Closed,EMP10290,AGT-010,Sunita Joshi,AGT-010,Sunita Joshi,2024-02-23 14:44,1. Control Panel > Office > Modify > Quick Repair. 2. If still crashing: Online Repair.,Corrupted Normal.dotm template or conflicting COM add-in,2.6,Human-Escalate
TKT-00590,VMware vMotion failing between ESXi hosts,Cloud & Servers,VMware,Low,SEV4,Closed,EMP10393,AGT-003,Ankit Verma,AGT-003,Ankit Verma,2024-03-19 14:27,1. Verify vMotion VMkernel adapter on both hosts. 2. Same vMotion network/VLAN.,Incompatible CPU feature sets; vMotion network not configured,44.6,Auto-Resolve
TKT-00591,Complete network outage – entire floor offline,Network,Network Outage,Critical,SEV1,Resolved,EMP10464,AGT-013,Sanjay Gupta,AGT-013,Sanjay Gupta,2024-09-22 22:35,1. Log into switch management IP. 2. show log for errors. 3. Power-cycle switch (maintenance). 4. Verify uplink.,Core switch uplink SFP module failure,0.7,Moderate
TKT-00592,SSL certificate expired – application security warning,Security & Access,Certificate Issues,Low,SEV4,Resolved,EMP10195,AGT-002,Priya Sharma,AGT-002,Priya Sharma,2024-06-11 21:43,1. Update cert on load balancer. 2. Upload new PEM. 3. Update virtual server profile. 4. Test.,Auto-renewal failed; not monitored for expiry,64.4,Auto-Resolve
TKT-00593,SAN storage performance degraded – high LUN latency,Storage & Backup,Storage Performance,High,SEV2,Resolved,EMP10511,AGT-025,Suresh Das,AGT-025,Suresh Das,2023-12-02 18:46,1. Check HBA queue depth. 2. Increase to 128: edit modprobe.d config. 3. Reboot.,RAID rebuild consuming I/O; HBA queue depth too low,4.4,Moderate
TKT-00594,Ransomware detected on workstation,Security & Access,Security Incidents,Low,SEV4,Resolved,EMP10240,AGT-022,Swathi Gowda,AGT-022,Swathi Gowda,2024-01-12 15:20,1. Restore from Veeam backup to clean VM. 2. Validate data. 3. Re-provision workstation via Intune.,User ran malicious attachment; files encrypted on local and mapped drives,22.6,Auto-Resolve
TKT-00595,Windows Server services not starting after reboot,Cloud & Servers,Server OS,Low,SEV4,In Progress,EMP10474,AGT-009,Arjun Patel,AGT-009,Arjun Patel,2024-07-25 00:21,1. Process Monitor to capture failure. 2. Check ACCESS DENIED events on config/registry. 3. Fix ACL.,Service dependency not met; service account password expired,27.2,Auto-Resolve
TKT-00596,AWS EC2 instance not reachable – SSH/RDP refused,Cloud & Servers,AWS,Medium,SEV3,Resolved,EMP10068,AGT-015,Aditya Shah,AGT-015,Aditya Shah,2023-10-17 12:26,1. Use Session Manager: AWS Console > SSM > Start Session. 2. Fix SSH config from inside.,Security group missing inbound rule; instance stopped unexpectedly,19,Moderate
TKT-00597,Linux server disk 100% – applications failing,Cloud & Servers,Server OS,Low,SEV4,Pending,EMP10112,AGT-021,Rajesh Nambiar,AGT-021,Rajesh Nambiar,2024-04-18 21:05,1. Find core dumps: find / -name 'core.*' -delete. 2. apt autoremove. 3. df -h.,Log files or core dumps consuming all space,27.7,Auto-Resolve
TKT-00598,Software license expired – trial expired message,Software Applications,Password & Licensing,Medium,SEV3,Resolved,EMP10095,AGT-004,Sneha Reddy,AGT-004,Sneha Reddy,2023-09-11 19:37,1. Check license server reachable: telnet <server> <port>. 2. Restart license manager.,Annual license not renewed; license server unreachable,22.9,Auto-Resolve
TKT-00599,Disk I/O errors in application logs,Storage & Backup,RAID & Disk,Medium,SEV3,Closed,EMP10195,AGT-025,Suresh Das,AGT-025,Suresh Das,2023-02-10 15:45,1. dmesg | grep -i error | grep sda. 2. Reseat SATA cable. 3. Try different SATA port.,Disk nearing end of life; cable/controller issue; filesystem errors,11.6,Moderate
TKT-00600,Laptop not turning on – no response on power button,Hardware,Laptop Issues,Low,SEV4,Closed,EMP10550,AGT-023,Prakash Shetty,AGT-023,Prakash Shetty,2023-12-03 08:55,1. Hard reset: hold power 15s. 2. Remove all peripherals. 3. Try power button again.,Battery drained; power adapter fault; or BIOS hang,8.7,Auto-Resolve
TKT-00601,MFA prompt not received – cannot complete login,Security & Access,Multi-Factor Authentication,Low,SEV4,Pending,EMP10519,AGT-008,Kavitha Menon,AGT-008,Kavitha Menon,2025-02-21 03:36,1. Admin: set MFA to SMS temporarily. 2. User receives SMS code. 3. Login and update authenticator.,Authenticator app out of sync; phone number changed; MFA not registered,49.9,Auto-Resolve
TKT-00602,Wi-Fi disconnects frequently – signal strong but keeps dropping,Network,Wi-Fi Issues,Critical,SEV1,Escalated,EMP10571,AGT-013,Sanjay Gupta,AGT-013,Sanjay Gupta,2023-05-16 16:55,1. Update Wi-Fi adapter driver. 2. Disable 'Allow computer to turn off this device to save power'. 3. Set Roaming Aggressiveness to Medium.,Wi-Fi channel congestion; band-steering misconfiguration,2.4,Human-Escalate
TKT-00603,USB device not recognized – 'Unknown device' in Device Manager,Hardware,USB/Peripheral,High,SEV2,Escalated,EMP10236,AGT-023,Prakash Shetty,AGT-023,Prakash Shetty,2023-01-04 00:19,1. Uninstall Unknown Device. 2. Scan for hardware changes. 3. Try different USB port.,Corrupt USB driver; power management disabling port,6.1,Auto-Resolve
TKT-00604,SSL certificate expired – application security warning,Security & Access,Certificate Issues,Medium,SEV3,Resolved,EMP10090,AGT-022,Swathi Gowda,AGT-022,Swathi Gowda,2025-03-30 21:44,1. Update cert on load balancer. 2. Upload new PEM. 3. Update virtual server profile. 4. Test.,Auto-renewal failed; not monitored for expiry,19.8,Auto-Resolve
TKT-00605,Zoom/Teams video freezing during calls,Software Applications,Browser Issues,Critical,SEV1,Closed,EMP10195,AGT-024,Nandini Kulkarni,AGT-024,Nandini Kulkarni,2024-09-12 23:31,1. Check bandwidth at fast.com. 2. Connect via ethernet. 3. Close other bandwidth-heavy apps.,Insufficient bandwidth; CPU overload; outdated driver,3.4,Human-Escalate
TKT-00606,Disk I/O errors in application logs,Storage & Backup,RAID & Disk,High,SEV2,Pending,EMP10295,AGT-012,Meera Iyer,AGT-012,Meera Iyer,2023-01-06 17:59,1. umount then fsck -f /dev/sdX1. 2. Fix errors. 3. Remount. 4. Monitor.,Disk nearing end of life; cable/controller issue; filesystem errors,2.7,Moderate
TKT-00607,Intermittent packet loss – 15-30% ping loss to gateway,Network,Network Outage,Critical,SEV1,Closed,EMP10308,AGT-018,Divya Pillai,AGT-018,Divya Pillai,2023-01-22 15:53,1. Run Wireshark on host. 2. Identify retransmission pattern. 3. Check CRC errors. 4. Replace cable.,Duplex mismatch between server NIC and switch port,0.6,Moderate
TKT-00608,Software license expired – trial expired message,Software Applications,Password & Licensing,Medium,SEV3,Closed,EMP10547,AGT-016,Pooja Mehta,AGT-016,Pooja Mehta,2024-03-15 02:14,1. Raise purchase request. 2. Borrow license from another department temporarily.,Annual license not renewed; license server unreachable,23.3,Auto-Resolve
TKT-00609,VMware vMotion failing between ESXi hosts,Cloud & Servers,VMware,High,SEV2,Resolved,EMP10551,AGT-003,Ankit Verma,AGT-003,Ankit Verma,2024-06-03 04:52,1. Check datastore accessibility from destination host. 2. Use Storage vMotion simultaneously.,Incompatible CPU feature sets; vMotion network not configured,10,Auto-Resolve
TKT-00610,NAS drive full – employees cannot save files,Storage & Backup,Storage Performance,Low,SEV4,Resolved,EMP10252,AGT-012,Meera Iyer,AGT-012,Meera Iyer,2023-03-27 20:32,1. Expand NAS volume using admin UI. 2. Enable deduplication to reclaim space.,Disk quota not enforced; stale files consuming space,17.8,Auto-Resolve
TKT-00611,Ransomware detected on workstation,Security & Access,Security Incidents,Low,SEV4,Pending,EMP10182,AGT-014,Lakshmi Rao,AGT-014,Lakshmi Rao,2024-06-19 10:07,1. Block C2 IPs at firewall. 2. Check lateral movement via SMB. 3. Reset all affected credentials.,User ran malicious attachment; files encrypted on local and mapped drives,67,Auto-Resolve
TKT-00612,VPN drops connection every 10-15 minutes intermittently,Network,VPN Connectivity,Low,SEV4,Closed,EMP10189,AGT-018,Divya Pillai,AGT-018,Divya Pillai,2023-01-20 12:24,1. Update NIC drivers. 2. Disable Energy Efficient Ethernet. 3. Disable IPv6 on VPN adapter. 4. Reconnect.,DPD timeout mismatch between client and ASA firewall,34.2,Auto-Resolve
TKT-00613,Zoom/Teams video freezing during calls,Software Applications,Browser Issues,Medium,SEV3,Resolved,EMP10335,AGT-016,Pooja Mehta,AGT-016,Pooja Mehta,2025-03-18 14:02,1. Close Chrome tabs. 2. Pause OneDrive sync. 3. Set process priority to Above Normal.,Insufficient bandwidth; CPU overload; outdated driver,14.8,Auto-Resolve
TKT-00614,Accidentally deleted important file,Storage & Backup,Data Recovery,Low,SEV4,Closed,EMP10099,AGT-006,Deepa Nair,AGT-006,Deepa Nair,2024-05-13 01:18,1. If local: Recuva or Disk Drill scan. 2. Do not write to disk before recovery.,File deleted from share; shadow copy not configured,65.1,Auto-Resolve
TKT-00615,ESXi host showing Not Responding in vCenter,Cloud & Servers,VMware,High,SEV2,Resolved,EMP10417,AGT-015,Aditya Shah,AGT-015,Aditya Shah,2024-01-18 21:57,1. Remove host from vCenter. 2. Add host wizard to re-add. 3. VMs re-discovered automatically.,Management NIC down; DCUI locked; PSOD,5.1,Moderate
TKT-00616,VPN connects but no internal resources accessible,Network,VPN Connectivity,Low,SEV4,Resolved,EMP10094,AGT-018,Divya Pillai,AGT-018,Divya Pillai,2024-08-20 12:23,1. Check routing table: route print. 2. Add static route: route add 10.0.0.0 mask 255.0.0.0 <VPN_GW>. 3. Test.,Split tunneling disabled; DNS suffix mismatch,18.9,Auto-Resolve
TKT-00617,Printer not printing – jobs stuck in queue,Hardware,Printer Issues,Critical,SEV1,Resolved,EMP10339,AGT-011,Vijay Krishnan,AGT-011,Vijay Krishnan,2024-07-29 13:26,1. Remove and re-add printer. 2. Download latest driver. 3. Run printer troubleshooter. 4. Test page.,Print spooler service hung; corrupted print job blocking queue,2.5,Human-Escalate
TKT-00618,Application blocked by proxy – 'Access denied',Network,Firewall & Proxy,Critical,SEV1,In Progress,EMP10524,AGT-013,Sanjay Gupta,AGT-018,Divya Pillai,2024-01-14 08:25,1. Admin: create custom URL category. 2. Add to bypass list for AD group. 3. Push policy update.,Proxy URL filter miscategorized site as Social Media,1.5,Human-Escalate
TKT-00619,Outlook not receiving new emails – inbox stuck,Software Applications,Microsoft Office,Low,SEV4,In Progress,EMP10119,AGT-016,Pooja Mehta,AGT-016,Pooja Mehta,2025-02-17 17:02,1. ipconfig /flushdns. 2. Test Autodiscover: Ctrl+right-click Outlook tray. 3. Re-enter O365 credentials.,Exchange Online throttled; Outlook profile corrupted; OST file too large,34.9,Auto-Resolve
TKT-00620,Linux server disk 100% – applications failing,Cloud & Servers,Server OS,Low,SEV4,In Progress,EMP10150,AGT-021,Rajesh Nambiar,AGT-021,Rajesh Nambiar,2024-02-28 13:57,1. Find core dumps: find / -name 'core.*' -delete. 2. apt autoremove. 3. df -h.,Log files or core dumps consuming all space,35.2,Auto-Resolve
TKT-00621,Application blocked by proxy – 'Access denied',Network,Firewall & Proxy,Low,SEV4,Resolved,EMP10530,AGT-018,Divya Pillai,AGT-018,Divya Pillai,2023-02-22 06:13,1. Add destination IP to firewall allow rule. 2. Verify proxy bypass list includes IP. 3. Test.,Proxy URL filter miscategorized site as Social Media,27,Auto-Resolve
TKT-00622,Cloud backup to Azure Blob failing – auth error,Storage & Backup,Backup Failures,High,SEV2,In Progress,EMP10126,AGT-025,Suresh Das,AGT-025,Suresh Das,2025-02-17 11:32,1. Verify Azure subscription active. 2. Check storage quota limits. 3. Check Service Health.,Storage account access key rotated but not updated,7.2,Moderate
TKT-00623,NAS drive full – employees cannot save files,Storage & Backup,Storage Performance,Critical,SEV1,In Progress,EMP10148,AGT-019,Nikhil Tiwari,AGT-019,Nikhil Tiwari,2023-05-12 03:25,1. Archive files >2 years old: robocopy /MAXAGE:730. 2. Move to cold storage.,Disk quota not enforced; stale files consuming space,1.8,Moderate
TKT-00624,MFA prompt not received – cannot complete login,Security & Access,Multi-Factor Authentication,High,SEV2,Resolved,EMP10539,AGT-022,Swathi Gowda,AGT-022,Swathi Gowda,2024-08-25 10:01,1. Admin: provide backup code via alternate method. 2. User uses code. 3. Re-register authenticator.,Authenticator app out of sync; phone number changed; MFA not registered,2.9,Moderate
TKT-00625,Azure Storage blob upload failing,Cloud & Servers,Azure,Critical,SEV1,Resolved,EMP10405,AGT-015,Aditya Shah,AGT-015,Aditya Shah,2024-01-04 07:41,1. Regenerate SAS token with longer expiry. 2. Update app config. 3. Verify permissions.,Storage firewall blocking app IP; SAS token expired,0.5,Human-Escalate
TKT-00626,SSL certificate expired – application security warning,Security & Access,Certificate Issues,High,SEV2,In Progress,EMP10582,AGT-002,Priya Sharma,AGT-002,Priya Sharma,2024-12-30 16:17,1. Update cert on load balancer. 2. Upload new PEM. 3. Update virtual server profile. 4. Test.,Auto-renewal failed; not monitored for expiry,5.5,Moderate
TKT-00627,Monitor no signal after sleep/hibernate,Hardware,Monitor Issues,Critical,SEV1,Closed,EMP10232,AGT-017,Kiran Babu,AGT-023,Prakash Shetty,2023-03-26 10:31,1. Disable hybrid sleep: Power Options > advanced. 2. Disable fast startup.,GPU not resuming signal; monitor standby not recovering,0.9,Human-Escalate
TKT-00628,Ransomware detected on workstation,Security & Access,Security Incidents,Medium,SEV3,Pending,EMP10485,AGT-014,Lakshmi Rao,AGT-014,Lakshmi Rao,2024-03-11 08:47,1. Isolate: pull network cable. 2. Do NOT reboot. 3. Alert CISO. 4. Restore from clean backup. 5. Reimage.,User ran malicious attachment; files encrypted on local and mapped drives,16,Moderate
TKT-00629,Database backup restore failed – cannot recover to point in time,Storage & Backup,Data Recovery,Low,SEV4,Closed,EMP10211,AGT-012,Meera Iyer,AGT-012,Meera Iyer,2024-08-18 16:11,1. RESTORE HEADERONLY to check LSN info. 2. Identify gap. 3. Restore to last viable point.,Transaction log backup chain broken; LSN gap,12,Auto-Resolve
TKT-00630,IP address conflict – 'Another computer has same IP',Network,IP/DHCP,Critical,SEV1,Closed,EMP10289,AGT-001,Ravi Kumar,AGT-001,Ravi Kumar,2024-01-02 16:06,1. ipconfig /release then /renew. 2. If static IP: change to DHCP. 3. Check DHCP for duplicate.,Static IP conflicts with DHCP pool; duplicate reservation,1.5,Moderate
TKT-00631,Database backup restore failed – cannot recover to point in time,Storage & Backup,Data Recovery,Critical,SEV1,Pending,EMP10279,AGT-025,Suresh Das,AGT-025,Suresh Das,2023-07-06 04:18,1. RESTORE HEADERONLY to check LSN info. 2. Identify gap. 3. Restore to last viable point.,Transaction log backup chain broken; LSN gap,0.9,Moderate
TKT-00632,Backup job failed – Veeam error,Storage & Backup,Backup Failures,Medium,SEV3,Escalated,EMP10129,AGT-006,Deepa Nair,AGT-006,Deepa Nair,2024-02-12 22:46,1. vssadmin resize shadowstorage /maxsize=UNBOUNDED. 2. Delete old shadow copies. 3. Retry.,VSS snapshot failure; insufficient shadow storage; writer error,12.5,Auto-Resolve
TKT-00633,Laptop not turning on – no response on power button,Hardware,Laptop Issues,High,SEV2,Closed,EMP10198,AGT-005,Mohammed Ali,AGT-005,Mohammed Ali,2024-04-16 11:19,1. Remove battery. 2. Connect AC only. 3. Hold power 30s. 4. Reinsert battery. 5. Power on.,Battery drained; power adapter fault; or BIOS hang,10,Moderate
TKT-00634,Cannot access internal websites – browser shows server not found,Network,DNS Issues,Medium,SEV3,Resolved,EMP10449,AGT-007,Rahul Singh,AGT-007,Rahul Singh,2024-11-17 23:29,1. Check zone: dnscmd /zoneinfo. 2. Restore from backup. 3. Force replication: repadmin /syncall.,Primary internal DNS server service crashed due to corrupted zone file,12.7,Auto-Resolve
TKT-00635,MFA prompt not received – cannot complete login,Security & Access,Multi-Factor Authentication,Critical,SEV1,In Progress,EMP10240,AGT-022,Swathi Gowda,AGT-022,Swathi Gowda,2024-10-10 11:55,1. Admin: provide backup code via alternate method. 2. User uses code. 3. Re-register authenticator.,Authenticator app out of sync; phone number changed; MFA not registered,0.7,Moderate
TKT-00636,AWS Lambda function timing out,Cloud & Servers,AWS,Low,SEV4,Escalated,EMP10481,AGT-009,Arjun Patel,AGT-009,Arjun Patel,2023-08-05 07:49,1. Check VPC config: NAT Gateway for internet access. 2. Add NAT or use VPC endpoints.,Function exceeds timeout; downstream service latency,34.9,Auto-Resolve
TKT-00637,Application blocked by proxy – 'Access denied',Network,Firewall & Proxy,Critical,SEV1,Resolved,EMP10529,AGT-013,Sanjay Gupta,AGT-013,Sanjay Gupta,2023-12-07 21:54,1. Admin: create custom URL category. 2. Add to bypass list for AD group. 3. Push policy update.,Proxy URL filter miscategorized site as Social Media,3.6,Moderate
TKT-00638,User cannot login to web application – SSO not working,Security & Access,Password Reset,Medium,SEV3,Resolved,EMP10150,AGT-002,Priya Sharma,AGT-002,Priya Sharma,2023-12-06 06:19,1. Clear cookies for SSO domain. 2. Try incognito. 3. Try different browser.,SAML token expired or IdP metadata outdated,22.3,Auto-Resolve
TKT-00639,Printer not printing – jobs stuck in queue,Hardware,Printer Issues,High,SEV2,Closed,EMP10191,AGT-023,Prakash Shetty,AGT-023,Prakash Shetty,2024-06-04 11:43,1. Remove and re-add printer. 2. Download latest driver. 3. Run printer troubleshooter. 4. Test page.,Print spooler service hung; corrupted print job blocking queue,8.7,Moderate
TKT-00640,Intermittent packet loss – 15-30% ping loss to gateway,Network,Network Outage,Medium,SEV3,Resolved,EMP10501,AGT-013,Sanjay Gupta,AGT-013,Sanjay Gupta,2025-02-19 05:34,1. show interface on switch – check CRC errors. 2. Set full-duplex. 3. Set server NIC to match. 4. Monitor.,Duplex mismatch between server NIC and switch port,23,Moderate
TKT-00641,New employee cannot access ERP on first day,Security & Access,Access Control,Critical,SEV1,Resolved,EMP10072,AGT-014,Lakshmi Rao,AGT-014,Lakshmi Rao,2023-10-11 01:24,1. Manually provision ERP account. 2. Assign base role per department matrix.,ERP provisioning not completed; role assignment pending,1.9,Human-Escalate
TKT-00642,Azure Storage blob upload failing,Cloud & Servers,Azure,High,SEV2,Resolved,EMP10395,AGT-021,Rajesh Nambiar,AGT-021,Rajesh Nambiar,2025-01-11 21:21,1. Managed Identity: assign Storage Blob Data Contributor role. 2. az role assignment create.,Storage firewall blocking app IP; SAS token expired,11.1,Moderate
TKT-00643,Database backup restore failed – cannot recover to point in time,Storage & Backup,Data Recovery,Critical,SEV1,Resolved,EMP10483,AGT-012,Meera Iyer,AGT-025,Suresh Das,2023-07-15 00:28,1. RESTORE HEADERONLY to check LSN info. 2. Identify gap. 3. Restore to last viable point.,Transaction log backup chain broken; LSN gap,1.6,Human-Escalate
TKT-00644,Antivirus blocking legitimate application,Software Applications,Antivirus / Security Software,Medium,SEV3,Resolved,EMP10124,AGT-024,Nandini Kulkarni,AGT-024,Nandini Kulkarni,2023-08-04 18:24,1. Disable real-time protection temporarily. 2. Launch app. 3. Add executable to whitelist.,Heuristic false positive flagging application executable,3.9,Auto-Resolve
TKT-00645,Software license expired – trial expired message,Software Applications,Password & Licensing,High,SEV2,Resolved,EMP10402,AGT-024,Nandini Kulkarni,AGT-024,Nandini Kulkarni,2023-04-12 22:51,1. Raise purchase request. 2. Borrow license from another department temporarily.,Annual license not renewed; license server unreachable,2.4,Auto-Resolve
TKT-00646,Desktop running very slowly,Hardware,Desktop Issues,Critical,SEV1,In Progress,EMP10278,AGT-017,Kiran Babu,AGT-017,Kiran Babu,2024-09-29 17:32,1. Task Manager. 2. msconfig > Startup: disable non-essentials. 3. Reboot.,HDD fragmentation; startup bloatware; low RAM; malware,0.9,Moderate
TKT-00647,Laptop screen flickering – random lines on display,Hardware,Laptop Issues,Low,SEV4,In Progress,EMP10180,AGT-011,Vijay Krishnan,AGT-011,Vijay Krishnan,2024-10-25 08:45,1. External monitor via HDMI. 2. If OK: LCD cable issue. 3. Reseat cable or escalate.,Loose display cable or failing GPU driver; LCD backlight fault,16.7,Auto-Resolve
TKT-00648,User locked out of Windows login – forgot password,Security & Access,Password Reset,Low,SEV4,Resolved,EMP10097,AGT-022,Swathi Gowda,AGT-022,Swathi Gowda,2025-02-28 14:15,1. ADUC: right-click user > Unlock Account. 2. Check 'User must change password'. 3. Communicate via phone.,Too many failed attempts triggered lockout policy,54.2,Auto-Resolve
TKT-00649,Desktop PC not booting – stuck at BIOS logo,Hardware,Desktop Issues,Medium,SEV3,Escalated,EMP10207,AGT-005,Mohammed Ali,AGT-005,Mohammed Ali,2024-04-20 15:35,1. Enter BIOS. 2. Verify boot order: SSD first. 3. If SSD not detected: reseat cable.,Corrupted boot sector after incomplete update,23.8,Moderate
TKT-00650,AWS EC2 instance not reachable – SSH/RDP refused,Cloud & Servers,AWS,Medium,SEV3,In Progress,EMP10361,AGT-003,Ankit Verma,AGT-003,Ankit Verma,2023-06-27 05:15,1. Use Session Manager: AWS Console > SSM > Start Session. 2. Fix SSH config from inside.,Security group missing inbound rule; instance stopped unexpectedly,15,Moderate
TKT-00651,Laptop not turning on – no response on power button,Hardware,Laptop Issues,Medium,SEV3,Resolved,EMP10040,AGT-017,Kiran Babu,AGT-017,Kiran Babu,2023-01-29 03:56,1. Connect to known-good outlet. 2. Reseat RAM sticks. 3. Attempt power on.,Battery drained; power adapter fault; or BIOS hang,23.3,Moderate
TKT-00652,Linux server disk 100% – applications failing,Cloud & Servers,Server OS,Low,SEV4,In Progress,EMP10480,AGT-015,Aditya Shah,AGT-015,Aditya Shah,2023-04-09 04:33,1. lvextend -L +20G /dev/mapper/vg-lv. 2. resize2fs or xfs_growfs. 3. df -h.,Log files or core dumps consuming all space,34,Auto-Resolve
TKT-00653,Antivirus blocking legitimate application,Software Applications,Antivirus / Security Software,Critical,SEV1,Resolved,EMP10305,AGT-004,Sneha Reddy,AGT-004,Sneha Reddy,2025-01-28 21:29,1. AV console > Quarantine > Restore file. 2. Add folder to exclusions. 3. Verify with vendor.,Heuristic false positive flagging application executable,1.1,Human-Escalate
TKT-00654,Linux server disk 100% – applications failing,Cloud & Servers,Server OS,Critical,SEV1,Resolved,EMP10449,AGT-009,Arjun Patel,AGT-021,Rajesh Nambiar,2023-03-18 21:40,1. du -sh /* | sort -rh | head -20. 2. Truncate: > /var/log/syslog. 3. Restart logging.,Log files or core dumps consuming all space,1.9,Human-Escalate
TKT-00655,Unauthorized device on corporate network,Security & Access,Security Incidents,Critical,SEV1,Resolved,EMP10067,AGT-008,Kavitha Menon,AGT-008,Kavitha Menon,2023-05-27 12:25,1. DHCP logs + arp -a. 2. Locate port via switch MAC table. 3. Shutdown port. 4. Investigate.,Rogue device on open port; no 802.1X authentication,2.9,Moderate
TKT-00656,Azure AD Conditional Access blocking user login,Cloud & Servers,Azure,Medium,SEV3,Resolved,EMP10306,AGT-021,Rajesh Nambiar,AGT-021,Rajesh Nambiar,2023-11-27 05:40,1. Check if user in correct CA scope. 2. Check Named Locations – add new office IP.,Device not compliant in Intune; policy requires compliant device,18,Auto-Resolve
TKT-00657,Azure VM not starting – allocation failure,Cloud & Servers,Azure,Medium,SEV3,Escalated,EMP10485,AGT-015,Aditya Shah,AGT-015,Aditya Shah,2023-07-02 08:36,1. Change VM size to available SKU: VM > Size. 2. Or redeploy to different zone.,Azure region capacity constraint; VM size unavailable,4.3,Auto-Resolve
TKT-00658,Outlook not receiving new emails – inbox stuck,Software Applications,Microsoft Office,Medium,SEV3,In Progress,EMP10296,AGT-020,Asha Bhat,AGT-020,Asha Bhat,2023-11-25 21:06,1. F9 to force send/receive. 2. Check account settings: File > Account Settings.,Exchange Online throttled; Outlook profile corrupted; OST file too large,20.9,Auto-Resolve
TKT-00659,USB device not recognized – 'Unknown device' in Device Manager,Hardware,USB/Peripheral,Low,SEV4,Pending,EMP10021,AGT-017,Kiran Babu,AGT-017,Kiran Babu,2023-12-06 22:15,1. Device Manager > USB Root Hubs > Power Management > uncheck allow turn off. 2. Reconnect device.,Corrupt USB driver; power management disabling port,7.4,Auto-Resolve
TKT-00660,Accidentally deleted important file,Storage & Backup,Data Recovery,Critical,SEV1,Pending,EMP10001,AGT-025,Suresh Das,AGT-025,Suresh Das,2023-03-14 18:46,1. Right-click folder > Properties > Previous Versions. 2. Restore from shadow copy.,File deleted from share; shadow copy not configured,1.4,Human-Escalate
TKT-00661,Unauthorized device on corporate network,Security & Access,Security Incidents,Medium,SEV3,Resolved,EMP10081,AGT-022,Swathi Gowda,AGT-022,Swathi Gowda,2023-09-25 06:09,1. DHCP logs + arp -a. 2. Locate port via switch MAC table. 3. Shutdown port. 4. Investigate.,Rogue device on open port; no 802.1X authentication,8.5,Moderate
TKT-00662,Complete network outage – entire floor offline,Network,Network Outage,Critical,SEV1,In Progress,EMP10200,AGT-013,Sanjay Gupta,AGT-013,Sanjay Gupta,2024-02-16 19:53,1. Reseat uplink cable. 2. Try alternate patch cable. 3. Move uplink to backup port. 4. Test.,Core switch uplink SFP module failure,1.3,Human-Escalate
TKT-00663,VMware vMotion failing between ESXi hosts,Cloud & Servers,VMware,Low,SEV4,Resolved,EMP10208,AGT-015,Aditya Shah,AGT-015,Aditya Shah,2024-03-02 21:20,1. Check datastore accessibility from destination host. 2. Use Storage vMotion simultaneously.,Incompatible CPU feature sets; vMotion network not configured,69.7,Auto-Resolve
TKT-00664,SSL certificate expired – application security warning,Security & Access,Certificate Issues,Medium,SEV3,Pending,EMP10301,AGT-008,Kavitha Menon,AGT-008,Kavitha Menon,2024-09-28 19:06,1. Generate CSR: openssl req -new. 2. Submit to CA. 3. Install cert. 4. Restart service.,Auto-renewal failed; not monitored for expiry,18.7,Auto-Resolve
TKT-00665,Unable to post journal entry in SAP – Period not open error,Software Applications,ERP / SAP,Low,SEV4,Closed,EMP10464,AGT-004,Sneha Reddy,AGT-004,Sneha Reddy,2024-09-06 15:01,1. Check OB52 variant matches company code. 2. Verify From/To Period range. 3. Check account type.,Fiscal year period not opened in FI module,50.7,Auto-Resolve
TKT-00666,AWS Lambda function timing out,Cloud & Servers,AWS,Critical,SEV1,Escalated,EMP10380,AGT-003,Ankit Verma,AGT-003,Ankit Verma,2023-12-28 12:52,1. Enable X-Ray tracing. 2. Identify slowest segment. 3. Initialize SDK outside handler.,Function exceeds timeout; downstream service latency,2.6,Human-Escalate
TKT-00667,Printer not printing – jobs stuck in queue,Hardware,Printer Issues,Low,SEV4,Resolved,EMP10588,AGT-017,Kiran Babu,AGT-017,Kiran Babu,2023-05-19 05:03,1. Services.msc: stop Print Spooler. 2. Delete C:\Windows\System32\spool\PRINTERS\*. 3. Start Spooler. 4. Retry.,Print spooler service hung; corrupted print job blocking queue,35.9,Auto-Resolve
TKT-00668,Monitor no signal after sleep/hibernate,Hardware,Monitor Issues,Medium,SEV3,Escalated,EMP10247,AGT-005,Mohammed Ali,AGT-005,Mohammed Ali,2023-07-13 23:48,1. Update GPU driver. 2. Disable deep sleep for GPU in Device Manager.,GPU not resuming signal; monitor standby not recovering,4.5,Moderate
TKT-00669,Antivirus blocking legitimate application,Software Applications,Antivirus / Security Software,Critical,SEV1,Closed,EMP10270,AGT-016,Pooja Mehta,AGT-016,Pooja Mehta,2024-05-16 10:57,1. Upload to VirusTotal.com to verify false positive. 2. Submit to AV vendor. 3. Exclude temporarily.,Heuristic false positive flagging application executable,1.1,Moderate
TKT-00670,IP address conflict – 'Another computer has same IP',Network,IP/DHCP,Low,SEV4,Escalated,EMP10106,AGT-001,Ravi Kumar,AGT-001,Ravi Kumar,2024-12-11 04:30,1. ipconfig /release then /renew. 2. If static IP: change to DHCP. 3. Check DHCP for duplicate.,Static IP conflicts with DHCP pool; duplicate reservation,8.8,Auto-Resolve
TKT-00671,Unable to post journal entry in SAP – Period not open error,Software Applications,ERP / SAP,High,SEV2,Closed,EMP10408,AGT-024,Nandini Kulkarni,AGT-024,Nandini Kulkarni,2024-02-24 20:09,1. Check MMPV for MM period. 2. Allow posting to previous period via MMRV.,Fiscal year period not opened in FI module,1.8,Moderate
TKT-00672,Azure Storage blob upload failing,Cloud & Servers,Azure,Medium,SEV3,In Progress,EMP10361,AGT-003,Ankit Verma,AGT-003,Ankit Verma,2023-09-04 23:42,1. Check ADLS Gen2 vs blob storage SDK. 2. Use correct SDK for the storage type.,Storage firewall blocking app IP; SAS token expired,15.8,Auto-Resolve
TKT-00673,ESXi host showing Not Responding in vCenter,Cloud & Servers,VMware,Medium,SEV3,Closed,EMP10437,AGT-021,Rajesh Nambiar,AGT-021,Rajesh Nambiar,2023-11-25 03:05,1. If PSOD: physical access required. 2. Note panic message. 3. Reboot. 4. Open VMware SR.,Management NIC down; DCUI locked; PSOD,9.2,Auto-Resolve
TKT-00674,VMware vMotion failing between ESXi hosts,Cloud & Servers,VMware,Critical,SEV1,Resolved,EMP10391,AGT-003,Ankit Verma,AGT-003,Ankit Verma,2023-01-01 00:39,1. Enable EVC cluster mode in vCenter. 2. Set baseline to lowest CPU family. 3. Retry vMotion.,Incompatible CPU feature sets; vMotion network not configured,0.7,Human-Escalate
TKT-00675,Application blocked by proxy – 'Access denied',Network,Firewall & Proxy,Critical,SEV1,Resolved,EMP10087,AGT-013,Sanjay Gupta,AGT-001,Ravi Kumar,2023-02-10 04:36,1. Add destination IP to firewall allow rule. 2. Verify proxy bypass list includes IP. 3. Test.,Proxy URL filter miscategorized site as Social Media,1.2,Human-Escalate
TKT-00676,Application blocked by proxy – 'Access denied',Network,Firewall & Proxy,High,SEV2,Resolved,EMP10384,AGT-007,Rahul Singh,AGT-007,Rahul Singh,2025-01-25 13:48,1. Add destination IP to firewall allow rule. 2. Verify proxy bypass list includes IP. 3. Test.,Proxy URL filter miscategorized site as Social Media,3.7,Moderate
TKT-00677,Database backup restore failed – cannot recover to point in time,Storage & Backup,Data Recovery,Low,SEV4,Pending,EMP10085,AGT-006,Deepa Nair,AGT-006,Deepa Nair,2023-02-09 15:48,1. Restore full backup (NORECOVERY). 2. Apply differentials. 3. Apply log backups. 4. RESTORE WITH RECOVERY.,Transaction log backup chain broken; LSN gap,65.6,Auto-Resolve
TKT-00678,Ransomware detected on workstation,Security & Access,Security Incidents,High,SEV2,Resolved,EMP10391,AGT-014,Lakshmi Rao,AGT-014,Lakshmi Rao,2023-05-26 23:48,1. Restore from Veeam backup to clean VM. 2. Validate data. 3. Re-provision workstation via Intune.,User ran malicious attachment; files encrypted on local and mapped drives,5.2,Moderate
TKT-00679,USB device not recognized – 'Unknown device' in Device Manager,Hardware,USB/Peripheral,Critical,SEV1,Pending,EMP10451,AGT-023,Prakash Shetty,AGT-023,Prakash Shetty,2023-05-29 19:59,1. PowerShell: Get-PnpDevice -Status Error | Disable-PnpDevice then re-enable.,Corrupt USB driver; power management disabling port,3.4,Human-Escalate
TKT-00680,Wi-Fi disconnects frequently – signal strong but keeps dropping,Network,Wi-Fi Issues,Low,SEV4,In Progress,EMP10231,AGT-018,Divya Pillai,AGT-018,Divya Pillai,2023-01-29 06:42,1. On Cisco WLC: disable band-steering. 2. Set min RSSI -72dBm. 3. Enable 802.11r fast roaming.,Wi-Fi channel congestion; band-steering misconfiguration,53.4,Auto-Resolve
TKT-00681,Ransomware detected on workstation,Security & Access,Security Incidents,High,SEV2,In Progress,EMP10275,AGT-002,Priya Sharma,AGT-002,Priya Sharma,2025-01-01 01:33,1. Restore from Veeam backup to clean VM. 2. Validate data. 3. Re-provision workstation via Intune.,User ran malicious attachment; files encrypted on local and mapped drives,1.2,Auto-Resolve
TKT-00682,Phishing email received – user clicked suspicious link,Security & Access,Security Incidents,Critical,SEV1,Pending,EMP10333,AGT-008,Kavitha Menon,AGT-008,Kavitha Menon,2025-02-03 16:13,1. Disconnect from network. 2. Change password from clean device. 3. Revoke sessions in Azure AD. 4. Enable MFA.,Social engineering; credential-harvesting URL clicked,1.8,Human-Escalate
TKT-00683,Printer shows offline though powered on,Hardware,Printer Issues,Low,SEV4,Resolved,EMP10546,AGT-011,Vijay Krishnan,AGT-011,Vijay Krishnan,2024-12-29 02:07,1. Assign static IP via printer web interface. 2. Set outside DHCP range. 3. Update port on all PCs.,TCP/IP port IP mismatch after DHCP lease change,13.8,Auto-Resolve
TKT-00684,Unable to post journal entry in SAP – Period not open error,Software Applications,ERP / SAP,Critical,SEV1,Resolved,EMP10495,AGT-024,Nandini Kulkarni,AGT-024,Nandini Kulkarni,2024-01-19 01:49,1. Check OB52 variant matches company code. 2. Verify From/To Period range. 3. Check account type.,Fiscal year period not opened in FI module,1.2,Human-Escalate
TKT-00685,Azure AD Conditional Access blocking user login,Cloud & Servers,Azure,Medium,SEV3,Resolved,EMP10551,AGT-009,Arjun Patel,AGT-009,Arjun Patel,2024-12-11 03:19,1. Intune > Devices > check compliance. 2. Fix failing policy. 3. Sync in Company Portal.,Device not compliant in Intune; policy requires compliant device,11.9,Auto-Resolve
TKT-00686,Phishing email received – user clicked suspicious link,Security & Access,Security Incidents,Critical,SEV1,Pending,EMP10184,AGT-002,Priya Sharma,AGT-002,Priya Sharma,2023-04-12 23:03,1. Check email headers. 2. Block sender domain in EOP. 3. Delete from all mailboxes. 4. Report to security.,Social engineering; credential-harvesting URL clicked,3.4,Moderate
TKT-00687,Unauthorized device on corporate network,Security & Access,Security Incidents,Medium,SEV3,Resolved,EMP10104,AGT-008,Kavitha Menon,AGT-008,Kavitha Menon,2023-07-29 14:08,1. MAC address filtering as immediate fix. 2. Raise change for dynamic VLAN. 3. Review physical security.,Rogue device on open port; no 802.1X authentication,11.1,Auto-Resolve
TKT-00688,SAN storage performance degraded – high LUN latency,Storage & Backup,Storage Performance,Low,SEV4,Closed,EMP10555,AGT-012,Meera Iyer,AGT-012,Meera Iyer,2024-06-08 03:52,1. Check array for rebuild status. 2. Move critical workloads to unaffected LUNs.,RAID rebuild consuming I/O; HBA queue depth too low,26.2,Auto-Resolve
TKT-00689,Browser pages loading slowly or not loading,Software Applications,Browser Issues,Medium,SEV3,Pending,EMP10043,AGT-024,Nandini Kulkarni,AGT-024,Nandini Kulkarni,2024-02-02 11:13,1. Change DNS to 8.8.8.8. 2. ipconfig /flushdns. 3. Restart browser.,Cache corruption; DNS issue; extension conflict,8.7,Moderate
TKT-00690,Intermittent packet loss – 15-30% ping loss to gateway,Network,Network Outage,Low,SEV4,Resolved,EMP10516,AGT-007,Rahul Singh,AGT-007,Rahul Singh,2024-02-26 10:58,1. Check broadcast storm: show interface. 2. Enable storm control: storm-control broadcast level 20. 3. Monitor.,Duplex mismatch between server NIC and switch port,65.9,Auto-Resolve
TKT-00691,Zoom/Teams video freezing during calls,Software Applications,Browser Issues,High,SEV2,Resolved,EMP10585,AGT-020,Asha Bhat,AGT-020,Asha Bhat,2023-11-27 21:34,1. Update Zoom/Teams. 2. Update webcam/audio drivers. 3. Lower noise cancellation.,Insufficient bandwidth; CPU overload; outdated driver,5,Moderate
TKT-00692,SAP GUI session disconnected – transaction rolled back,Software Applications,ERP / SAP,Low,SEV4,Closed,EMP10338,AGT-004,Sneha Reddy,AGT-004,Sneha Reddy,2024-12-25 21:30,1. Reconnect to SAP GUI. 2. Check if auto-saved. 3. Admin: increase timeout in RZ11.,Network timeout exceeding SAP session timeout; high WAN latency,34.9,Auto-Resolve
TKT-00693,Cannot access internal websites – browser shows server not found,Network,DNS Issues,Critical,SEV1,Escalated,EMP10012,AGT-018,Divya Pillai,AGT-018,Divya Pillai,2023-06-14 10:08,1. Get-Service DNS on all DCs. 2. Start failed instances. 3. Check event log 4013/4015. 4. Run dcdiag /test:DNS.,Primary internal DNS server service crashed due to corrupted zone file,2.5,Moderate
TKT-00694,Antivirus blocking legitimate application,Software Applications,Antivirus / Security Software,Medium,SEV3,In Progress,EMP10004,AGT-004,Sneha Reddy,AGT-004,Sneha Reddy,2024-11-12 12:24,1. Disable real-time protection temporarily. 2. Launch app. 3. Add executable to whitelist.,Heuristic false positive flagging application executable,15.4,Auto-Resolve
TKT-00695,Unable to connect to Wi-Fi – 'Can't connect to this network',Network,Wi-Fi Issues,Low,SEV4,Resolved,EMP10364,AGT-007,Rahul Singh,AGT-007,Rahul Singh,2024-07-10 01:50,"1. Check if DHCP scope exhausted. 2. Admin: expand scope or reduce lease. 3. ipconfig /release, /renew.",Corrupted Wi-Fi profile in Windows,69.9,Auto-Resolve
TKT-00696,Windows Server services not starting after reboot,Cloud & Servers,Server OS,Critical,SEV1,Resolved,EMP10268,AGT-015,Aditya Shah,AGT-003,Ankit Verma,2024-02-15 21:06,1. sc delete <ServiceName>. 2. Reinstall application to re-register service.,Service dependency not met; service account password expired,1.1,Human-Escalate
TKT-00697,Microsoft Word crashes when opening documents,Software Applications,Microsoft Office,High,SEV2,Pending,EMP10499,AGT-020,Asha Bhat,AGT-020,Asha Bhat,2023-11-30 23:30,1. Rename Normal.dotm to Normal.old in AppData\Roaming\Microsoft\Templates. 2. Restart Word.,Corrupted Normal.dotm template or conflicting COM add-in,11.4,Moderate
TKT-00698,Database backup restore failed – cannot recover to point in time,Storage & Backup,Data Recovery,Critical,SEV1,Resolved,EMP10568,AGT-019,Nikhil Tiwari,AGT-006,Deepa Nair,2024-01-10 17:54,1. Restore full backup (NORECOVERY). 2. Apply differentials. 3. Apply log backups. 4. RESTORE WITH RECOVERY.,Transaction log backup chain broken; LSN gap,3.9,Human-Escalate
TKT-00699,Wi-Fi disconnects frequently – signal strong but keeps dropping,Network,Wi-Fi Issues,Critical,SEV1,Closed,EMP10158,AGT-007,Rahul Singh,AGT-007,Rahul Singh,2023-01-24 04:51,1. On Cisco WLC: disable band-steering. 2. Set min RSSI -72dBm. 3. Enable 802.11r fast roaming.,Wi-Fi channel congestion; band-steering misconfiguration,3.2,Human-Escalate
TKT-00700,Cannot access internal websites – browser shows server not found,Network,DNS Issues,Medium,SEV3,Closed,EMP10022,AGT-013,Sanjay Gupta,AGT-013,Sanjay Gupta,2024-03-24 16:28,1. RDP to DNS server. 2. Restart DNS Server service. 3. Test nslookup. 4. ipconfig /flushdns on client.,Primary internal DNS server service crashed due to corrupted zone file,4.7,Auto-Resolve
TKT-00701,NAS drive full – employees cannot save files,Storage & Backup,Storage Performance,Low,SEV4,Closed,EMP10447,AGT-025,Suresh Das,AGT-025,Suresh Das,2023-07-24 02:22,1. Archive files >2 years old: robocopy /MAXAGE:730. 2. Move to cold storage.,Disk quota not enforced; stale files consuming space,52.1,Auto-Resolve
TKT-00702,Unable to connect to Wi-Fi – 'Can't connect to this network',Network,Wi-Fi Issues,High,SEV2,Closed,EMP10220,AGT-013,Sanjay Gupta,AGT-013,Sanjay Gupta,2023-04-26 01:24,1. netsh int ip reset. 2. netsh winsock reset. 3. ipconfig /flushdns. 4. Reboot. 5. Reconnect.,Corrupted Wi-Fi profile in Windows,9.9,Moderate
TKT-00703,NAS drive full – employees cannot save files,Storage & Backup,Storage Performance,Low,SEV4,Resolved,EMP10394,AGT-019,Nikhil Tiwari,AGT-019,Nikhil Tiwari,2024-11-20 09:09,1. Expand NAS volume using admin UI. 2. Enable deduplication to reclaim space.,Disk quota not enforced; stale files consuming space,54.6,Auto-Resolve
TKT-00704,Unable to post journal entry in SAP – Period not open error,Software Applications,ERP / SAP,Medium,SEV3,Resolved,EMP10332,AGT-010,Sunita Joshi,AGT-010,Sunita Joshi,2024-08-19 21:41,1. Check OB52 variant matches company code. 2. Verify From/To Period range. 3. Check account type.,Fiscal year period not opened in FI module,12.1,Auto-Resolve
TKT-00705,Backup taking too long – missing SLA window,Storage & Backup,Backup Failures,Medium,SEV3,Resolved,EMP10040,AGT-019,Nikhil Tiwari,AGT-019,Nikhil Tiwari,2023-10-10 14:40,1. Schedule synthetic full backup weekly. 2. Enable synthetic full instead of active full.,Backup chain grown too large; CBT corrupted on VM,18.2,Moderate
TKT-00706,PowerPoint not displaying correctly on projector,Software Applications,Microsoft Office,Medium,SEV3,Resolved,EMP10563,AGT-016,Pooja Mehta,AGT-016,Pooja Mehta,2024-09-29 15:40,1. Slide Show > Set Up Slide Show > check display monitor. 2. Uncheck Presenter View.,Resolution mismatch; display scaling issues,11.7,Auto-Resolve
TKT-00707,Laptop not turning on – no response on power button,Hardware,Laptop Issues,Medium,SEV3,Closed,EMP10191,AGT-023,Prakash Shetty,AGT-023,Prakash Shetty,2024-10-02 16:12,"1. Drain residual: disconnect AC, remove battery, hold power 30s. 2. Reconnect AC only. 3. Power on.",Battery drained; power adapter fault; or BIOS hang,12.5,Moderate
TKT-00708,SAP GUI session disconnected – transaction rolled back,Software Applications,ERP / SAP,Medium,SEV3,Resolved,EMP10570,AGT-020,Asha Bhat,AGT-020,Asha Bhat,2023-10-09 01:35,1. Use SAP Web GUI: http://<host>:8000/sap/bc/gui/sap/its/webgui. 2. Report to Basis team.,Network timeout exceeding SAP session timeout; high WAN latency,22.9,Moderate
TKT-00709,Disk I/O errors in application logs,Storage & Backup,RAID & Disk,High,SEV2,Resolved,EMP10213,AGT-006,Deepa Nair,AGT-006,Deepa Nair,2024-12-26 09:12,1. dmesg | grep -i error | grep sda. 2. Reseat SATA cable. 3. Try different SATA port.,Disk nearing end of life; cable/controller issue; filesystem errors,1,Moderate
TKT-00710,Browser pages loading slowly or not loading,Software Applications,Browser Issues,Critical,SEV1,Resolved,EMP10543,AGT-010,Sunita Joshi,AGT-024,Nandini Kulkarni,2024-10-11 18:37,1. Uninstall and reinstall browser. 2. Reset settings to default.,Cache corruption; DNS issue; extension conflict,3.8,Human-Escalate
TKT-00711,SSL certificate expired – application security warning,Security & Access,Certificate Issues,Critical,SEV1,Closed,EMP10496,AGT-014,Lakshmi Rao,AGT-014,Lakshmi Rao,2024-03-04 22:16,1. Generate CSR: openssl req -new. 2. Submit to CA. 3. Install cert. 4. Restart service.,Auto-renewal failed; not monitored for expiry,2.6,Moderate
TKT-00712,Antivirus blocking legitimate application,Software Applications,Antivirus / Security Software,Critical,SEV1,In Progress,EMP10555,AGT-020,Asha Bhat,AGT-020,Asha Bhat,2023-12-03 21:54,1. AV console > Quarantine > Restore file. 2. Add folder to exclusions. 3. Verify with vendor.,Heuristic false positive flagging application executable,2.4,Moderate
TKT-00713,User receiving Access Denied on SharePoint site,Security & Access,Access Control,Medium,SEV3,Resolved,EMP10230,AGT-022,Swathi Gowda,AGT-022,Swathi Gowda,2023-12-27 03:36,1. Admin: Site Settings > People and Groups. 2. Add user to Members group.,User not in site members group; permissions inheritance broken,13.2,Moderate
TKT-00714,IP address conflict – 'Another computer has same IP',Network,IP/DHCP,Medium,SEV3,Closed,EMP10117,AGT-007,Rahul Singh,AGT-007,Rahul Singh,2023-10-21 20:10,1. Check for overlapping DHCP scopes. 2. Set exclusion range for statics. 3. Enable conflict detection.,Static IP conflicts with DHCP pool; duplicate reservation,7.6,Auto-Resolve
TKT-00715,Employee cannot access shared drive – Access denied,Security & Access,Access Control,Critical,SEV1,In Progress,EMP10476,AGT-022,Swathi Gowda,AGT-022,Swathi Gowda,2025-02-12 09:26,1. Check share permissions. 2. Add user's group with Change permission. 3. Check NTFS permissions.,User removed from AD security group during access review,3.9,Human-Escalate
TKT-00716,Antivirus blocking legitimate application,Software Applications,Antivirus / Security Software,Critical,SEV1,Closed,EMP10299,AGT-020,Asha Bhat,AGT-024,Nandini Kulkarni,2024-12-12 19:47,1. Disable real-time protection temporarily. 2. Launch app. 3. Add executable to whitelist.,Heuristic false positive flagging application executable,1.6,Human-Escalate
TKT-00717,NAS drive full – employees cannot save files,Storage & Backup,Storage Performance,Low,SEV4,Escalated,EMP10411,AGT-006,Deepa Nair,AGT-006,Deepa Nair,2023-05-18 08:46,1. Get-DiskQuota > identify top consumers. 2. Notify to archive. 3. Set hard quota.,Disk quota not enforced; stale files consuming space,28.9,Auto-Resolve
TKT-00718,IP address conflict – 'Another computer has same IP',Network,IP/DHCP,Critical,SEV1,Escalated,EMP10585,AGT-007,Rahul Singh,AGT-007,Rahul Singh,2023-12-12 19:46,1. ipconfig /release then /renew. 2. If static IP: change to DHCP. 3. Check DHCP for duplicate.,Static IP conflicts with DHCP pool; duplicate reservation,1.5,Human-Escalate
TKT-00719,Accidentally deleted important file,Storage & Backup,Data Recovery,Low,SEV4,In Progress,EMP10407,AGT-025,Suresh Das,AGT-025,Suresh Das,2025-02-23 17:59,1. Restore from last Veeam backup. 2. Single-file restore to original location.,File deleted from share; shadow copy not configured,54.6,Auto-Resolve
TKT-00720,VPN drops connection every 10-15 minutes intermittently,Network,VPN Connectivity,Critical,SEV1,Resolved,EMP10585,AGT-007,Rahul Singh,AGT-007,Rahul Singh,2024-02-21 11:42,1. Check split tunneling on ASA. 2. Add subnets to exclusion list. 3. Re-push VPN profile. 4. Test.,DPD timeout mismatch between client and ASA firewall,2.8,Human-Escalate
TKT-00721,Disk I/O errors in application logs,Storage & Backup,RAID & Disk,Medium,SEV3,Closed,EMP10544,AGT-006,Deepa Nair,AGT-006,Deepa Nair,2023-05-21 03:39,1. smartctl -H /dev/sdX. 2. Run extended SMART test. 3. If failing: replace immediately.,Disk nearing end of life; cable/controller issue; filesystem errors,18.3,Auto-Resolve
TKT-00722,Application blocked by proxy – 'Access denied',Network,Firewall & Proxy,Critical,SEV1,Resolved,EMP10062,AGT-018,Divya Pillai,AGT-001,Ravi Kumar,2023-08-29 11:00,1. Admin: create custom URL category. 2. Add to bypass list for AD group. 3. Push policy update.,Proxy URL filter miscategorized site as Social Media,1.2,Human-Escalate
TKT-00723,RAID array showing degraded – one disk failed,Storage & Backup,RAID & Disk,Medium,SEV3,Escalated,EMP10007,AGT-019,Nikhil Tiwari,AGT-019,Nikhil Tiwari,2023-05-27 08:47,1. Identify failed disk via storage console. 2. Procure matching disk. 3. Hot-swap; rebuild starts.,Single disk failure in RAID-5/6; SMART alert,6.6,Moderate
TKT-00724,MFA prompt not received – cannot complete login,Security & Access,Multi-Factor Authentication,Low,SEV4,Resolved,EMP10006,AGT-022,Swathi Gowda,AGT-022,Swathi Gowda,2025-03-15 10:51,1. Authenticator app > account > check time sync. 2. Enable auto time on Android. 3. Retry.,Authenticator app out of sync; phone number changed; MFA not registered,41.4,Auto-Resolve
TKT-00725,NAS drive full – employees cannot save files,Storage & Backup,Storage Performance,Critical,SEV1,Closed,EMP10287,AGT-025,Suresh Das,AGT-025,Suresh Das,2024-08-06 17:12,1. FSRM > Quota Management > create template. 2. Apply 5GB soft + 10GB hard quota.,Disk quota not enforced; stale files consuming space,1.8,Human-Escalate
TKT-00726,Laptop BSOD – crashes randomly,Hardware,Laptop Issues,High,SEV2,Resolved,EMP10039,AGT-011,Vijay Krishnan,AGT-011,Vijay Krishnan,2023-05-11 16:02,1. Run MemTest86. 2. If RAM errors: replace. 3. Check SSD health with CrystalDiskInfo.,"Faulty RAM, corrupted OS files, or incompatible driver",6.2,Moderate
TKT-00727,SSL certificate expired – application security warning,Security & Access,Certificate Issues,Medium,SEV3,Resolved,EMP10476,AGT-022,Swathi Gowda,AGT-022,Swathi Gowda,2023-07-22 05:38,1. certbot renew --force-renewal. 2. systemctl reload nginx. 3. Verify dates via openssl.,Auto-renewal failed; not monitored for expiry,5.4,Auto-Resolve
TKT-00728,AWS EC2 instance not reachable – SSH/RDP refused,Cloud & Servers,AWS,Critical,SEV1,Escalated,EMP10247,AGT-015,Aditya Shah,AGT-015,Aditya Shah,2023-08-01 18:09,1. Check NACL for subnet. 2. Verify route table has 0.0.0.0/0 to IGW.,Security group missing inbound rule; instance stopped unexpectedly,3.1,Human-Escalate
TKT-00729,Disk I/O errors in application logs,Storage & Backup,RAID & Disk,Critical,SEV1,Resolved,EMP10510,AGT-025,Suresh Das,AGT-025,Suresh Das,2024-04-15 14:51,1. dmesg | grep -i error | grep sda. 2. Reseat SATA cable. 3. Try different SATA port.,Disk nearing end of life; cable/controller issue; filesystem errors,2.5,Human-Escalate
TKT-00730,NAS drive full – employees cannot save files,Storage & Backup,Storage Performance,Low,SEV4,Closed,EMP10332,AGT-012,Meera Iyer,AGT-012,Meera Iyer,2023-01-11 17:50,1. Archive files >2 years old: robocopy /MAXAGE:730. 2. Move to cold storage.,Disk quota not enforced; stale files consuming space,64.8,Auto-Resolve
TKT-00731,Application blocked by proxy – 'Access denied',Network,Firewall & Proxy,Critical,SEV1,Closed,EMP10390,AGT-007,Rahul Singh,AGT-007,Rahul Singh,2023-10-26 13:24,1. Try HTTPS instead of HTTP. 2. Update proxy SSL inspection policy to trust cert.,Proxy URL filter miscategorized site as Social Media,3.2,Moderate
TKT-00732,Antivirus blocking legitimate application,Software Applications,Antivirus / Security Software,High,SEV2,Escalated,EMP10233,AGT-024,Nandini Kulkarni,AGT-024,Nandini Kulkarni,2024-05-30 01:51,1. Disable real-time protection temporarily. 2. Launch app. 3. Add executable to whitelist.,Heuristic false positive flagging application executable,1.7,Moderate
TKT-00733,Windows Server services not starting after reboot,Cloud & Servers,Server OS,High,SEV2,Resolved,EMP10090,AGT-021,Rajesh Nambiar,AGT-021,Rajesh Nambiar,2023-05-06 04:54,1. Event Viewer > System. 2. Check service account password expiry. 3. Update in service properties.,Service dependency not met; service account password expired,1.8,Auto-Resolve
TKT-00734,Browser pages loading slowly or not loading,Software Applications,Browser Issues,Critical,SEV1,Resolved,EMP10404,AGT-016,Pooja Mehta,AGT-016,Pooja Mehta,2024-06-22 13:30,1. Disable all extensions. 2. Test page. 3. Re-enable one by one.,Cache corruption; DNS issue; extension conflict,3.8,Moderate
TKT-00735,Accidentally deleted important file,Storage & Backup,Data Recovery,Low,SEV4,In Progress,EMP10577,AGT-025,Suresh Das,AGT-025,Suresh Das,2024-09-23 23:53,1. Restore from last Veeam backup. 2. Single-file restore to original location.,File deleted from share; shadow copy not configured,24.3,Auto-Resolve
TKT-00736,Unable to post journal entry in SAP – Period not open error,Software Applications,ERP / SAP,Medium,SEV3,Closed,EMP10405,AGT-004,Sneha Reddy,AGT-004,Sneha Reddy,2024-07-03 09:18,1. Check MMPV for MM period. 2. Allow posting to previous period via MMRV.,Fiscal year period not opened in FI module,20.8,Auto-Resolve
TKT-00737,IP address conflict – 'Another computer has same IP',Network,IP/DHCP,Critical,SEV1,Escalated,EMP10163,AGT-007,Rahul Singh,AGT-018,Divya Pillai,2023-06-11 14:29,1. ipconfig /release then /renew. 2. If static IP: change to DHCP. 3. Check DHCP for duplicate.,Static IP conflicts with DHCP pool; duplicate reservation,0.5,Human-Escalate
TKT-00738,Laptop not turning on – no response on power button,Hardware,Laptop Issues,Low,SEV4,Resolved,EMP10205,AGT-023,Prakash Shetty,AGT-023,Prakash Shetty,2023-06-07 01:23,"1. Drain residual: disconnect AC, remove battery, hold power 30s. 2. Reconnect AC only. 3. Power on.",Battery drained; power adapter fault; or BIOS hang,4.3,Auto-Resolve
TKT-00739,Phishing email received – user clicked suspicious link,Security & Access,Security Incidents,Low,SEV4,Resolved,EMP10168,AGT-002,Priya Sharma,AGT-002,Priya Sharma,2023-11-04 08:35,1. Run EDR scan immediately. 2. Isolate if infected. 3. Reimage if compromised. 4. File incident report.,Social engineering; credential-harvesting URL clicked,62.4,Auto-Resolve
TKT-00740,VPN drops connection every 10-15 minutes intermittently,Network,VPN Connectivity,Low,SEV4,Resolved,EMP10247,AGT-018,Divya Pillai,AGT-018,Divya Pillai,2024-06-27 12:30,"1. In AnyConnect preferences, disable 'Local LAN Access'. 2. Set MTU to 1350. 3. Test over 30 minutes.",DPD timeout mismatch between client and ASA firewall,59.1,Auto-Resolve
TKT-00741,Employee cannot access shared drive – Access denied,Security & Access,Access Control,Medium,SEV3,Resolved,EMP10441,AGT-008,Kavitha Menon,AGT-008,Kavitha Menon,2023-11-27 12:20,1. net use H: \\fileserver\users\username /persistent:yes. 2. Verify UNC path. 3. Re-map drive.,User removed from AD security group during access review,18.7,Auto-Resolve
TKT-00742,Azure VM not starting – allocation failure,Cloud & Servers,Azure,Critical,SEV1,Resolved,EMP10546,AGT-003,Ankit Verma,AGT-003,Ankit Verma,2023-07-23 23:47,1. Change VM size to available SKU: VM > Size. 2. Or redeploy to different zone.,Azure region capacity constraint; VM size unavailable,1.7,Moderate
TKT-00743,Printer not printing – jobs stuck in queue,Hardware,Printer Issues,Critical,SEV1,Resolved,EMP10249,AGT-005,Mohammed Ali,AGT-005,Mohammed Ali,2023-08-30 20:27,1. PowerShell: Stop-Service Spooler. 2. Remove spool files. 3. Start-Service Spooler. 4. Test print.,Print spooler service hung; corrupted print job blocking queue,1.6,Human-Escalate
TKT-00744,AWS Lambda function timing out,Cloud & Servers,AWS,High,SEV2,Pending,EMP10067,AGT-003,Ankit Verma,AGT-003,Ankit Verma,2024-09-14 12:33,1. Add connection timeout and retry logic to external API calls. 2. Move long ops to SQS.,Function exceeds timeout; downstream service latency,4.5,Auto-Resolve
TKT-00745,New employee cannot access ERP on first day,Security & Access,Access Control,Low,SEV4,Pending,EMP10079,AGT-008,Kavitha Menon,AGT-008,Kavitha Menon,2024-09-10 00:32,1. Verify employee in HR system. 2. Trigger manual sync. 3. Re-run provisioning job.,ERP provisioning not completed; role assignment pending,64,Auto-Resolve
TKT-00746,Azure VM not starting – allocation failure,Cloud & Servers,Azure,Medium,SEV3,Resolved,EMP10292,AGT-003,Ankit Verma,AGT-003,Ankit Verma,2023-02-23 20:30,1. Change VM size to available SKU: VM > Size. 2. Or redeploy to different zone.,Azure region capacity constraint; VM size unavailable,21.2,Moderate
TKT-00747,Employee cannot access shared drive – Access denied,Security & Access,Access Control,Medium,SEV3,Closed,EMP10288,AGT-022,Swathi Gowda,AGT-022,Swathi Gowda,2023-10-26 23:44,1. net use H: \\fileserver\users\username /persistent:yes. 2. Verify UNC path. 3. Re-map drive.,User removed from AD security group during access review,15.9,Auto-Resolve
TKT-00748,USB device not recognized – 'Unknown device' in Device Manager,Hardware,USB/Peripheral,Medium,SEV3,Closed,EMP10457,AGT-011,Vijay Krishnan,AGT-011,Vijay Krishnan,2025-03-26 13:06,1. sfc /scannow. 2. USB troubleshooter. 3. Test on another PC. 4. Reinstall USB chipset driver.,Corrupt USB driver; power management disabling port,2.2,Auto-Resolve
TKT-00749,New employee cannot access ERP on first day,Security & Access,Access Control,Low,SEV4,Resolved,EMP10321,AGT-022,Swathi Gowda,AGT-022,Swathi Gowda,2023-12-14 14:25,"1. Check AD account: Get-ADUser username | select Enabled,LockedOut. 2. Enable if disabled.",ERP provisioning not completed; role assignment pending,32.3,Auto-Resolve
TKT-00750,ESXi host showing Not Responding in vCenter,Cloud & Servers,VMware,High,SEV2,Closed,EMP10093,AGT-015,Aditya Shah,AGT-015,Aditya Shah,2023-11-09 20:54,1. Remove host from vCenter. 2. Add host wizard to re-add. 3. VMs re-discovered automatically.,Management NIC down; DCUI locked; PSOD,2,Moderate
TKT-00751,VMware vMotion failing between ESXi hosts,Cloud & Servers,VMware,Medium,SEV3,Closed,EMP10589,AGT-015,Aditya Shah,AGT-015,Aditya Shah,2025-01-04 22:41,1. Verify vMotion VMkernel adapter on both hosts. 2. Same vMotion network/VLAN.,Incompatible CPU feature sets; vMotion network not configured,23.5,Auto-Resolve
TKT-00752,AWS Lambda function timing out,Cloud & Servers,AWS,Critical,SEV1,Resolved,EMP10281,AGT-015,Aditya Shah,AGT-015,Aditya Shah,2024-10-24 08:41,1. Check VPC config: NAT Gateway for internet access. 2. Add NAT or use VPC endpoints.,Function exceeds timeout; downstream service latency,2.2,Moderate
TKT-00753,Backup job failed – Veeam error,Storage & Backup,Backup Failures,Medium,SEV3,Resolved,EMP10068,AGT-006,Deepa Nair,AGT-006,Deepa Nair,2024-07-21 18:23,1. Check Veeam Job > Statistics. 2. vssadmin list writers. 3. net stop vss && net start vss.,VSS snapshot failure; insufficient shadow storage; writer error,12.3,Moderate
TKT-00754,Printer shows offline though powered on,Hardware,Printer Issues,Low,SEV4,In Progress,EMP10402,AGT-023,Prakash Shetty,AGT-023,Prakash Shetty,2023-04-27 08:42,1. Assign static IP via printer web interface. 2. Set outside DHCP range. 3. Update port on all PCs.,TCP/IP port IP mismatch after DHCP lease change,62.7,Auto-Resolve
TKT-00755,Outlook not receiving new emails – inbox stuck,Software Applications,Microsoft Office,Medium,SEV3,In Progress,EMP10030,AGT-024,Nandini Kulkarni,AGT-024,Nandini Kulkarni,2025-02-24 00:07,1. F9 to force send/receive. 2. Check account settings: File > Account Settings.,Exchange Online throttled; Outlook profile corrupted; OST file too large,17.1,Auto-Resolve
TKT-00756,VPN drops connection every 10-15 minutes intermittently,Network,VPN Connectivity,Critical,SEV1,Pending,EMP10001,AGT-018,Divya Pillai,AGT-018,Divya Pillai,2024-03-05 02:07,1. On ASA: increase DPD keepalive interval to 60s. 2. Increase DPD retry to 5. 3. Push config: write mem. 4. Monitor.,DPD timeout mismatch between client and ASA firewall,3.9,Human-Escalate
TKT-00757,Excel file opens as read-only and cannot be edited,Software Applications,Microsoft Office,High,SEV2,Resolved,EMP10322,AGT-004,Sneha Reddy,AGT-004,Sneha Reddy,2023-03-26 13:53,1. Right-click file > Properties > Unblock checkbox > Apply. 2. Reopen file.,File has Mark of the Web flag from download; network drive permission issue,10.3,Moderate
TKT-00758,Laptop BSOD – crashes randomly,Hardware,Laptop Issues,Low,SEV4,Resolved,EMP10399,AGT-023,Prakash Shetty,AGT-023,Prakash Shetty,2024-02-22 10:34,1. Event Viewer > System. 2. Identify driver from minidump via WinDbg. 3. Uninstall/update driver.,"Faulty RAM, corrupted OS files, or incompatible driver",35.7,Auto-Resolve
TKT-00759,Disk I/O errors in application logs,Storage & Backup,RAID & Disk,Medium,SEV3,Resolved,EMP10041,AGT-025,Suresh Das,AGT-025,Suresh Das,2025-02-20 14:41,"1. Event Viewer > System > EventID 7,11,15. 2. chkdsk /r /f. 3. Schedule reboot.",Disk nearing end of life; cable/controller issue; filesystem errors,22.3,Moderate
TKT-00760,NAS drive full – employees cannot save files,Storage & Backup,Storage Performance,Medium,SEV3,Resolved,EMP10375,AGT-019,Nikhil Tiwari,AGT-019,Nikhil Tiwari,2023-12-22 15:34,1. Expand NAS volume using admin UI. 2. Enable deduplication to reclaim space.,Disk quota not enforced; stale files consuming space,7,Auto-Resolve
TKT-00761,MFA prompt not received – cannot complete login,Security & Access,Multi-Factor Authentication,Low,SEV4,Closed,EMP10359,AGT-022,Swathi Gowda,AGT-022,Swathi Gowda,2024-01-15 01:44,1. Admin: set MFA to SMS temporarily. 2. User receives SMS code. 3. Login and update authenticator.,Authenticator app out of sync; phone number changed; MFA not registered,40,Auto-Resolve
TKT-00762,Cannot connect to corporate VPN – authentication failure after Windows update,Network,VPN Connectivity,Medium,SEV3,Resolved,EMP10368,AGT-001,Ravi Kumar,AGT-001,Ravi Kumar,2023-06-09 06:48,1. Uninstall AnyConnect. 2. Delete C:\ProgramData\Cisco remnants. 3. Reinstall latest AnyConnect MSI. 4. Import VPN profile XML. 5. Test connection.,Windows update KB5034441 broke WAN Miniport driver compatibility with Cisco AnyConnect,9.4,Auto-Resolve
TKT-00763,Employee cannot access shared drive – Access denied,Security & Access,Access Control,Low,SEV4,In Progress,EMP10335,AGT-008,Kavitha Menon,AGT-008,Kavitha Menon,2024-07-17 00:40,1. Verify manager approval. 2. Process via ITSM access management workflow. 3. Add to correct group.,User removed from AD security group during access review,33.5,Auto-Resolve
TKT-00764,Printer not printing – jobs stuck in queue,Hardware,Printer Issues,Critical,SEV1,Pending,EMP10018,AGT-023,Prakash Shetty,AGT-023,Prakash Shetty,2024-08-31 11:30,1. PowerShell: Stop-Service Spooler. 2. Remove spool files. 3. Start-Service Spooler. 4. Test print.,Print spooler service hung; corrupted print job blocking queue,2.5,Human-Escalate
TKT-00765,Software license expired – trial expired message,Software Applications,Password & Licensing,Medium,SEV3,Resolved,EMP10236,AGT-004,Sneha Reddy,AGT-004,Sneha Reddy,2024-08-14 11:49,1. Reassign available license from another user in license console.,Annual license not renewed; license server unreachable,17.5,Moderate
TKT-00766,MFA prompt not received – cannot complete login,Security & Access,Multi-Factor Authentication,Medium,SEV3,Pending,EMP10105,AGT-014,Lakshmi Rao,AGT-014,Lakshmi Rao,2023-04-20 02:00,1. Admin: provide backup code via alternate method. 2. User uses code. 3. Re-register authenticator.,Authenticator app out of sync; phone number changed; MFA not registered,22.7,Auto-Resolve
TKT-00767,Application blocked by proxy – 'Access denied',Network,Firewall & Proxy,Critical,SEV1,Pending,EMP10308,AGT-001,Ravi Kumar,AGT-001,Ravi Kumar,2025-01-10 10:50,1. Admin: create custom URL category. 2. Add to bypass list for AD group. 3. Push policy update.,Proxy URL filter miscategorized site as Social Media,2.2,Moderate
TKT-00768,IP address conflict – 'Another computer has same IP',Network,IP/DHCP,Critical,SEV1,Escalated,EMP10012,AGT-001,Ravi Kumar,AGT-001,Ravi Kumar,2025-02-28 10:22,1. ipconfig /release then /renew. 2. If static IP: change to DHCP. 3. Check DHCP for duplicate.,Static IP conflicts with DHCP pool; duplicate reservation,3.6,Human-Escalate
TKT-00769,ESXi host showing Not Responding in vCenter,Cloud & Servers,VMware,Medium,SEV3,Closed,EMP10366,AGT-015,Aditya Shah,AGT-015,Aditya Shah,2024-11-22 09:49,1. Remove host from vCenter. 2. Add host wizard to re-add. 3. VMs re-discovered automatically.,Management NIC down; DCUI locked; PSOD,20,Auto-Resolve
TKT-00770,RAID array showing degraded – one disk failed,Storage & Backup,RAID & Disk,Critical,SEV1,Closed,EMP10441,AGT-019,Nikhil Tiwari,AGT-019,Nikhil Tiwari,2023-11-17 01:08,1. mdadm --detail /dev/md0. 2. mdadm /dev/md0 --add /dev/sdX. 3. Watch /proc/mdstat.,Single disk failure in RAID-5/6; SMART alert,2.2,Moderate
TKT-00771,User cannot login to web application – SSO not working,Security & Access,Password Reset,Low,SEV4,Escalated,EMP10222,AGT-002,Priya Sharma,AGT-002,Priya Sharma,2024-08-10 16:02,1. User: go to myapps.microsoft.com. 2. Launch app for fresh SAML assertion. 3. Check claims mapping.,SAML token expired or IdP metadata outdated,67.9,Auto-Resolve
TKT-00772,Application blocked by proxy – 'Access denied',Network,Firewall & Proxy,Low,SEV4,Closed,EMP10207,AGT-018,Divya Pillai,AGT-018,Divya Pillai,2023-04-12 02:34,1. Admin: create custom URL category. 2. Add to bypass list for AD group. 3. Push policy update.,Proxy URL filter miscategorized site as Social Media,46.1,Auto-Resolve
TKT-00773,Zoom/Teams video freezing during calls,Software Applications,Browser Issues,Low,SEV4,Resolved,EMP10083,AGT-016,Pooja Mehta,AGT-016,Pooja Mehta,2023-01-01 21:09,1. Check bandwidth at fast.com. 2. Connect via ethernet. 3. Close other bandwidth-heavy apps.,Insufficient bandwidth; CPU overload; outdated driver,17.6,Auto-Resolve
TKT-00774,NAS drive full – employees cannot save files,Storage & Backup,Storage Performance,High,SEV2,Closed,EMP10564,AGT-012,Meera Iyer,AGT-012,Meera Iyer,2023-03-18 15:20,1. Expand NAS volume using admin UI. 2. Enable deduplication to reclaim space.,Disk quota not enforced; stale files consuming space,3.6,Moderate
TKT-00775,User cannot login to web application – SSO not working,Security & Access,Password Reset,Critical,SEV1,Resolved,EMP10195,AGT-002,Priya Sharma,AGT-002,Priya Sharma,2023-06-20 19:17,1. User: go to myapps.microsoft.com. 2. Launch app for fresh SAML assertion. 3. Check claims mapping.,SAML token expired or IdP metadata outdated,2.9,Human-Escalate
TKT-00776,User receiving Access Denied on SharePoint site,Security & Access,Access Control,Critical,SEV1,Closed,EMP10440,AGT-008,Kavitha Menon,AGT-008,Kavitha Menon,2023-12-25 17:23,1. Check unique permissions. 2. Site Permissions > Grant access via Share.,User not in site members group; permissions inheritance broken,0.9,Moderate
TKT-00777,Outlook not receiving new emails – inbox stuck,Software Applications,Microsoft Office,Critical,SEV1,Escalated,EMP10432,AGT-024,Nandini Kulkarni,AGT-024,Nandini Kulkarni,2024-07-05 10:02,"1. OST file size check. 2. If >50GB: archive. 3. Delete .ost, reopen Outlook to rebuild.",Exchange Online throttled; Outlook profile corrupted; OST file too large,2.1,Moderate
TKT-00778,Phishing email received – user clicked suspicious link,Security & Access,Security Incidents,Low,SEV4,Closed,EMP10406,AGT-022,Swathi Gowda,AGT-022,Swathi Gowda,2023-02-01 10:23,1. Review Azure AD sign-in logs. 2. Block suspicious IPs in CA. 3. Check for malicious email forwarding rules.,Social engineering; credential-harvesting URL clicked,12,Auto-Resolve
TKT-00779,Antivirus blocking legitimate application,Software Applications,Antivirus / Security Software,Low,SEV4,Resolved,EMP10055,AGT-020,Asha Bhat,AGT-020,Asha Bhat,2023-06-18 10:47,1. Upload to VirusTotal.com to verify false positive. 2. Submit to AV vendor. 3. Exclude temporarily.,Heuristic false positive flagging application executable,71.6,Auto-Resolve
TKT-00780,Complete network outage – entire floor offline,Network,Network Outage,High,SEV2,Closed,EMP10030,AGT-013,Sanjay Gupta,AGT-013,Sanjay Gupta,2023-11-10 12:40,1. Failover to backup ISP. 2. Update BGP routing. 3. Notify ISP. 4. Monitor failback.,Core switch uplink SFP module failure,5.1,Auto-Resolve
TKT-00781,Laptop overheating – shuts down after 20-30 minutes,Hardware,Laptop Issues,Low,SEV4,Resolved,EMP10568,AGT-017,Kiran Babu,AGT-017,Kiran Babu,2024-07-24 17:32,1. Scan for malware causing CPU spike. 2. Disable startup programs. 3. Update BIOS for thermal improvements.,Dust-clogged heat sink; dried thermal paste,31.7,Auto-Resolve
TKT-00782,Cloud backup to Azure Blob failing – auth error,Storage & Backup,Backup Failures,Low,SEV4,Pending,EMP10040,AGT-006,Deepa Nair,AGT-006,Deepa Nair,2024-09-14 20:29,1. Copy new key from Azure Portal. 2. Update in backup software. 3. Test connection. 4. Re-run.,Storage account access key rotated but not updated,37.3,Auto-Resolve
TKT-00783,Azure AD Conditional Access blocking user login,Cloud & Servers,Azure,Critical,SEV1,Escalated,EMP10300,AGT-021,Rajesh Nambiar,AGT-003,Ankit Verma,2023-04-06 09:20,1. New device: enroll in Intune. 2. Company Portal. 3. Wait 15 min for propagation. 4. Retry.,Device not compliant in Intune; policy requires compliant device,1.8,Human-Escalate
TKT-00784,RAID array showing degraded – one disk failed,Storage & Backup,RAID & Disk,Low,SEV4,Resolved,EMP10241,AGT-019,Nikhil Tiwari,AGT-019,Nikhil Tiwari,2025-01-23 19:16,1. Do not replace during peak hours. 2. Schedule maintenance window. 3. Test failover first.,Single disk failure in RAID-5/6; SMART alert,9,Auto-Resolve
TKT-00785,Ransomware detected on workstation,Security & Access,Security Incidents,High,SEV2,Closed,EMP10030,AGT-022,Swathi Gowda,AGT-022,Swathi Gowda,2025-02-20 16:06,1. Isolate: pull network cable. 2. Do NOT reboot. 3. Alert CISO. 4. Restore from clean backup. 5. Reimage.,User ran malicious attachment; files encrypted on local and mapped drives,5.6,Auto-Resolve
TKT-00786,RAID array showing degraded – one disk failed,Storage & Backup,RAID & Disk,Critical,SEV1,Resolved,EMP10073,AGT-012,Meera Iyer,AGT-025,Suresh Das,2024-04-15 22:21,1. smartctl -a /dev/sdX. 2. If reallocated sectors >100: plan immediate replacement.,Single disk failure in RAID-5/6; SMART alert,0.6,Human-Escalate
TKT-00787,Linux server disk 100% – applications failing,Cloud & Servers,Server OS,Low,SEV4,Closed,EMP10516,AGT-015,Aditya Shah,AGT-015,Aditya Shah,2023-12-22 20:51,1. Find core dumps: find / -name 'core.*' -delete. 2. apt autoremove. 3. df -h.,Log files or core dumps consuming all space,50.4,Auto-Resolve
TKT-00788,Disk I/O errors in application logs,Storage & Backup,RAID & Disk,High,SEV2,Pending,EMP10573,AGT-019,Nikhil Tiwari,AGT-019,Nikhil Tiwari,2024-11-04 17:11,1. umount then fsck -f /dev/sdX1. 2. Fix errors. 3. Remount. 4. Monitor.,Disk nearing end of life; cable/controller issue; filesystem errors,4.2,Moderate
TKT-00789,AWS EC2 instance not reachable – SSH/RDP refused,Cloud & Servers,AWS,Medium,SEV3,Resolved,EMP10142,AGT-015,Aditya Shah,AGT-015,Aditya Shah,2023-01-06 13:22,1. Use Session Manager: AWS Console > SSM > Start Session. 2. Fix SSH config from inside.,Security group missing inbound rule; instance stopped unexpectedly,16.5,Auto-Resolve
TKT-00790,Azure Storage blob upload failing,Cloud & Servers,Azure,Medium,SEV3,Resolved,EMP10065,AGT-021,Rajesh Nambiar,AGT-021,Rajesh Nambiar,2025-01-12 11:51,1. Managed Identity: assign Storage Blob Data Contributor role. 2. az role assignment create.,Storage firewall blocking app IP; SAS token expired,17.1,Auto-Resolve
TKT-00791,Monitor no signal after sleep/hibernate,Hardware,Monitor Issues,Medium,SEV3,Resolved,EMP10114,AGT-023,Prakash Shetty,AGT-023,Prakash Shetty,2024-05-19 22:45,1. Press key or mouse. 2. Press monitor power. 3. Check display cable. 4. Switch monitor input.,GPU not resuming signal; monitor standby not recovering,15.3,Auto-Resolve
TKT-00792,Unauthorized device on corporate network,Security & Access,Security Incidents,Low,SEV4,In Progress,EMP10258,AGT-002,Priya Sharma,AGT-002,Priya Sharma,2023-12-12 02:44,1. Enable 802.1X on switches. 2. Configure RADIUS to reject uncertified devices.,Rogue device on open port; no 802.1X authentication,37.3,Auto-Resolve
TKT-00793,New employee cannot access ERP on first day,Security & Access,Access Control,Medium,SEV3,Escalated,EMP10295,AGT-002,Priya Sharma,AGT-002,Priya Sharma,2024-11-17 03:26,1. Verify employee in HR system. 2. Trigger manual sync. 3. Re-run provisioning job.,ERP provisioning not completed; role assignment pending,9.8,Moderate
TKT-00794,Antivirus blocking legitimate application,Software Applications,Antivirus / Security Software,High,SEV2,Pending,EMP10241,AGT-010,Sunita Joshi,AGT-010,Sunita Joshi,2025-02-03 21:59,1. Upload to VirusTotal.com to verify false positive. 2. Submit to AV vendor. 3. Exclude temporarily.,Heuristic false positive flagging application executable,11,Auto-Resolve
TKT-00795,Backup job failed – Veeam error,Storage & Backup,Backup Failures,Low,SEV4,Resolved,EMP10166,AGT-012,Meera Iyer,AGT-012,Meera Iyer,2024-05-29 01:53,1. Update Veeam to latest patch. 2. Update VMware Tools on backed-up VMs. 3. Retry.,VSS snapshot failure; insufficient shadow storage; writer error,12.4,Auto-Resolve
TKT-00796,USB device not recognized – 'Unknown device' in Device Manager,Hardware,USB/Peripheral,Medium,SEV3,Resolved,EMP10582,AGT-023,Prakash Shetty,AGT-023,Prakash Shetty,2025-01-21 22:18,1. sfc /scannow. 2. USB troubleshooter. 3. Test on another PC. 4. Reinstall USB chipset driver.,Corrupt USB driver; power management disabling port,4.8,Moderate
TKT-00797,Windows Server services not starting after reboot,Cloud & Servers,Server OS,Critical,SEV1,Resolved,EMP10163,AGT-003,Ankit Verma,AGT-003,Ankit Verma,2025-01-28 07:44,1. Services.msc > failing service > Dependencies. 2. Start dependencies manually.,Service dependency not met; service account password expired,3.4,Human-Escalate
TKT-00798,Ransomware detected on workstation,Security & Access,Security Incidents,Low,SEV4,Escalated,EMP10148,AGT-014,Lakshmi Rao,AGT-014,Lakshmi Rao,2023-06-10 17:14,1. Isolate: pull network cable. 2. Do NOT reboot. 3. Alert CISO. 4. Restore from clean backup. 5. Reimage.,User ran malicious attachment; files encrypted on local and mapped drives,13.3,Auto-Resolve
TKT-00799,Complete network outage – entire floor offline,Network,Network Outage,Medium,SEV3,Escalated,EMP10004,AGT-018,Divya Pillai,AGT-018,Divya Pillai,2025-02-26 20:21,1. Reseat uplink cable. 2. Try alternate patch cable. 3. Move uplink to backup port. 4. Test.,Core switch uplink SFP module failure,4.5,Auto-Resolve
TKT-00800,Application blocked by proxy – 'Access denied',Network,Firewall & Proxy,Low,SEV4,Resolved,EMP10583,AGT-018,Divya Pillai,AGT-018,Divya Pillai,2023-08-14 01:02,1. Add destination IP to firewall allow rule. 2. Verify proxy bypass list includes IP. 3. Test.,Proxy URL filter miscategorized site as Social Media,24.6,Auto-Resolve
TKT-00801,Antivirus blocking legitimate application,Software Applications,Antivirus / Security Software,Critical,SEV1,Closed,EMP10103,AGT-004,Sneha Reddy,AGT-024,Nandini Kulkarni,2024-09-24 02:15,1. Disable real-time protection temporarily. 2. Launch app. 3. Add executable to whitelist.,Heuristic false positive flagging application executable,2.7,Human-Escalate
TKT-00802,NAS drive full – employees cannot save files,Storage & Backup,Storage Performance,High,SEV2,Resolved,EMP10514,AGT-006,Deepa Nair,AGT-006,Deepa Nair,2025-03-22 06:52,1. FSRM > Quota Management > create template. 2. Apply 5GB soft + 10GB hard quota.,Disk quota not enforced; stale files consuming space,8.6,Moderate
TKT-00803,Backup taking too long – missing SLA window,Storage & Backup,Backup Failures,Critical,SEV1,Closed,EMP10032,AGT-025,Suresh Das,AGT-025,Suresh Das,2023-02-16 20:49,1. Move repository to SSD-backed storage. 2. Add backup proxies. 3. Adjust to off-peak hours.,Backup chain grown too large; CBT corrupted on VM,2.5,Moderate
TKT-00804,Intermittent packet loss – 15-30% ping loss to gateway,Network,Network Outage,Medium,SEV3,In Progress,EMP10054,AGT-001,Ravi Kumar,AGT-001,Ravi Kumar,2024-03-06 19:46,1. show interface on switch – check CRC errors. 2. Set full-duplex. 3. Set server NIC to match. 4. Monitor.,Duplex mismatch between server NIC and switch port,19.9,Auto-Resolve
TKT-00805,Cannot connect to corporate VPN – authentication failure after Windows update,Network,VPN Connectivity,Low,SEV4,Resolved,EMP10349,AGT-018,Divya Pillai,AGT-018,Divya Pillai,2024-08-26 08:51,1. Open Registry Editor. 2. Navigate to HKLM\SYSTEM\CurrentControlSet\Services\RasMan\Parameters. 3. Set ProhibitIpSec=0. 4. Restart RasMan service. 5. Retry.,Windows update KB5034441 broke WAN Miniport driver compatibility with Cisco AnyConnect,63.1,Auto-Resolve
TKT-00806,Outlook not receiving new emails – inbox stuck,Software Applications,Microsoft Office,Low,SEV4,Closed,EMP10451,AGT-024,Nandini Kulkarni,AGT-024,Nandini Kulkarni,2023-11-30 17:35,1. ipconfig /flushdns. 2. Test Autodiscover: Ctrl+right-click Outlook tray. 3. Re-enter O365 credentials.,Exchange Online throttled; Outlook profile corrupted; OST file too large,54.3,Auto-Resolve
TKT-00807,Antivirus blocking legitimate application,Software Applications,Antivirus / Security Software,Medium,SEV3,Escalated,EMP10175,AGT-010,Sunita Joshi,AGT-010,Sunita Joshi,2024-01-19 13:09,1. Run application as administrator. 2. Check Windows Defender Firewall rules.,Heuristic false positive flagging application executable,7.4,Moderate
TKT-00808,Printer not printing – jobs stuck in queue,Hardware,Printer Issues,High,SEV2,Pending,EMP10022,AGT-017,Kiran Babu,AGT-017,Kiran Babu,2023-12-07 14:09,1. PowerShell: Stop-Service Spooler. 2. Remove spool files. 3. Start-Service Spooler. 4. Test print.,Print spooler service hung; corrupted print job blocking queue,11.6,Moderate
TKT-00809,Monitor no signal after sleep/hibernate,Hardware,Monitor Issues,Low,SEV4,Resolved,EMP10160,AGT-005,Mohammed Ali,AGT-005,Mohammed Ali,2024-02-26 23:21,1. Disable hybrid sleep: Power Options > advanced. 2. Disable fast startup.,GPU not resuming signal; monitor standby not recovering,34.2,Auto-Resolve
TKT-00810,MFA prompt not received – cannot complete login,Security & Access,Multi-Factor Authentication,Medium,SEV3,Resolved,EMP10134,AGT-008,Kavitha Menon,AGT-008,Kavitha Menon,2025-03-03 04:50,1. Admin: Azure AD > Authentication methods > disable MFA temporarily. 2. User re-registers at aka.ms/mfasetup.,Authenticator app out of sync; phone number changed; MFA not registered,21.8,Auto-Resolve
TKT-00811,Printer not printing – jobs stuck in queue,Hardware,Printer Issues,Critical,SEV1,Pending,EMP10544,AGT-011,Vijay Krishnan,AGT-023,Prakash Shetty,2024-10-10 21:37,1. Remove and re-add printer. 2. Download latest driver. 3. Run printer troubleshooter. 4. Test page.,Print spooler service hung; corrupted print job blocking queue,0.9,Human-Escalate
TKT-00812,Unable to connect to Wi-Fi – 'Can't connect to this network',Network,Wi-Fi Issues,Medium,SEV3,Closed,EMP10182,AGT-007,Rahul Singh,AGT-007,Rahul Singh,2023-05-24 18:20,1. netsh int ip reset. 2. netsh winsock reset. 3. ipconfig /flushdns. 4. Reboot. 5. Reconnect.,Corrupted Wi-Fi profile in Windows,11.1,Auto-Resolve
TKT-00813,Printer not printing – jobs stuck in queue,Hardware,Printer Issues,Low,SEV4,In Progress,EMP10502,AGT-023,Prakash Shetty,AGT-023,Prakash Shetty,2024-11-08 11:04,1. PowerShell: Stop-Service Spooler. 2. Remove spool files. 3. Start-Service Spooler. 4. Test print.,Print spooler service hung; corrupted print job blocking queue,38.4,Auto-Resolve
TKT-00814,Laptop BSOD – crashes randomly,Hardware,Laptop Issues,Critical,SEV1,Resolved,EMP10067,AGT-023,Prakash Shetty,AGT-023,Prakash Shetty,2024-10-02 14:37,1. Run MemTest86. 2. If RAM errors: replace. 3. Check SSD health with CrystalDiskInfo.,"Faulty RAM, corrupted OS files, or incompatible driver",0.9,Human-Escalate
TKT-00815,Laptop not turning on – no response on power button,Hardware,Laptop Issues,Critical,SEV1,In Progress,EMP10591,AGT-005,Mohammed Ali,AGT-005,Mohammed Ali,2024-09-02 13:22,"1. Drain residual: disconnect AC, remove battery, hold power 30s. 2. Reconnect AC only. 3. Power on.",Battery drained; power adapter fault; or BIOS hang,3,Human-Escalate
TKT-00816,IP address conflict – 'Another computer has same IP',Network,IP/DHCP,Critical,SEV1,Closed,EMP10298,AGT-018,Divya Pillai,AGT-001,Ravi Kumar,2024-11-01 01:33,1. arp -a to find conflicting MAC. 2. Track via switch MAC table. 3. Change device to DHCP.,Static IP conflicts with DHCP pool; duplicate reservation,1.2,Human-Escalate
TKT-00817,Disk I/O errors in application logs,Storage & Backup,RAID & Disk,Medium,SEV3,Resolved,EMP10582,AGT-025,Suresh Das,AGT-025,Suresh Das,2023-01-10 21:32,1. dmesg | grep -i error | grep sda. 2. Reseat SATA cable. 3. Try different SATA port.,Disk nearing end of life; cable/controller issue; filesystem errors,17.7,Auto-Resolve
TKT-00818,RAID array showing degraded – one disk failed,Storage & Backup,RAID & Disk,Low,SEV4,Closed,EMP10213,AGT-019,Nikhil Tiwari,AGT-019,Nikhil Tiwari,2023-07-16 07:17,1. Identify failed disk via storage console. 2. Procure matching disk. 3. Hot-swap; rebuild starts.,Single disk failure in RAID-5/6; SMART alert,41.9,Auto-Resolve
TKT-00819,ESXi host showing Not Responding in vCenter,Cloud & Servers,VMware,Low,SEV4,Closed,EMP10332,AGT-003,Ankit Verma,AGT-003,Ankit Verma,2023-04-17 23:52,1. SSH to host: /etc/init.d/hostd restart && /etc/init.d/vpxa restart.,Management NIC down; DCUI locked; PSOD,63.6,Auto-Resolve
TKT-00820,SAN storage performance degraded – high LUN latency,Storage & Backup,Storage Performance,Low,SEV4,Closed,EMP10075,AGT-006,Deepa Nair,AGT-006,Deepa Nair,2025-02-12 13:59,1. Check HBA queue depth. 2. Increase to 128: edit modprobe.d config. 3. Reboot.,RAID rebuild consuming I/O; HBA queue depth too low,8.4,Auto-Resolve
TKT-00821,AWS Lambda function timing out,Cloud & Servers,AWS,High,SEV2,Closed,EMP10133,AGT-021,Rajesh Nambiar,AGT-021,Rajesh Nambiar,2024-11-25 09:17,1. Enable X-Ray tracing. 2. Identify slowest segment. 3. Initialize SDK outside handler.,Function exceeds timeout; downstream service latency,1.1,Moderate
TKT-00822,VPN drops connection every 10-15 minutes intermittently,Network,VPN Connectivity,Critical,SEV1,Pending,EMP10431,AGT-013,Sanjay Gupta,AGT-001,Ravi Kumar,2024-07-08 01:59,1. Check split tunneling on ASA. 2. Add subnets to exclusion list. 3. Re-push VPN profile. 4. Test.,DPD timeout mismatch between client and ASA firewall,3.6,Human-Escalate
TKT-00823,Ransomware detected on workstation,Security & Access,Security Incidents,Critical,SEV1,Closed,EMP10368,AGT-008,Kavitha Menon,AGT-008,Kavitha Menon,2023-11-02 15:51,1. EDR quarantine device. 2. Identify strain from file extension. 3. Check NoMoreRansom.org for decryptor.,User ran malicious attachment; files encrypted on local and mapped drives,2,Moderate
TKT-00824,Zoom/Teams video freezing during calls,Software Applications,Browser Issues,Medium,SEV3,Resolved,EMP10041,AGT-004,Sneha Reddy,AGT-004,Sneha Reddy,2024-11-25 23:49,1. Update Zoom/Teams. 2. Update webcam/audio drivers. 3. Lower noise cancellation.,Insufficient bandwidth; CPU overload; outdated driver,16.5,Moderate
TKT-00825,Antivirus blocking legitimate application,Software Applications,Antivirus / Security Software,High,SEV2,Closed,EMP10304,AGT-024,Nandini Kulkarni,AGT-024,Nandini Kulkarni,2023-06-22 10:01,1. Upload to VirusTotal.com to verify false positive. 2. Submit to AV vendor. 3. Exclude temporarily.,Heuristic false positive flagging application executable,2.2,Auto-Resolve
TKT-00826,Disk I/O errors in application logs,Storage & Backup,RAID & Disk,Critical,SEV1,Closed,EMP10327,AGT-019,Nikhil Tiwari,AGT-019,Nikhil Tiwari,2024-06-18 06:23,"1. Event Viewer > System > EventID 7,11,15. 2. chkdsk /r /f. 3. Schedule reboot.",Disk nearing end of life; cable/controller issue; filesystem errors,2.1,Human-Escalate
TKT-00827,SSL certificate expired – application security warning,Security & Access,Certificate Issues,Low,SEV4,Closed,EMP10132,AGT-022,Swathi Gowda,AGT-022,Swathi Gowda,2024-11-15 12:53,1. Generate CSR: openssl req -new. 2. Submit to CA. 3. Install cert. 4. Restart service.,Auto-renewal failed; not monitored for expiry,35.5,Auto-Resolve
TKT-00828,Windows Server services not starting after reboot,Cloud & Servers,Server OS,Critical,SEV1,Closed,EMP10450,AGT-015,Aditya Shah,AGT-015,Aditya Shah,2023-11-04 12:30,1. Services.msc > failing service > Dependencies. 2. Start dependencies manually.,Service dependency not met; service account password expired,3.9,Moderate
TKT-00829,User locked out of Windows login – forgot password,Security & Access,Password Reset,Low,SEV4,Escalated,EMP10502,AGT-002,Priya Sharma,AGT-002,Priya Sharma,2024-08-24 23:46,1. Azure AD Admin: Users > Reset password. 2. Provide temp password. 3. Verify MFA registration.,Too many failed attempts triggered lockout policy,14.5,Auto-Resolve
TKT-00830,AWS S3 bucket access denied to application,Cloud & Servers,AWS,Critical,SEV1,Closed,EMP10082,AGT-015,Aditya Shah,AGT-015,Aditya Shah,2024-04-26 03:53,1. IAM > Roles > find EC2 role > add S3 permissions for bucket ARN.,IAM role lacks s3:GetObject; bucket policy denies,3.3,Human-Escalate
TKT-00831,MFA prompt not received – cannot complete login,Security & Access,Multi-Factor Authentication,High,SEV2,In Progress,EMP10243,AGT-014,Lakshmi Rao,AGT-014,Lakshmi Rao,2024-05-30 09:14,1. Admin: Azure AD > Authentication methods > disable MFA temporarily. 2. User re-registers at aka.ms/mfasetup.,Authenticator app out of sync; phone number changed; MFA not registered,10,Auto-Resolve
TKT-00832,Zoom/Teams video freezing during calls,Software Applications,Browser Issues,Medium,SEV3,Pending,EMP10596,AGT-016,Pooja Mehta,AGT-016,Pooja Mehta,2024-12-30 11:33,1. Check bandwidth at fast.com. 2. Connect via ethernet. 3. Close other bandwidth-heavy apps.,Insufficient bandwidth; CPU overload; outdated driver,17.3,Auto-Resolve
TKT-00833,VMware vMotion failing between ESXi hosts,Cloud & Servers,VMware,Critical,SEV1,Resolved,EMP10280,AGT-015,Aditya Shah,AGT-015,Aditya Shah,2025-02-10 20:12,1. Check datastore accessibility from destination host. 2. Use Storage vMotion simultaneously.,Incompatible CPU feature sets; vMotion network not configured,1.5,Moderate
TKT-00834,Cloud backup to Azure Blob failing – auth error,Storage & Backup,Backup Failures,Medium,SEV3,Resolved,EMP10173,AGT-025,Suresh Das,AGT-025,Suresh Das,2023-09-08 23:42,1. Verify Azure subscription active. 2. Check storage quota limits. 3. Check Service Health.,Storage account access key rotated but not updated,22.9,Moderate
TKT-00835,Antivirus blocking legitimate application,Software Applications,Antivirus / Security Software,Medium,SEV3,Resolved,EMP10033,AGT-010,Sunita Joshi,AGT-010,Sunita Joshi,2023-05-27 23:12,1. AV console > Quarantine > Restore file. 2. Add folder to exclusions. 3. Verify with vendor.,Heuristic false positive flagging application executable,11.5,Auto-Resolve
TKT-00836,Browser pages loading slowly or not loading,Software Applications,Browser Issues,High,SEV2,Resolved,EMP10560,AGT-016,Pooja Mehta,AGT-016,Pooja Mehta,2024-04-17 20:16,1. Disable all extensions. 2. Test page. 3. Re-enable one by one.,Cache corruption; DNS issue; extension conflict,6.1,Moderate
TKT-00837,Cannot connect to corporate VPN – authentication failure after Windows update,Network,VPN Connectivity,Critical,SEV1,Closed,EMP10226,AGT-001,Ravi Kumar,AGT-018,Divya Pillai,2024-08-27 13:02,1. Update Cisco AnyConnect to v4.10.07061+. 2. Flush DNS: ipconfig /flushdns. 3. Restart WAN Miniport adapter via Device Manager. 4. Retry VPN.,Windows update KB5034441 broke WAN Miniport driver compatibility with Cisco AnyConnect,0.6,Human-Escalate
TKT-00838,Desktop running very slowly,Hardware,Desktop Issues,High,SEV2,Resolved,EMP10062,AGT-011,Vijay Krishnan,AGT-011,Vijay Krishnan,2024-12-12 22:42,1. Check RAM: if >90%: add RAM. 2. Clone HDD to SSD with Macrium Reflect.,HDD fragmentation; startup bloatware; low RAM; malware,1.2,Moderate
TKT-00839,NAS drive full – employees cannot save files,Storage & Backup,Storage Performance,Critical,SEV1,Resolved,EMP10484,AGT-006,Deepa Nair,AGT-006,Deepa Nair,2024-03-20 21:57,1. Archive files >2 years old: robocopy /MAXAGE:730. 2. Move to cold storage.,Disk quota not enforced; stale files consuming space,1.1,Human-Escalate
TKT-00840,Software license expired – trial expired message,Software Applications,Password & Licensing,High,SEV2,In Progress,EMP10036,AGT-004,Sneha Reddy,AGT-004,Sneha Reddy,2023-10-12 04:23,1. Raise purchase request. 2. Borrow license from another department temporarily.,Annual license not renewed; license server unreachable,6.2,Moderate
TKT-00841,User cannot login to web application – SSO not working,Security & Access,Password Reset,Medium,SEV3,Escalated,EMP10247,AGT-022,Swathi Gowda,AGT-022,Swathi Gowda,2024-12-14 13:26,1. User: go to myapps.microsoft.com. 2. Launch app for fresh SAML assertion. 3. Check claims mapping.,SAML token expired or IdP metadata outdated,5.3,Auto-Resolve
TKT-00842,Unable to connect to Wi-Fi – 'Can't connect to this network',Network,Wi-Fi Issues,High,SEV2,Resolved,EMP10446,AGT-018,Divya Pillai,AGT-018,Divya Pillai,2023-04-16 17:17,1. netsh int ip reset. 2. netsh winsock reset. 3. ipconfig /flushdns. 4. Reboot. 5. Reconnect.,Corrupted Wi-Fi profile in Windows,8.9,Auto-Resolve
TKT-00843,Software license expired – trial expired message,Software Applications,Password & Licensing,High,SEV2,Resolved,EMP10488,AGT-024,Nandini Kulkarni,AGT-024,Nandini Kulkarni,2023-11-26 22:15,1. Check with IT asset management. 2. Contact vendor for emergency extension.,Annual license not renewed; license server unreachable,9.8,Moderate
TKT-00844,Software license expired – trial expired message,Software Applications,Password & Licensing,Low,SEV4,In Progress,EMP10599,AGT-016,Pooja Mehta,AGT-016,Pooja Mehta,2023-01-15 08:34,1. Raise purchase request. 2. Borrow license from another department temporarily.,Annual license not renewed; license server unreachable,12.4,Auto-Resolve
TKT-00845,NAS drive full – employees cannot save files,Storage & Backup,Storage Performance,High,SEV2,Resolved,EMP10496,AGT-006,Deepa Nair,AGT-006,Deepa Nair,2023-05-14 02:27,1. FSRM > Quota Management > create template. 2. Apply 5GB soft + 10GB hard quota.,Disk quota not enforced; stale files consuming space,8.6,Moderate
TKT-00846,Zoom/Teams video freezing during calls,Software Applications,Browser Issues,Low,SEV4,Resolved,EMP10122,AGT-016,Pooja Mehta,AGT-016,Pooja Mehta,2023-03-24 21:42,1. Close Chrome tabs. 2. Pause OneDrive sync. 3. Set process priority to Above Normal.,Insufficient bandwidth; CPU overload; outdated driver,63.5,Auto-Resolve
TKT-00847,Laptop BSOD – crashes randomly,Hardware,Laptop Issues,High,SEV2,Closed,EMP10250,AGT-023,Prakash Shetty,AGT-023,Prakash Shetty,2025-01-14 04:40,1. Note BSOD stop code. 2. Run mdsched.exe. 3. If RAM errors: replace DIMM.,"Faulty RAM, corrupted OS files, or incompatible driver",6.4,Moderate
TKT-00848,Printer shows offline though powered on,Hardware,Printer Issues,High,SEV2,Escalated,EMP10203,AGT-005,Mohammed Ali,AGT-005,Mohammed Ali,2025-03-27 12:40,1. Remove and reinstall via UNC path: \\printserver\printername. 2. Check print server sharing.,TCP/IP port IP mismatch after DHCP lease change,3,Moderate
TKT-00849,Intermittent packet loss – 15-30% ping loss to gateway,Network,Network Outage,High,SEV2,In Progress,EMP10446,AGT-007,Rahul Singh,AGT-007,Rahul Singh,2023-06-13 21:59,1. Run Wireshark on host. 2. Identify retransmission pattern. 3. Check CRC errors. 4. Replace cable.,Duplex mismatch between server NIC and switch port,1.5,Moderate
TKT-00850,Database backup restore failed – cannot recover to point in time,Storage & Backup,Data Recovery,High,SEV2,Resolved,EMP10421,AGT-019,Nikhil Tiwari,AGT-019,Nikhil Tiwari,2024-06-23 08:20,1. Enable Always On AG with secondary replica for continuous log shipping.,Transaction log backup chain broken; LSN gap,8.7,Moderate
TKT-00851,Cloud backup to Azure Blob failing – auth error,Storage & Backup,Backup Failures,Critical,SEV1,Resolved,EMP10573,AGT-019,Nikhil Tiwari,AGT-019,Nikhil Tiwari,2023-04-24 12:23,1. Storage firewall blocking backup server IP. 2. Add IP to allowed list. 3. Retry.,Storage account access key rotated but not updated,2.1,Human-Escalate
TKT-00852,Azure Storage blob upload failing,Cloud & Servers,Azure,Low,SEV4,Closed,EMP10420,AGT-015,Aditya Shah,AGT-015,Aditya Shah,2024-11-27 18:45,1. Managed Identity: assign Storage Blob Data Contributor role. 2. az role assignment create.,Storage firewall blocking app IP; SAS token expired,62.7,Auto-Resolve
TKT-00853,MFA prompt not received – cannot complete login,Security & Access,Multi-Factor Authentication,Critical,SEV1,In Progress,EMP10463,AGT-002,Priya Sharma,AGT-002,Priya Sharma,2025-02-02 02:30,1. Admin: set MFA to SMS temporarily. 2. User receives SMS code. 3. Login and update authenticator.,Authenticator app out of sync; phone number changed; MFA not registered,2.1,Moderate
TKT-00854,Unauthorized device on corporate network,Security & Access,Security Incidents,High,SEV2,Escalated,EMP10592,AGT-022,Swathi Gowda,AGT-022,Swathi Gowda,2024-02-28 15:56,1. MAC address filtering as immediate fix. 2. Raise change for dynamic VLAN. 3. Review physical security.,Rogue device on open port; no 802.1X authentication,5.2,Moderate
TKT-00855,MFA prompt not received – cannot complete login,Security & Access,Multi-Factor Authentication,High,SEV2,Pending,EMP10368,AGT-002,Priya Sharma,AGT-002,Priya Sharma,2024-05-16 09:08,1. Authenticator app > account > check time sync. 2. Enable auto time on Android. 3. Retry.,Authenticator app out of sync; phone number changed; MFA not registered,3.1,Auto-Resolve
TKT-00856,USB device not recognized – 'Unknown device' in Device Manager,Hardware,USB/Peripheral,Medium,SEV3,Pending,EMP10463,AGT-017,Kiran Babu,AGT-017,Kiran Babu,2024-12-27 01:17,1. PowerShell: Get-PnpDevice -Status Error | Disable-PnpDevice then re-enable.,Corrupt USB driver; power management disabling port,11.1,Auto-Resolve
TKT-00857,Application blocked by proxy – 'Access denied',Network,Firewall & Proxy,Medium,SEV3,In Progress,EMP10354,AGT-007,Rahul Singh,AGT-007,Rahul Singh,2024-09-14 03:57,1. Add destination IP to firewall allow rule. 2. Verify proxy bypass list includes IP. 3. Test.,Proxy URL filter miscategorized site as Social Media,3.1,Auto-Resolve
TKT-00858,ESXi host showing Not Responding in vCenter,Cloud & Servers,VMware,Medium,SEV3,Escalated,EMP10185,AGT-021,Rajesh Nambiar,AGT-021,Rajesh Nambiar,2025-03-27 16:17,1. SSH to host: /etc/init.d/hostd restart && /etc/init.d/vpxa restart.,Management NIC down; DCUI locked; PSOD,19.6,Auto-Resolve
TKT-00859,Outlook not receiving new emails – inbox stuck,Software Applications,Microsoft Office,Critical,SEV1,Resolved,EMP10021,AGT-004,Sneha Reddy,AGT-004,Sneha Reddy,2024-08-02 14:05,1. ipconfig /flushdns. 2. Test Autodiscover: Ctrl+right-click Outlook tray. 3. Re-enter O365 credentials.,Exchange Online throttled; Outlook profile corrupted; OST file too large,0.9,Human-Escalate
TKT-00860,Printer not printing – jobs stuck in queue,Hardware,Printer Issues,Medium,SEV3,Resolved,EMP10427,AGT-011,Vijay Krishnan,AGT-011,Vijay Krishnan,2024-07-30 21:37,1. PowerShell: Stop-Service Spooler. 2. Remove spool files. 3. Start-Service Spooler. 4. Test print.,Print spooler service hung; corrupted print job blocking queue,6.7,Moderate
TKT-00861,IP address conflict – 'Another computer has same IP',Network,IP/DHCP,Low,SEV4,In Progress,EMP10033,AGT-018,Divya Pillai,AGT-018,Divya Pillai,2024-05-13 01:53,1. Check for overlapping DHCP scopes. 2. Set exclusion range for statics. 3. Enable conflict detection.,Static IP conflicts with DHCP pool; duplicate reservation,39.9,Auto-Resolve
TKT-00862,Cloud backup to Azure Blob failing – auth error,Storage & Backup,Backup Failures,Low,SEV4,Closed,EMP10416,AGT-012,Meera Iyer,AGT-012,Meera Iyer,2024-10-04 17:18,1. Copy new key from Azure Portal. 2. Update in backup software. 3. Test connection. 4. Re-run.,Storage account access key rotated but not updated,47.6,Auto-Resolve
TKT-00863,Cloud backup to Azure Blob failing – auth error,Storage & Backup,Backup Failures,Critical,SEV1,Pending,EMP10147,AGT-012,Meera Iyer,AGT-025,Suresh Das,2023-08-10 14:38,1. Storage firewall blocking backup server IP. 2. Add IP to allowed list. 3. Retry.,Storage account access key rotated but not updated,4,Human-Escalate
TKT-00864,Laptop BSOD – crashes randomly,Hardware,Laptop Issues,Medium,SEV3,Closed,EMP10554,AGT-017,Kiran Babu,AGT-017,Kiran Babu,2024-03-26 02:45,1. Note BSOD stop code. 2. Run mdsched.exe. 3. If RAM errors: replace DIMM.,"Faulty RAM, corrupted OS files, or incompatible driver",8.3,Auto-Resolve
TKT-00865,Disk I/O errors in application logs,Storage & Backup,RAID & Disk,Medium,SEV3,Resolved,EMP10548,AGT-012,Meera Iyer,AGT-012,Meera Iyer,2023-10-20 20:03,"1. Event Viewer > System > EventID 7,11,15. 2. chkdsk /r /f. 3. Schedule reboot.",Disk nearing end of life; cable/controller issue; filesystem errors,22,Moderate
TKT-00866,VMware vMotion failing between ESXi hosts,Cloud & Servers,VMware,Medium,SEV3,Resolved,EMP10239,AGT-015,Aditya Shah,AGT-015,Aditya Shah,2023-08-24 21:13,1. Check vMotion bandwidth: min 1Gbps. 2. Verify no firewall blocking TCP 8000/902.,Incompatible CPU feature sets; vMotion network not configured,6.4,Auto-Resolve
TKT-00867,Employee cannot access shared drive – Access denied,Security & Access,Access Control,Low,SEV4,Pending,EMP10500,AGT-008,Kavitha Menon,AGT-008,Kavitha Menon,2025-03-03 22:08,1. net use H: \\fileserver\users\username /persistent:yes. 2. Verify UNC path. 3. Re-map drive.,User removed from AD security group during access review,55.8,Auto-Resolve
TKT-00868,VMware vMotion failing between ESXi hosts,Cloud & Servers,VMware,Medium,SEV3,Pending,EMP10187,AGT-021,Rajesh Nambiar,AGT-021,Rajesh Nambiar,2024-10-20 05:53,1. Enable EVC cluster mode in vCenter. 2. Set baseline to lowest CPU family. 3. Retry vMotion.,Incompatible CPU feature sets; vMotion network not configured,19.1,Moderate
TKT-00869,SAP GUI session disconnected – transaction rolled back,Software Applications,ERP / SAP,Critical,SEV1,Escalated,EMP10237,AGT-024,Nandini Kulkarni,AGT-024,Nandini Kulkarni,2024-09-23 06:05,1. Use SAP Web GUI: http://<host>:8000/sap/bc/gui/sap/its/webgui. 2. Report to Basis team.,Network timeout exceeding SAP session timeout; high WAN latency,3.5,Human-Escalate
TKT-00870,USB device not recognized – 'Unknown device' in Device Manager,Hardware,USB/Peripheral,High,SEV2,Resolved,EMP10145,AGT-017,Kiran Babu,AGT-017,Kiran Babu,2024-08-04 04:08,1. PowerShell: Get-PnpDevice -Status Error | Disable-PnpDevice then re-enable.,Corrupt USB driver; power management disabling port,8.3,Moderate
TKT-00871,Phishing email received – user clicked suspicious link,Security & Access,Security Incidents,Medium,SEV3,In Progress,EMP10533,AGT-014,Lakshmi Rao,AGT-014,Lakshmi Rao,2023-09-11 03:30,1. Run EDR scan immediately. 2. Isolate if infected. 3. Reimage if compromised. 4. File incident report.,Social engineering; credential-harvesting URL clicked,7.2,Auto-Resolve
TKT-00872,SAN storage performance degraded – high LUN latency,Storage & Backup,Storage Performance,Low,SEV4,Escalated,EMP10245,AGT-025,Suresh Das,AGT-025,Suresh Das,2025-03-15 04:21,1. Enable storage tiering. 2. Migrate hot data to SSD tier.,RAID rebuild consuming I/O; HBA queue depth too low,23.8,Auto-Resolve
TKT-00873,SSL certificate expired – application security warning,Security & Access,Certificate Issues,Critical,SEV1,Pending,EMP10536,AGT-008,Kavitha Menon,AGT-008,Kavitha Menon,2023-01-09 15:59,1. certmgr.msc. 2. Request new cert from PKI. 3. Bind to IIS. 4. Test HTTPS.,Auto-renewal failed; not monitored for expiry,2.9,Moderate
TKT-00874,Windows Server services not starting after reboot,Cloud & Servers,Server OS,Low,SEV4,Resolved,EMP10158,AGT-015,Aditya Shah,AGT-015,Aditya Shah,2023-03-29 19:18,1. Event Viewer > System. 2. Check service account password expiry. 3. Update in service properties.,Service dependency not met; service account password expired,58.3,Auto-Resolve
TKT-00875,Windows Server services not starting after reboot,Cloud & Servers,Server OS,Medium,SEV3,Resolved,EMP10289,AGT-009,Arjun Patel,AGT-009,Arjun Patel,2023-12-25 17:51,1. Services.msc > failing service > Dependencies. 2. Start dependencies manually.,Service dependency not met; service account password expired,16,Moderate
TKT-00876,ESXi host showing Not Responding in vCenter,Cloud & Servers,VMware,Medium,SEV3,Resolved,EMP10545,AGT-003,Ankit Verma,AGT-003,Ankit Verma,2024-10-11 02:47,1. If PSOD: physical access required. 2. Note panic message. 3. Reboot. 4. Open VMware SR.,Management NIC down; DCUI locked; PSOD,3.7,Moderate
TKT-00877,DNS resolution slow – 10-15 seconds to load pages,Network,DNS Issues,Medium,SEV3,Resolved,EMP10159,AGT-007,Rahul Singh,AGT-007,Rahul Singh,2024-11-30 05:37,1. DNS Manager > Forwarders. 2. Remove unresponsive IPs. 3. Add 8.8.8.8 or 1.1.1.1. 4. Test resolution speed.,DNS forwarders unresponsive causing timeout delay,13.4,Auto-Resolve
TKT-00878,Cannot connect to corporate VPN – authentication failure after Windows update,Network,VPN Connectivity,Low,SEV4,Closed,EMP10513,AGT-018,Divya Pillai,AGT-018,Divya Pillai,2023-09-08 21:38,1. Uninstall AnyConnect. 2. Delete C:\ProgramData\Cisco remnants. 3. Reinstall latest AnyConnect MSI. 4. Import VPN profile XML. 5. Test connection.,Windows update KB5034441 broke WAN Miniport driver compatibility with Cisco AnyConnect,34.2,Auto-Resolve
TKT-00879,Backup job failed – Veeam error,Storage & Backup,Backup Failures,High,SEV2,Closed,EMP10306,AGT-006,Deepa Nair,AGT-006,Deepa Nair,2023-02-07 12:50,1. Update Veeam to latest patch. 2. Update VMware Tools on backed-up VMs. 3. Retry.,VSS snapshot failure; insufficient shadow storage; writer error,6.4,Moderate
TKT-00880,MFA prompt not received – cannot complete login,Security & Access,Multi-Factor Authentication,Critical,SEV1,In Progress,EMP10468,AGT-002,Priya Sharma,AGT-008,Kavitha Menon,2024-09-14 23:52,1. Admin: set MFA to SMS temporarily. 2. User receives SMS code. 3. Login and update authenticator.,Authenticator app out of sync; phone number changed; MFA not registered,1.8,Human-Escalate
TKT-00881,User cannot login to web application – SSO not working,Security & Access,Password Reset,Critical,SEV1,Pending,EMP10038,AGT-014,Lakshmi Rao,AGT-014,Lakshmi Rao,2024-10-07 22:27,1. Clear cookies for SSO domain. 2. Try incognito. 3. Try different browser.,SAML token expired or IdP metadata outdated,3.9,Moderate
TKT-00882,MFA prompt not received – cannot complete login,Security & Access,Multi-Factor Authentication,Critical,SEV1,Pending,EMP10130,AGT-002,Priya Sharma,AGT-002,Priya Sharma,2023-06-20 03:26,1. Admin: set MFA to SMS temporarily. 2. User receives SMS code. 3. Login and update authenticator.,Authenticator app out of sync; phone number changed; MFA not registered,1.4,Moderate
TKT-00883,SSL certificate expired – application security warning,Security & Access,Certificate Issues,Medium,SEV3,In Progress,EMP10375,AGT-002,Priya Sharma,AGT-002,Priya Sharma,2024-12-02 03:35,1. Update cert on load balancer. 2. Upload new PEM. 3. Update virtual server profile. 4. Test.,Auto-renewal failed; not monitored for expiry,21.8,Auto-Resolve
TKT-00884,AWS S3 bucket access denied to application,Cloud & Servers,AWS,Critical,SEV1,Closed,EMP10133,AGT-021,Rajesh Nambiar,AGT-021,Rajesh Nambiar,2024-08-19 21:09,1. Check S3 bucket policy. 2. If explicit Deny: add allow for IAM role ARN. 3. Test from EC2.,IAM role lacks s3:GetObject; bucket policy denies,3.7,Moderate
TKT-00885,VMware vMotion failing between ESXi hosts,Cloud & Servers,VMware,Medium,SEV3,Resolved,EMP10487,AGT-009,Arjun Patel,AGT-009,Arjun Patel,2023-08-12 14:16,1. Verify vMotion VMkernel adapter on both hosts. 2. Same vMotion network/VLAN.,Incompatible CPU feature sets; vMotion network not configured,2.7,Moderate
TKT-00886,Windows Server services not starting after reboot,Cloud & Servers,Server OS,Low,SEV4,Pending,EMP10091,AGT-015,Aditya Shah,AGT-015,Aditya Shah,2023-12-14 17:02,1. Event Viewer > System. 2. Check service account password expiry. 3. Update in service properties.,Service dependency not met; service account password expired,69.1,Auto-Resolve
TKT-00887,AWS Lambda function timing out,Cloud & Servers,AWS,Low,SEV4,Closed,EMP10029,AGT-003,Ankit Verma,AGT-003,Ankit Verma,2023-03-18 07:12,1. Add connection timeout and retry logic to external API calls. 2. Move long ops to SQS.,Function exceeds timeout; downstream service latency,15.2,Auto-Resolve
TKT-00888,SAN storage performance degraded – high LUN latency,Storage & Backup,Storage Performance,Medium,SEV3,Pending,EMP10111,AGT-006,Deepa Nair,AGT-006,Deepa Nair,2023-02-19 01:18,1. Check I/O blender from VMs. 2. Separate OLTP to dedicated datastores. 3. Enable SIOC.,RAID rebuild consuming I/O; HBA queue depth too low,12.9,Auto-Resolve
TKT-00889,SAN storage performance degraded – high LUN latency,Storage & Backup,Storage Performance,Low,SEV4,Escalated,EMP10180,AGT-025,Suresh Das,AGT-025,Suresh Das,2024-11-25 12:01,1. Check array for rebuild status. 2. Move critical workloads to unaffected LUNs.,RAID rebuild consuming I/O; HBA queue depth too low,6.5,Auto-Resolve
TKT-00890,Unable to connect to Wi-Fi – 'Can't connect to this network',Network,Wi-Fi Issues,Medium,SEV3,Escalated,EMP10264,AGT-013,Sanjay Gupta,AGT-013,Sanjay Gupta,2024-06-05 09:31,1. Update wireless adapter driver. 2. Rollback if issue started after update.,Corrupted Wi-Fi profile in Windows,23.4,Auto-Resolve
TKT-00891,Azure Storage blob upload failing,Cloud & Servers,Azure,Low,SEV4,Closed,EMP10304,AGT-015,Aditya Shah,AGT-015,Aditya Shah,2023-10-15 10:49,1. Check ADLS Gen2 vs blob storage SDK. 2. Use correct SDK for the storage type.,Storage firewall blocking app IP; SAS token expired,53.7,Auto-Resolve
TKT-00892,Outlook not receiving new emails – inbox stuck,Software Applications,Microsoft Office,High,SEV2,Pending,EMP10241,AGT-020,Asha Bhat,AGT-020,Asha Bhat,2025-03-03 15:53,1. ipconfig /flushdns. 2. Test Autodiscover: Ctrl+right-click Outlook tray. 3. Re-enter O365 credentials.,Exchange Online throttled; Outlook profile corrupted; OST file too large,9.9,Auto-Resolve
TKT-00893,SAP GUI session disconnected – transaction rolled back,Software Applications,ERP / SAP,High,SEV2,Escalated,EMP10274,AGT-024,Nandini Kulkarni,AGT-024,Nandini Kulkarni,2023-03-13 08:49,1. Admin: SM50 – check stuck work processes. 2. Cancel orphaned processes.,Network timeout exceeding SAP session timeout; high WAN latency,9.7,Moderate
TKT-00894,Employee cannot access shared drive – Access denied,Security & Access,Access Control,Medium,SEV3,In Progress,EMP10493,AGT-022,Swathi Gowda,AGT-022,Swathi Gowda,2023-05-11 05:49,1. Get-ADGroupMember. 2. Add-ADGroupMember -Identity group -Members username. 3. gpupdate /force.,User removed from AD security group during access review,10.5,Auto-Resolve
TKT-00895,NAS drive full – employees cannot save files,Storage & Backup,Storage Performance,Critical,SEV1,In Progress,EMP10436,AGT-006,Deepa Nair,AGT-006,Deepa Nair,2023-12-02 16:37,1. FSRM > Quota Management > create template. 2. Apply 5GB soft + 10GB hard quota.,Disk quota not enforced; stale files consuming space,1.2,Human-Escalate
TKT-00896,Azure VM not starting – allocation failure,Cloud & Servers,Azure,Critical,SEV1,Pending,EMP10361,AGT-015,Aditya Shah,AGT-015,Aditya Shah,2023-10-27 13:51,1. Check Azure Service Health for outages. 2. Failover to paired region via ASR.,Azure region capacity constraint; VM size unavailable,0.6,Human-Escalate
TKT-00897,Cloud backup to Azure Blob failing – auth error,Storage & Backup,Backup Failures,Medium,SEV3,In Progress,EMP10548,AGT-006,Deepa Nair,AGT-006,Deepa Nair,2024-07-19 12:19,1. Switch to Managed Identity or SAS token. 2. Create SAS. 3. Update software. 4. Verify.,Storage account access key rotated but not updated,16.1,Moderate
TKT-00898,Unable to connect to Wi-Fi – 'Can't connect to this network',Network,Wi-Fi Issues,Low,SEV4,Resolved,EMP10152,AGT-018,Divya Pillai,AGT-018,Divya Pillai,2023-03-08 05:01,"1. Check if DHCP scope exhausted. 2. Admin: expand scope or reduce lease. 3. ipconfig /release, /renew.",Corrupted Wi-Fi profile in Windows,42.1,Auto-Resolve
TKT-00899,AWS S3 bucket access denied to application,Cloud & Servers,AWS,Medium,SEV3,Closed,EMP10342,AGT-009,Arjun Patel,AGT-009,Arjun Patel,2023-04-07 17:43,1. IAM > Roles > find EC2 role > add S3 permissions for bucket ARN.,IAM role lacks s3:GetObject; bucket policy denies,10.5,Moderate
TKT-00900,Database backup restore failed – cannot recover to point in time,Storage & Backup,Data Recovery,Medium,SEV3,Resolved,EMP10225,AGT-019,Nikhil Tiwari,AGT-019,Nikhil Tiwari,2024-08-02 16:20,1. Azure SQL: Point-in-Time Restore from Portal. 2. Restore to new database. 3. Swap connection string.,Transaction log backup chain broken; LSN gap,10.5,Auto-Resolve
TKT-00901,Cannot access internal websites – browser shows server not found,Network,DNS Issues,Critical,SEV1,Escalated,EMP10162,AGT-007,Rahul Singh,AGT-007,Rahul Singh,2025-01-22 04:58,1. Get-Service DNS on all DCs. 2. Start failed instances. 3. Check event log 4013/4015. 4. Run dcdiag /test:DNS.,Primary internal DNS server service crashed due to corrupted zone file,1.9,Moderate
TKT-00902,MFA prompt not received – cannot complete login,Security & Access,Multi-Factor Authentication,Critical,SEV1,Resolved,EMP10593,AGT-014,Lakshmi Rao,AGT-002,Priya Sharma,2024-07-26 14:43,1. Admin: set MFA to SMS temporarily. 2. User receives SMS code. 3. Login and update authenticator.,Authenticator app out of sync; phone number changed; MFA not registered,3.3,Human-Escalate
TKT-00903,Accidentally deleted important file,Storage & Backup,Data Recovery,Low,SEV4,In Progress,EMP10255,AGT-012,Meera Iyer,AGT-012,Meera Iyer,2024-04-27 00:17,1. Right-click folder > Properties > Previous Versions. 2. Restore from shadow copy.,File deleted from share; shadow copy not configured,53.6,Auto-Resolve
TKT-00904,Azure AD Conditional Access blocking user login,Cloud & Servers,Azure,Critical,SEV1,Resolved,EMP10284,AGT-021,Rajesh Nambiar,AGT-021,Rajesh Nambiar,2024-12-13 05:16,1. Admin: temporary CA exclusion for user (24-hour limit). 2. Investigate root cause.,Device not compliant in Intune; policy requires compliant device,1.5,Moderate
TKT-00905,Cloud backup to Azure Blob failing – auth error,Storage & Backup,Backup Failures,High,SEV2,Pending,EMP10231,AGT-012,Meera Iyer,AGT-012,Meera Iyer,2023-12-09 07:34,1. Switch to Managed Identity or SAS token. 2. Create SAS. 3. Update software. 4. Verify.,Storage account access key rotated but not updated,2.2,Auto-Resolve
TKT-00906,Software license expired – trial expired message,Software Applications,Password & Licensing,High,SEV2,Closed,EMP10384,AGT-024,Nandini Kulkarni,AGT-024,Nandini Kulkarni,2023-06-05 17:00,1. Raise purchase request. 2. Borrow license from another department temporarily.,Annual license not renewed; license server unreachable,11.1,Moderate
TKT-00907,PowerPoint not displaying correctly on projector,Software Applications,Microsoft Office,Critical,SEV1,Pending,EMP10372,AGT-010,Sunita Joshi,AGT-024,Nandini Kulkarni,2024-10-03 14:27,1. Lower resolution to match projector native. 2. Set 60Hz. 3. Try VGA instead of HDMI.,Resolution mismatch; display scaling issues,2.5,Human-Escalate
TKT-00908,Printer shows offline though powered on,Hardware,Printer Issues,High,SEV2,Escalated,EMP10592,AGT-017,Kiran Babu,AGT-017,Kiran Babu,2025-03-09 12:12,1. Remove and reinstall via UNC path: \\printserver\printername. 2. Check print server sharing.,TCP/IP port IP mismatch after DHCP lease change,1.8,Moderate
TKT-00909,Backup job failed – Veeam error,Storage & Backup,Backup Failures,Critical,SEV1,Pending,EMP10544,AGT-019,Nikhil Tiwari,AGT-019,Nikhil Tiwari,2025-02-01 03:15,1. Update Veeam to latest patch. 2. Update VMware Tools on backed-up VMs. 3. Retry.,VSS snapshot failure; insufficient shadow storage; writer error,0.6,Human-Escalate
TKT-00910,Outlook not receiving new emails – inbox stuck,Software Applications,Microsoft Office,High,SEV2,Escalated,EMP10414,AGT-024,Nandini Kulkarni,AGT-024,Nandini Kulkarni,2024-06-17 02:50,"1. OST file size check. 2. If >50GB: archive. 3. Delete .ost, reopen Outlook to rebuild.",Exchange Online throttled; Outlook profile corrupted; OST file too large,6.6,Auto-Resolve
TKT-00911,Excel file opens as read-only and cannot be edited,Software Applications,Microsoft Office,High,SEV2,Escalated,EMP10146,AGT-010,Sunita Joshi,AGT-010,Sunita Joshi,2024-02-04 07:23,"1. SharePoint: check out file first. 2. Or download local copy, edit, upload back.",File has Mark of the Web flag from download; network drive permission issue,11.1,Moderate
TKT-00912,Ransomware detected on workstation,Security & Access,Security Incidents,Low,SEV4,Closed,EMP10100,AGT-022,Swathi Gowda,AGT-022,Swathi Gowda,2023-03-15 16:46,1. Restore from Veeam backup to clean VM. 2. Validate data. 3. Re-provision workstation via Intune.,User ran malicious attachment; files encrypted on local and mapped drives,23.2,Auto-Resolve
TKT-00913,Printer shows offline though powered on,Hardware,Printer Issues,Medium,SEV3,Escalated,EMP10057,AGT-023,Prakash Shetty,AGT-023,Prakash Shetty,2024-04-05 09:27,1. Uncheck 'Use Printer Offline'. 2. Restart spooler. 3. Ping printer IP.,TCP/IP port IP mismatch after DHCP lease change,14.4,Auto-Resolve
TKT-00914,IP address conflict – 'Another computer has same IP',Network,IP/DHCP,High,SEV2,Escalated,EMP10228,AGT-018,Divya Pillai,AGT-018,Divya Pillai,2023-10-01 05:50,1. Check for overlapping DHCP scopes. 2. Set exclusion range for statics. 3. Enable conflict detection.,Static IP conflicts with DHCP pool; duplicate reservation,8.7,Moderate
TKT-00915,Azure Storage blob upload failing,Cloud & Servers,Azure,Medium,SEV3,Resolved,EMP10461,AGT-009,Arjun Patel,AGT-009,Arjun Patel,2025-01-19 14:17,1. Managed Identity: assign Storage Blob Data Contributor role. 2. az role assignment create.,Storage firewall blocking app IP; SAS token expired,21.1,Auto-Resolve
TKT-00916,Complete network outage – entire floor offline,Network,Network Outage,Low,SEV4,Escalated,EMP10266,AGT-007,Rahul Singh,AGT-007,Rahul Singh,2023-03-25 09:55,1. Reseat uplink cable. 2. Try alternate patch cable. 3. Move uplink to backup port. 4. Test.,Core switch uplink SFP module failure,52.4,Auto-Resolve
TKT-00917,VMware vMotion failing between ESXi hosts,Cloud & Servers,VMware,Critical,SEV1,Resolved,EMP10562,AGT-009,Arjun Patel,AGT-021,Rajesh Nambiar,2024-11-03 23:09,1. Check datastore accessibility from destination host. 2. Use Storage vMotion simultaneously.,Incompatible CPU feature sets; vMotion network not configured,1.8,Human-Escalate
TKT-00918,Wi-Fi disconnects frequently – signal strong but keeps dropping,Network,Wi-Fi Issues,Low,SEV4,In Progress,EMP10445,AGT-001,Ravi Kumar,AGT-001,Ravi Kumar,2024-03-06 12:54,1. Use Wi-Fi Analyzer. 2. Change AP to least congested channel. 3. Set 20MHz width on 2.4GHz.,Wi-Fi channel congestion; band-steering misconfiguration,10.8,Auto-Resolve
TKT-00919,Monitor no signal after sleep/hibernate,Hardware,Monitor Issues,Low,SEV4,Resolved,EMP10002,AGT-023,Prakash Shetty,AGT-023,Prakash Shetty,2025-03-01 04:55,1. Try different cable. 2. Try different GPU port. 3. Reseat GPU. 4. Test with integrated graphics.,GPU not resuming signal; monitor standby not recovering,51.8,Auto-Resolve
TKT-00920,Outlook not receiving new emails – inbox stuck,Software Applications,Microsoft Office,Medium,SEV3,Pending,EMP10285,AGT-020,Asha Bhat,AGT-020,Asha Bhat,2024-08-13 01:48,1. Check OWA. 2. If emails there: profile issue. 3. Create new profile: Control Panel > Mail.,Exchange Online throttled; Outlook profile corrupted; OST file too large,18.6,Moderate
TKT-00921,Desktop running very slowly,Hardware,Desktop Issues,High,SEV2,Resolved,EMP10168,AGT-005,Mohammed Ali,AGT-005,Mohammed Ali,2024-04-21 22:16,1. Malwarebytes scan. 2. Windows Defender offline scan. 3. Remove threats. 4. Reboot.,HDD fragmentation; startup bloatware; low RAM; malware,9.4,Auto-Resolve
TKT-00922,AWS EC2 instance not reachable – SSH/RDP refused,Cloud & Servers,AWS,Medium,SEV3,Resolved,EMP10404,AGT-015,Aditya Shah,AGT-015,Aditya Shah,2024-11-02 23:36,1. Check System Log: EC2 > Monitor > Get System Log. 2. Look for kernel panic or OOM. 3. Upgrade instance.,Security group missing inbound rule; instance stopped unexpectedly,9.5,Auto-Resolve
TKT-00923,Laptop screen flickering – random lines on display,Hardware,Laptop Issues,Medium,SEV3,Resolved,EMP10231,AGT-017,Kiran Babu,AGT-017,Kiran Babu,2024-06-11 21:40,1. External monitor via HDMI. 2. If OK: LCD cable issue. 3. Reseat cable or escalate.,Loose display cable or failing GPU driver; LCD backlight fault,15.6,Auto-Resolve
TKT-00924,Microsoft Word crashes when opening documents,Software Applications,Microsoft Office,Medium,SEV3,In Progress,EMP10204,AGT-004,Sneha Reddy,AGT-004,Sneha Reddy,2024-03-26 06:40,1. Rename Normal.dotm to Normal.old in AppData\Roaming\Microsoft\Templates. 2. Restart Word.,Corrupted Normal.dotm template or conflicting COM add-in,14.9,Auto-Resolve
TKT-00925,Application blocked by proxy – 'Access denied',Network,Firewall & Proxy,High,SEV2,Resolved,EMP10557,AGT-013,Sanjay Gupta,AGT-013,Sanjay Gupta,2024-12-09 18:30,1. Admin: create custom URL category. 2. Add to bypass list for AD group. 3. Push policy update.,Proxy URL filter miscategorized site as Social Media,4,Auto-Resolve
TKT-00926,Monitor no signal after sleep/hibernate,Hardware,Monitor Issues,Critical,SEV1,Resolved,EMP10228,AGT-005,Mohammed Ali,AGT-023,Prakash Shetty,2024-03-31 13:31,1. Press key or mouse. 2. Press monitor power. 3. Check display cable. 4. Switch monitor input.,GPU not resuming signal; monitor standby not recovering,1.4,Human-Escalate
TKT-00927,Disk I/O errors in application logs,Storage & Backup,RAID & Disk,Medium,SEV3,Closed,EMP10381,AGT-019,Nikhil Tiwari,AGT-019,Nikhil Tiwari,2023-05-01 13:18,1. smartctl -H /dev/sdX. 2. Run extended SMART test. 3. If failing: replace immediately.,Disk nearing end of life; cable/controller issue; filesystem errors,17.8,Moderate
TKT-00928,Software license expired – trial expired message,Software Applications,Password & Licensing,Critical,SEV1,Resolved,EMP10238,AGT-020,Asha Bhat,AGT-020,Asha Bhat,2023-01-31 23:10,1. Check with IT asset management. 2. Contact vendor for emergency extension.,Annual license not renewed; license server unreachable,1.3,Human-Escalate
TKT-00929,USB device not recognized – 'Unknown device' in Device Manager,Hardware,USB/Peripheral,Critical,SEV1,Resolved,EMP10218,AGT-023,Prakash Shetty,AGT-023,Prakash Shetty,2025-01-14 02:57,1. PowerShell: Get-PnpDevice -Status Error | Disable-PnpDevice then re-enable.,Corrupt USB driver; power management disabling port,0.6,Moderate
TKT-00930,Microsoft Word crashes when opening documents,Software Applications,Microsoft Office,Critical,SEV1,Resolved,EMP10323,AGT-016,Pooja Mehta,AGT-024,Nandini Kulkarni,2023-02-19 10:05,1. Update Office: File > Account > Update Options > Update Now. 2. Disable AV scanning Office temp files.,Corrupted Normal.dotm template or conflicting COM add-in,3.8,Human-Escalate
TKT-00931,Printer not printing – jobs stuck in queue,Hardware,Printer Issues,Medium,SEV3,Resolved,EMP10460,AGT-017,Kiran Babu,AGT-017,Kiran Babu,2024-08-28 19:39,1. Cancel all jobs in Control Panel. 2. Kill spoolsv.exe via Process Explorer. 3. Clear spool. 4. Restart.,Print spooler service hung; corrupted print job blocking queue,4.4,Auto-Resolve
TKT-00932,IP address conflict – 'Another computer has same IP',Network,IP/DHCP,Medium,SEV3,In Progress,EMP10159,AGT-018,Divya Pillai,AGT-018,Divya Pillai,2023-08-04 21:15,1. Identify conflict via DHCP logs. 2. Remove static IP. 3. Delete duplicate reservation. 4. arp -d *.,Static IP conflicts with DHCP pool; duplicate reservation,16.7,Moderate
TKT-00933,Outlook not receiving new emails – inbox stuck,Software Applications,Microsoft Office,Medium,SEV3,Resolved,EMP10153,AGT-024,Nandini Kulkarni,AGT-024,Nandini Kulkarni,2025-03-12 12:25,1. F9 to force send/receive. 2. Check account settings: File > Account Settings.,Exchange Online throttled; Outlook profile corrupted; OST file too large,20.1,Auto-Resolve
TKT-00934,Printer shows offline though powered on,Hardware,Printer Issues,High,SEV2,Pending,EMP10021,AGT-017,Kiran Babu,AGT-017,Kiran Babu,2023-12-26 20:40,1. Assign static IP via printer web interface. 2. Set outside DHCP range. 3. Update port on all PCs.,TCP/IP port IP mismatch after DHCP lease change,1.9,Moderate
TKT-00935,Monitor no signal after sleep/hibernate,Hardware,Monitor Issues,High,SEV2,Resolved,EMP10222,AGT-023,Prakash Shetty,AGT-023,Prakash Shetty,2025-02-02 06:26,1. Press key or mouse. 2. Press monitor power. 3. Check display cable. 4. Switch monitor input.,GPU not resuming signal; monitor standby not recovering,8.7,Auto-Resolve
TKT-00936,SSL certificate expired – application security warning,Security & Access,Certificate Issues,Critical,SEV1,Resolved,EMP10026,AGT-008,Kavitha Menon,AGT-008,Kavitha Menon,2023-01-01 04:38,1. certbot renew --force-renewal. 2. systemctl reload nginx. 3. Verify dates via openssl.,Auto-renewal failed; not monitored for expiry,3.6,Human-Escalate
TKT-00937,Antivirus blocking legitimate application,Software Applications,Antivirus / Security Software,Critical,SEV1,Escalated,EMP10393,AGT-004,Sneha Reddy,AGT-024,Nandini Kulkarni,2024-05-20 15:02,1. Disable real-time protection temporarily. 2. Launch app. 3. Add executable to whitelist.,Heuristic false positive flagging application executable,4,Human-Escalate
TKT-00938,Monitor no signal after sleep/hibernate,Hardware,Monitor Issues,Medium,SEV3,Resolved,EMP10063,AGT-017,Kiran Babu,AGT-017,Kiran Babu,2024-07-19 08:05,1. Press key or mouse. 2. Press monitor power. 3. Check display cable. 4. Switch monitor input.,GPU not resuming signal; monitor standby not recovering,18.3,Auto-Resolve
TKT-00939,Backup taking too long – missing SLA window,Storage & Backup,Backup Failures,Critical,SEV1,Closed,EMP10264,AGT-012,Meera Iyer,AGT-019,Nikhil Tiwari,2023-05-10 16:04,1. Move repository to SSD-backed storage. 2. Add backup proxies. 3. Adjust to off-peak hours.,Backup chain grown too large; CBT corrupted on VM,3.5,Human-Escalate
TKT-00940,Outlook not receiving new emails – inbox stuck,Software Applications,Microsoft Office,High,SEV2,Resolved,EMP10126,AGT-020,Asha Bhat,AGT-020,Asha Bhat,2024-10-04 00:40,1. Check OWA. 2. If emails there: profile issue. 3. Create new profile: Control Panel > Mail.,Exchange Online throttled; Outlook profile corrupted; OST file too large,11.8,Moderate
TKT-00941,ESXi host showing Not Responding in vCenter,Cloud & Servers,VMware,Critical,SEV1,Closed,EMP10222,AGT-003,Ankit Verma,AGT-003,Ankit Verma,2024-10-25 20:14,1. Remove host from vCenter. 2. Add host wizard to re-add. 3. VMs re-discovered automatically.,Management NIC down; DCUI locked; PSOD,2.5,Human-Escalate
TKT-00942,Laptop not turning on – no response on power button,Hardware,Laptop Issues,High,SEV2,Resolved,EMP10426,AGT-011,Vijay Krishnan,AGT-011,Vijay Krishnan,2025-01-08 15:42,1. Remove battery. 2. Connect AC only. 3. Hold power 30s. 4. Reinsert battery. 5. Power on.,Battery drained; power adapter fault; or BIOS hang,5.8,Moderate
TKT-00943,Disk I/O errors in application logs,Storage & Backup,RAID & Disk,High,SEV2,Resolved,EMP10426,AGT-025,Suresh Das,AGT-025,Suresh Das,2024-10-24 11:21,1. smartctl -H /dev/sdX. 2. Run extended SMART test. 3. If failing: replace immediately.,Disk nearing end of life; cable/controller issue; filesystem errors,10,Moderate
TKT-00944,Unable to connect to Wi-Fi – 'Can't connect to this network',Network,Wi-Fi Issues,High,SEV2,In Progress,EMP10288,AGT-018,Divya Pillai,AGT-018,Divya Pillai,2023-08-03 10:44,"1. Check if DHCP scope exhausted. 2. Admin: expand scope or reduce lease. 3. ipconfig /release, /renew.",Corrupted Wi-Fi profile in Windows,3.6,Auto-Resolve
TKT-00945,Monitor no signal after sleep/hibernate,Hardware,Monitor Issues,Critical,SEV1,In Progress,EMP10481,AGT-017,Kiran Babu,AGT-017,Kiran Babu,2023-03-23 21:29,1. Try different cable. 2. Try different GPU port. 3. Reseat GPU. 4. Test with integrated graphics.,GPU not resuming signal; monitor standby not recovering,3.3,Moderate
TKT-00946,Employee cannot access shared drive – Access denied,Security & Access,Access Control,Critical,SEV1,Closed,EMP10252,AGT-002,Priya Sharma,AGT-002,Priya Sharma,2023-05-26 23:46,1. net use H: \\fileserver\users\username /persistent:yes. 2. Verify UNC path. 3. Re-map drive.,User removed from AD security group during access review,2.3,Human-Escalate
TKT-00947,Unable to post journal entry in SAP – Period not open error,Software Applications,ERP / SAP,Medium,SEV3,Escalated,EMP10356,AGT-004,Sneha Reddy,AGT-004,Sneha Reddy,2024-11-21 23:55,1. Request CFO approval to reopen. 2. Document business reason. 3. Use F-02 with alternative date.,Fiscal year period not opened in FI module,11.3,Moderate
TKT-00948,DNS resolution slow – 10-15 seconds to load pages,Network,DNS Issues,Critical,SEV1,Escalated,EMP10122,AGT-018,Divya Pillai,AGT-018,Divya Pillai,2023-05-01 16:41,1. Enable DNS caching: set TTL to 3600s. 2. Clear stale cache: dnscmd /clearcache. 3. Monitor with Resolve-DnsName.,DNS forwarders unresponsive causing timeout delay,1.7,Human-Escalate
TKT-00949,Monitor no signal after sleep/hibernate,Hardware,Monitor Issues,Medium,SEV3,Resolved,EMP10496,AGT-011,Vijay Krishnan,AGT-011,Vijay Krishnan,2023-05-03 23:34,1. Update GPU driver. 2. Disable deep sleep for GPU in Device Manager.,GPU not resuming signal; monitor standby not recovering,22.9,Auto-Resolve
TKT-00950,Software license expired – trial expired message,Software Applications,Password & Licensing,Medium,SEV3,Resolved,EMP10167,AGT-016,Pooja Mehta,AGT-016,Pooja Mehta,2024-08-22 03:44,1. Check with IT asset management. 2. Contact vendor for emergency extension.,Annual license not renewed; license server unreachable,13.4,Auto-Resolve
TKT-00951,Unable to post journal entry in SAP – Period not open error,Software Applications,ERP / SAP,Medium,SEV3,Closed,EMP10104,AGT-016,Pooja Mehta,AGT-016,Pooja Mehta,2023-12-27 19:34,1. Admin: OB52. 2. Open period for current fiscal. 3. Retry posting.,Fiscal year period not opened in FI module,18.3,Auto-Resolve
TKT-00952,Browser pages loading slowly or not loading,Software Applications,Browser Issues,High,SEV2,Resolved,EMP10464,AGT-010,Sunita Joshi,AGT-010,Sunita Joshi,2023-05-23 18:57,1. Clear cache: Ctrl+Shift+Del > All time. 2. Restart browser. 3. Test in incognito.,Cache corruption; DNS issue; extension conflict,9.3,Moderate
TKT-00953,Cannot access internal websites – browser shows server not found,Network,DNS Issues,Low,SEV4,Resolved,EMP10592,AGT-007,Rahul Singh,AGT-007,Rahul Singh,2023-08-03 14:28,1. Get-Service DNS on all DCs. 2. Start failed instances. 3. Check event log 4013/4015. 4. Run dcdiag /test:DNS.,Primary internal DNS server service crashed due to corrupted zone file,62,Auto-Resolve
TKT-00954,User cannot login to web application – SSO not working,Security & Access,Password Reset,Medium,SEV3,Pending,EMP10432,AGT-014,Lakshmi Rao,AGT-014,Lakshmi Rao,2024-07-01 00:30,1. Clear cookies for SSO domain. 2. Try incognito. 3. Try different browser.,SAML token expired or IdP metadata outdated,12,Moderate
TKT-00955,User cannot login to web application – SSO not working,Security & Access,Password Reset,High,SEV2,Pending,EMP10208,AGT-014,Lakshmi Rao,AGT-014,Lakshmi Rao,2023-07-30 09:27,1. Admin: check IdP app assignment. 2. Verify user in assigned group. 3. Re-assign if missing.,SAML token expired or IdP metadata outdated,10,Moderate
TKT-00956,Monitor no signal after sleep/hibernate,Hardware,Monitor Issues,High,SEV2,Resolved,EMP10040,AGT-023,Prakash Shetty,AGT-023,Prakash Shetty,2024-08-28 20:40,1. Update GPU driver. 2. Disable deep sleep for GPU in Device Manager.,GPU not resuming signal; monitor standby not recovering,2.6,Moderate
TKT-00957,Excel file opens as read-only and cannot be edited,Software Applications,Microsoft Office,Medium,SEV3,Resolved,EMP10599,AGT-024,Nandini Kulkarni,AGT-024,Nandini Kulkarni,2023-10-26 10:28,"1. SharePoint: check out file first. 2. Or download local copy, edit, upload back.",File has Mark of the Web flag from download; network drive permission issue,16.8,Auto-Resolve
TKT-00958,MFA prompt not received – cannot complete login,Security & Access,Multi-Factor Authentication,Low,SEV4,Resolved,EMP10523,AGT-008,Kavitha Menon,AGT-008,Kavitha Menon,2024-05-05 06:06,1. Admin: set MFA to SMS temporarily. 2. User receives SMS code. 3. Login and update authenticator.,Authenticator app out of sync; phone number changed; MFA not registered,15.7,Auto-Resolve
TKT-00959,Laptop overheating – shuts down after 20-30 minutes,Hardware,Laptop Issues,Medium,SEV3,Closed,EMP10179,AGT-023,Prakash Shetty,AGT-023,Prakash Shetty,2024-02-17 22:18,1. Underclock via Intel XTU: reduce TDP 10-15%. 2. Max fan in BIOS. 3. Use cooling pad.,Dust-clogged heat sink; dried thermal paste,14.2,Auto-Resolve
TKT-00960,User receiving Access Denied on SharePoint site,Security & Access,Access Control,Low,SEV4,Closed,EMP10302,AGT-014,Lakshmi Rao,AGT-014,Lakshmi Rao,2025-02-24 08:01,1. Check unique permissions. 2. Site Permissions > Grant access via Share.,User not in site members group; permissions inheritance broken,59.7,Auto-Resolve
TKT-00961,Monitor no signal after sleep/hibernate,Hardware,Monitor Issues,High,SEV2,Closed,EMP10451,AGT-011,Vijay Krishnan,AGT-011,Vijay Krishnan,2024-11-14 08:01,1. Update GPU driver. 2. Disable deep sleep for GPU in Device Manager.,GPU not resuming signal; monitor standby not recovering,6.4,Moderate
TKT-00962,Azure Storage blob upload failing,Cloud & Servers,Azure,Critical,SEV1,Pending,EMP10554,AGT-021,Rajesh Nambiar,AGT-015,Aditya Shah,2023-05-11 15:50,1. Regenerate SAS token with longer expiry. 2. Update app config. 3. Verify permissions.,Storage firewall blocking app IP; SAS token expired,0.8,Human-Escalate
TKT-00963,Database backup restore failed – cannot recover to point in time,Storage & Backup,Data Recovery,High,SEV2,Closed,EMP10197,AGT-019,Nikhil Tiwari,AGT-019,Nikhil Tiwari,2023-11-17 10:58,1. Enable Always On AG with secondary replica for continuous log shipping.,Transaction log backup chain broken; LSN gap,3.6,Moderate
TKT-00964,Cloud backup to Azure Blob failing – auth error,Storage & Backup,Backup Failures,Medium,SEV3,Pending,EMP10476,AGT-025,Suresh Das,AGT-025,Suresh Das,2024-04-09 02:44,1. Switch to Managed Identity or SAS token. 2. Create SAS. 3. Update software. 4. Verify.,Storage account access key rotated but not updated,3.3,Auto-Resolve
TKT-00965,Phishing email received – user clicked suspicious link,Security & Access,Security Incidents,Critical,SEV1,Resolved,EMP10357,AGT-014,Lakshmi Rao,AGT-014,Lakshmi Rao,2024-09-02 05:45,1. Check email headers. 2. Block sender domain in EOP. 3. Delete from all mailboxes. 4. Report to security.,Social engineering; credential-harvesting URL clicked,2.2,Moderate
TKT-00966,Azure AD Conditional Access blocking user login,Cloud & Servers,Azure,Critical,SEV1,Pending,EMP10549,AGT-003,Ankit Verma,AGT-015,Aditya Shah,2023-09-02 13:40,1. Check if user in correct CA scope. 2. Check Named Locations – add new office IP.,Device not compliant in Intune; policy requires compliant device,3.3,Human-Escalate
TKT-00967,Software license expired – trial expired message,Software Applications,Password & Licensing,High,SEV2,Escalated,EMP10093,AGT-016,Pooja Mehta,AGT-016,Pooja Mehta,2025-02-11 07:55,1. Reassign available license from another user in license console.,Annual license not renewed; license server unreachable,8.4,Auto-Resolve
TKT-00968,Complete network outage – entire floor offline,Network,Network Outage,Low,SEV4,In Progress,EMP10218,AGT-018,Divya Pillai,AGT-018,Divya Pillai,2023-07-24 12:21,1. Failover to backup ISP. 2. Update BGP routing. 3. Notify ISP. 4. Monitor failback.,Core switch uplink SFP module failure,8.4,Auto-Resolve
TKT-00969,SSL certificate expired – application security warning,Security & Access,Certificate Issues,High,SEV2,Resolved,EMP10046,AGT-002,Priya Sharma,AGT-002,Priya Sharma,2023-09-19 03:57,1. certmgr.msc. 2. Request new cert from PKI. 3. Bind to IIS. 4. Test HTTPS.,Auto-renewal failed; not monitored for expiry,7.3,Moderate
TKT-00970,SSL certificate expired – application security warning,Security & Access,Certificate Issues,Critical,SEV1,Closed,EMP10392,AGT-002,Priya Sharma,AGT-002,Priya Sharma,2023-10-14 12:08,1. certbot renew --force-renewal. 2. systemctl reload nginx. 3. Verify dates via openssl.,Auto-renewal failed; not monitored for expiry,2,Moderate
TKT-00971,Monitor no signal after sleep/hibernate,Hardware,Monitor Issues,High,SEV2,Resolved,EMP10173,AGT-023,Prakash Shetty,AGT-023,Prakash Shetty,2023-01-19 19:06,1. Update GPU driver. 2. Disable deep sleep for GPU in Device Manager.,GPU not resuming signal; monitor standby not recovering,2.9,Auto-Resolve
TKT-00972,SAN storage performance degraded – high LUN latency,Storage & Backup,Storage Performance,Low,SEV4,Pending,EMP10017,AGT-025,Suresh Das,AGT-025,Suresh Das,2024-01-18 01:39,1. Check HBA queue depth. 2. Increase to 128: edit modprobe.d config. 3. Reboot.,RAID rebuild consuming I/O; HBA queue depth too low,47.4,Auto-Resolve
TKT-00973,Phishing email received – user clicked suspicious link,Security & Access,Security Incidents,Low,SEV4,Resolved,EMP10124,AGT-008,Kavitha Menon,AGT-008,Kavitha Menon,2024-08-27 03:05,1. Check email headers. 2. Block sender domain in EOP. 3. Delete from all mailboxes. 4. Report to security.,Social engineering; credential-harvesting URL clicked,69.9,Auto-Resolve
TKT-00974,Browser pages loading slowly or not loading,Software Applications,Browser Issues,High,SEV2,Closed,EMP10147,AGT-024,Nandini Kulkarni,AGT-024,Nandini Kulkarni,2023-03-22 19:55,1. Clear cache: Ctrl+Shift+Del > All time. 2. Restart browser. 3. Test in incognito.,Cache corruption; DNS issue; extension conflict,5.2,Moderate
TKT-00975,Printer not printing – jobs stuck in queue,Hardware,Printer Issues,Critical,SEV1,Closed,EMP10420,AGT-011,Vijay Krishnan,AGT-023,Prakash Shetty,2024-01-31 01:10,1. Cancel all jobs in Control Panel. 2. Kill spoolsv.exe via Process Explorer. 3. Clear spool. 4. Restart.,Print spooler service hung; corrupted print job blocking queue,3.5,Human-Escalate
TKT-00976,PowerPoint not displaying correctly on projector,Software Applications,Microsoft Office,High,SEV2,Resolved,EMP10246,AGT-024,Nandini Kulkarni,AGT-024,Nandini Kulkarni,2023-10-22 14:56,1. Lower resolution to match projector native. 2. Set 60Hz. 3. Try VGA instead of HDMI.,Resolution mismatch; display scaling issues,8.7,Moderate
TKT-00977,AWS EC2 instance not reachable – SSH/RDP refused,Cloud & Servers,AWS,Critical,SEV1,Resolved,EMP10053,AGT-009,Arjun Patel,AGT-009,Arjun Patel,2024-06-30 07:18,1. Check System Log: EC2 > Monitor > Get System Log. 2. Look for kernel panic or OOM. 3. Upgrade instance.,Security group missing inbound rule; instance stopped unexpectedly,0.6,Human-Escalate
TKT-00978,Cannot access internal websites – browser shows server not found,Network,DNS Issues,Medium,SEV3,Resolved,EMP10353,AGT-013,Sanjay Gupta,AGT-013,Sanjay Gupta,2024-01-14 05:13,1. Get-Service DNS on all DCs. 2. Start failed instances. 3. Check event log 4013/4015. 4. Run dcdiag /test:DNS.,Primary internal DNS server service crashed due to corrupted zone file,14.4,Moderate
TKT-00979,Azure AD Conditional Access blocking user login,Cloud & Servers,Azure,Critical,SEV1,Resolved,EMP10200,AGT-021,Rajesh Nambiar,AGT-021,Rajesh Nambiar,2023-03-27 17:54,1. Admin: temporary CA exclusion for user (24-hour limit). 2. Investigate root cause.,Device not compliant in Intune; policy requires compliant device,2.1,Moderate
TKT-00980,Desktop running very slowly,Hardware,Desktop Issues,Low,SEV4,Resolved,EMP10550,AGT-023,Prakash Shetty,AGT-023,Prakash Shetty,2024-04-30 01:41,1. Malwarebytes scan. 2. Windows Defender offline scan. 3. Remove threats. 4. Reboot.,HDD fragmentation; startup bloatware; low RAM; malware,13.2,Auto-Resolve
TKT-00981,New employee cannot access ERP on first day,Security & Access,Access Control,Critical,SEV1,Closed,EMP10543,AGT-008,Kavitha Menon,AGT-008,Kavitha Menon,2024-10-26 12:46,"1. Check AD account: Get-ADUser username | select Enabled,LockedOut. 2. Enable if disabled.",ERP provisioning not completed; role assignment pending,3.7,Human-Escalate
TKT-00982,Monitor no signal after sleep/hibernate,Hardware,Monitor Issues,Medium,SEV3,Pending,EMP10283,AGT-017,Kiran Babu,AGT-017,Kiran Babu,2024-09-16 17:20,1. Press key or mouse. 2. Press monitor power. 3. Check display cable. 4. Switch monitor input.,GPU not resuming signal; monitor standby not recovering,23,Auto-Resolve
TKT-00983,SAN storage performance degraded – high LUN latency,Storage & Backup,Storage Performance,Medium,SEV3,Pending,EMP10423,AGT-012,Meera Iyer,AGT-012,Meera Iyer,2023-09-07 00:54,1. Check array for rebuild status. 2. Move critical workloads to unaffected LUNs.,RAID rebuild consuming I/O; HBA queue depth too low,15.5,Auto-Resolve
TKT-00984,Excel file opens as read-only and cannot be edited,Software Applications,Microsoft Office,Low,SEV4,Resolved,EMP10022,AGT-024,Nandini Kulkarni,AGT-024,Nandini Kulkarni,2025-01-22 10:38,1. Check share permissions: Write for user. 2. NTFS permissions > Security > add Modify.,File has Mark of the Web flag from download; network drive permission issue,21,Auto-Resolve
TKT-00985,DNS resolution slow – 10-15 seconds to load pages,Network,DNS Issues,Low,SEV4,Resolved,EMP10555,AGT-001,Ravi Kumar,AGT-001,Ravi Kumar,2023-01-25 16:20,1. Enable DNS caching: set TTL to 3600s. 2. Clear stale cache: dnscmd /clearcache. 3. Monitor with Resolve-DnsName.,DNS forwarders unresponsive causing timeout delay,30,Auto-Resolve
TKT-00986,Backup job failed – Veeam error,Storage & Backup,Backup Failures,Medium,SEV3,Closed,EMP10202,AGT-012,Meera Iyer,AGT-012,Meera Iyer,2024-11-07 22:28,1. Update Veeam to latest patch. 2. Update VMware Tools on backed-up VMs. 3. Retry.,VSS snapshot failure; insufficient shadow storage; writer error,18.1,Auto-Resolve
TKT-00987,Azure VM not starting – allocation failure,Cloud & Servers,Azure,Medium,SEV3,Closed,EMP10301,AGT-009,Arjun Patel,AGT-009,Arjun Patel,2025-01-10 07:11,1. Raise Azure support ticket. 2. Request quota increase. 3. Explore Spot VMs.,Azure region capacity constraint; VM size unavailable,12.4,Auto-Resolve
TKT-00988,Zoom/Teams video freezing during calls,Software Applications,Browser Issues,Medium,SEV3,Resolved,EMP10357,AGT-010,Sunita Joshi,AGT-010,Sunita Joshi,2023-01-26 15:06,1. Check bandwidth at fast.com. 2. Connect via ethernet. 3. Close other bandwidth-heavy apps.,Insufficient bandwidth; CPU overload; outdated driver,8.5,Auto-Resolve
TKT-00989,DNS resolution slow – 10-15 seconds to load pages,Network,DNS Issues,Critical,SEV1,Resolved,EMP10498,AGT-007,Rahul Singh,AGT-007,Rahul Singh,2024-03-29 17:06,1. Check conditional forwarder IPs: Test-NetConnection <forwarder> -Port 53. 2. Update unreachable forwarders.,DNS forwarders unresponsive causing timeout delay,0.7,Human-Escalate
TKT-00990,Cannot access internal websites – browser shows server not found,Network,DNS Issues,Low,SEV4,Resolved,EMP10363,AGT-018,Divya Pillai,AGT-018,Divya Pillai,2023-09-06 15:51,1. Get-Service DNS on all DCs. 2. Start failed instances. 3. Check event log 4013/4015. 4. Run dcdiag /test:DNS.,Primary internal DNS server service crashed due to corrupted zone file,31.7,Auto-Resolve
TKT-00991,Cannot access internal websites – browser shows server not found,Network,DNS Issues,Medium,SEV3,Pending,EMP10118,AGT-001,Ravi Kumar,AGT-001,Ravi Kumar,2023-12-06 11:18,1. Check zone: dnscmd /zoneinfo. 2. Restore from backup. 3. Force replication: repadmin /syncall.,Primary internal DNS server service crashed due to corrupted zone file,6.8,Moderate
TKT-00992,Azure VM not starting – allocation failure,Cloud & Servers,Azure,Critical,SEV1,Escalated,EMP10534,AGT-021,Rajesh Nambiar,AGT-021,Rajesh Nambiar,2024-01-14 06:18,1. Raise Azure support ticket. 2. Request quota increase. 3. Explore Spot VMs.,Azure region capacity constraint; VM size unavailable,3.8,Moderate
TKT-00993,SAP GUI session disconnected – transaction rolled back,Software Applications,ERP / SAP,Critical,SEV1,Closed,EMP10478,AGT-010,Sunita Joshi,AGT-010,Sunita Joshi,2024-05-22 07:58,1. Use SAP Web GUI: http://<host>:8000/sap/bc/gui/sap/its/webgui. 2. Report to Basis team.,Network timeout exceeding SAP session timeout; high WAN latency,0.5,Moderate
TKT-00994,Application blocked by proxy – 'Access denied',Network,Firewall & Proxy,Medium,SEV3,Escalated,EMP10223,AGT-018,Divya Pillai,AGT-018,Divya Pillai,2025-01-09 06:40,1. Try HTTPS instead of HTTP. 2. Update proxy SSL inspection policy to trust cert.,Proxy URL filter miscategorized site as Social Media,18.5,Moderate
TKT-00995,Unable to post journal entry in SAP – Period not open error,Software Applications,ERP / SAP,Low,SEV4,Closed,EMP10111,AGT-016,Pooja Mehta,AGT-016,Pooja Mehta,2024-11-01 00:04,1. Admin: OB52. 2. Open period for current fiscal. 3. Retry posting.,Fiscal year period not opened in FI module,30.4,Auto-Resolve
TKT-00996,Unable to post journal entry in SAP – Period not open error,Software Applications,ERP / SAP,Critical,SEV1,Closed,EMP10455,AGT-016,Pooja Mehta,AGT-024,Nandini Kulkarni,2024-11-03 02:04,1. Check MMPV for MM period. 2. Allow posting to previous period via MMRV.,Fiscal year period not opened in FI module,1.4,Human-Escalate
TKT-00997,AWS Lambda function timing out,Cloud & Servers,AWS,Low,SEV4,Resolved,EMP10313,AGT-015,Aditya Shah,AGT-015,Aditya Shah,2023-05-16 20:11,1. Increase Lambda timeout in Configuration. 2. Check CloudWatch Logs for hang point.,Function exceeds timeout; downstream service latency,44.9,Auto-Resolve
TKT-00998,Printer not printing – jobs stuck in queue,Hardware,Printer Issues,Medium,SEV3,Closed,EMP10433,AGT-017,Kiran Babu,AGT-017,Kiran Babu,2024-12-28 14:42,1. Cancel all jobs in Control Panel. 2. Kill spoolsv.exe via Process Explorer. 3. Clear spool. 4. Restart.,Print spooler service hung; corrupted print job blocking queue,15,Auto-Resolve
TKT-00999,AWS EC2 instance not reachable – SSH/RDP refused,Cloud & Servers,AWS,Critical,SEV1,Closed,EMP10251,AGT-015,Aditya Shah,AGT-015,Aditya Shah,2023-03-20 01:08,1. Check System Log: EC2 > Monitor > Get System Log. 2. Look for kernel panic or OOM. 3. Upgrade instance.,Security group missing inbound rule; instance stopped unexpectedly,2,Human-Escalate
TKT-01000,Printer shows offline though powered on,Hardware,Printer Issues,Medium,SEV3,Closed,EMP10345,AGT-023,Prakash Shetty,AGT-023,Prakash Shetty,2023-09-09 02:17,1. Print config page from printer. 2. Update port: Devices & Printers > Printer Properties > Ports > Configure Port.,TCP/IP port IP mismatch after DHCP lease change,21.4,Auto-Resolve
TKT-01001,Azure AD Conditional Access blocking user login,Cloud & Servers,Azure,Low,SEV4,Resolved,EMP10548,AGT-003,Ankit Verma,AGT-003,Ankit Verma,2024-04-06 20:25,1. Check if user in correct CA scope. 2. Check Named Locations – add new office IP.,Device not compliant in Intune; policy requires compliant device,33.4,Auto-Resolve
TKT-01002,Disk I/O errors in application logs,Storage & Backup,RAID & Disk,High,SEV2,Escalated,EMP10212,AGT-019,Nikhil Tiwari,AGT-019,Nikhil Tiwari,2024-03-24 16:24,1. smartctl -H /dev/sdX. 2. Run extended SMART test. 3. If failing: replace immediately.,Disk nearing end of life; cable/controller issue; filesystem errors,7.2,Moderate
TKT-01003,Laptop screen flickering – random lines on display,Hardware,Laptop Issues,Critical,SEV1,Closed,EMP10210,AGT-005,Mohammed Ali,AGT-023,Prakash Shetty,2023-03-13 08:06,1. Update display driver. 2. Rollback if started after update. 3. Test with external monitor.,Loose display cable or failing GPU driver; LCD backlight fault,2.4,Human-Escalate
TKT-01004,MFA prompt not received – cannot complete login,Security & Access,Multi-Factor Authentication,High,SEV2,Resolved,EMP10516,AGT-002,Priya Sharma,AGT-002,Priya Sharma,2024-03-22 19:23,1. Admin: Azure AD > Authentication methods > disable MFA temporarily. 2. User re-registers at aka.ms/mfasetup.,Authenticator app out of sync; phone number changed; MFA not registered,5.8,Moderate
TKT-01005,Cloud backup to Azure Blob failing – auth error,Storage & Backup,Backup Failures,Medium,SEV3,Escalated,EMP10498,AGT-019,Nikhil Tiwari,AGT-019,Nikhil Tiwari,2024-09-28 15:40,1. Verify Azure subscription active. 2. Check storage quota limits. 3. Check Service Health.,Storage account access key rotated but not updated,6.1,Auto-Resolve
TKT-01006,Backup taking too long – missing SLA window,Storage & Backup,Backup Failures,Critical,SEV1,Resolved,EMP10121,AGT-006,Deepa Nair,AGT-025,Suresh Das,2024-11-09 16:17,1. Move repository to SSD-backed storage. 2. Add backup proxies. 3. Adjust to off-peak hours.,Backup chain grown too large; CBT corrupted on VM,2.7,Human-Escalate
TKT-01007,Backup taking too long – missing SLA window,Storage & Backup,Backup Failures,Critical,SEV1,Resolved,EMP10185,AGT-006,Deepa Nair,AGT-006,Deepa Nair,2024-06-15 18:34,1. Move repository to SSD-backed storage. 2. Add backup proxies. 3. Adjust to off-peak hours.,Backup chain grown too large; CBT corrupted on VM,3,Human-Escalate
TKT-01008,Monitor no signal after sleep/hibernate,Hardware,Monitor Issues,Medium,SEV3,Resolved,EMP10249,AGT-023,Prakash Shetty,AGT-023,Prakash Shetty,2023-01-16 06:59,1. Disable hybrid sleep: Power Options > advanced. 2. Disable fast startup.,GPU not resuming signal; monitor standby not recovering,6.2,Moderate
TKT-01009,Cannot access internal websites – browser shows server not found,Network,DNS Issues,Low,SEV4,Pending,EMP10415,AGT-013,Sanjay Gupta,AGT-013,Sanjay Gupta,2024-10-21 06:56,1. Get-Service DNS on all DCs. 2. Start failed instances. 3. Check event log 4013/4015. 4. Run dcdiag /test:DNS.,Primary internal DNS server service crashed due to corrupted zone file,41,Auto-Resolve
TKT-01010,Monitor no signal after sleep/hibernate,Hardware,Monitor Issues,Low,SEV4,Resolved,EMP10564,AGT-023,Prakash Shetty,AGT-023,Prakash Shetty,2023-08-12 06:07,1. Press key or mouse. 2. Press monitor power. 3. Check display cable. 4. Switch monitor input.,GPU not resuming signal; monitor standby not recovering,42.8,Auto-Resolve
TKT-01011,Backup job failed – Veeam error,Storage & Backup,Backup Failures,High,SEV2,Resolved,EMP10541,AGT-012,Meera Iyer,AGT-012,Meera Iyer,2023-01-06 11:49,1. Check Veeam Job > Statistics. 2. vssadmin list writers. 3. net stop vss && net start vss.,VSS snapshot failure; insufficient shadow storage; writer error,5.5,Moderate
TKT-01012,AWS Lambda function timing out,Cloud & Servers,AWS,Critical,SEV1,Escalated,EMP10200,AGT-009,Arjun Patel,AGT-009,Arjun Patel,2025-03-04 02:39,1. Check VPC config: NAT Gateway for internet access. 2. Add NAT or use VPC endpoints.,Function exceeds timeout; downstream service latency,0.7,Moderate
TKT-01013,Software license expired – trial expired message,Software Applications,Password & Licensing,High,SEV2,Closed,EMP10232,AGT-010,Sunita Joshi,AGT-010,Sunita Joshi,2024-11-14 21:53,1. Reassign available license from another user in license console.,Annual license not renewed; license server unreachable,8.9,Auto-Resolve
TKT-01014,Software license expired – trial expired message,Software Applications,Password & Licensing,Low,SEV4,Resolved,EMP10442,AGT-024,Nandini Kulkarni,AGT-024,Nandini Kulkarni,2023-08-14 21:09,1. Check license server reachable: telnet <server> <port>. 2. Restart license manager.,Annual license not renewed; license server unreachable,28.3,Auto-Resolve
TKT-01015,Laptop keyboard keys dead,Hardware,Laptop Issues,High,SEV2,Resolved,EMP10181,AGT-011,Vijay Krishnan,AGT-011,Vijay Krishnan,2024-11-02 22:00,1. Reboot. 2. Test in BIOS. 3. Uninstall HID keyboard driver. 4. Reboot to reinstall.,Physical damage or spill; driver issue,10.8,Moderate
TKT-01016,Unable to post journal entry in SAP – Period not open error,Software Applications,ERP / SAP,Low,SEV4,Escalated,EMP10508,AGT-010,Sunita Joshi,AGT-010,Sunita Joshi,2023-02-14 10:47,1. Check OB52 variant matches company code. 2. Verify From/To Period range. 3. Check account type.,Fiscal year period not opened in FI module,36.2,Auto-Resolve
TKT-01017,User cannot login to web application – SSO not working,Security & Access,Password Reset,Low,SEV4,Pending,EMP10596,AGT-002,Priya Sharma,AGT-002,Priya Sharma,2023-07-22 03:34,1. Clear cookies for SSO domain. 2. Try incognito. 3. Try different browser.,SAML token expired or IdP metadata outdated,44.1,Auto-Resolve
TKT-01018,Application blocked by proxy – 'Access denied',Network,Firewall & Proxy,Low,SEV4,Resolved,EMP10559,AGT-007,Rahul Singh,AGT-007,Rahul Singh,2024-07-18 22:27,1. Try HTTPS instead of HTTP. 2. Update proxy SSL inspection policy to trust cert.,Proxy URL filter miscategorized site as Social Media,42.1,Auto-Resolve
TKT-01019,Wi-Fi disconnects frequently – signal strong but keeps dropping,Network,Wi-Fi Issues,Low,SEV4,Pending,EMP10501,AGT-018,Divya Pillai,AGT-018,Divya Pillai,2024-07-29 16:41,1. Update Wi-Fi adapter driver. 2. Disable 'Allow computer to turn off this device to save power'. 3. Set Roaming Aggressiveness to Medium.,Wi-Fi channel congestion; band-steering misconfiguration,37.7,Auto-Resolve
TKT-01020,Azure AD Conditional Access blocking user login,Cloud & Servers,Azure,Medium,SEV3,Closed,EMP10529,AGT-009,Arjun Patel,AGT-009,Arjun Patel,2024-08-24 20:57,1. Check if user in correct CA scope. 2. Check Named Locations – add new office IP.,Device not compliant in Intune; policy requires compliant device,20.4,Auto-Resolve
TKT-01021,Azure VM not starting – allocation failure,Cloud & Servers,Azure,High,SEV2,Resolved,EMP10324,AGT-009,Arjun Patel,AGT-009,Arjun Patel,2025-01-01 11:36,1. Check Azure Service Health for outages. 2. Failover to paired region via ASR.,Azure region capacity constraint; VM size unavailable,8.2,Moderate
TKT-01022,Desktop PC not booting – stuck at BIOS logo,Hardware,Desktop Issues,Medium,SEV3,In Progress,EMP10500,AGT-023,Prakash Shetty,AGT-023,Prakash Shetty,2024-02-06 05:44,1. Boot to safe mode. 2. Uninstall recent Windows update. 3. Run startup repair.,Corrupted boot sector after incomplete update,22.2,Auto-Resolve
TKT-01023,SSL certificate expired – application security warning,Security & Access,Certificate Issues,High,SEV2,Resolved,EMP10221,AGT-014,Lakshmi Rao,AGT-014,Lakshmi Rao,2025-02-20 15:49,1. certmgr.msc. 2. Request new cert from PKI. 3. Bind to IIS. 4. Test HTTPS.,Auto-renewal failed; not monitored for expiry,1.8,Moderate
TKT-01024,AWS EC2 instance not reachable – SSH/RDP refused,Cloud & Servers,AWS,Medium,SEV3,Resolved,EMP10562,AGT-003,Ankit Verma,AGT-003,Ankit Verma,2025-03-16 12:09,1. Use Session Manager: AWS Console > SSM > Start Session. 2. Fix SSH config from inside.,Security group missing inbound rule; instance stopped unexpectedly,4.9,Auto-Resolve
TKT-01025,Antivirus blocking legitimate application,Software Applications,Antivirus / Security Software,Critical,SEV1,Closed,EMP10068,AGT-004,Sneha Reddy,AGT-004,Sneha Reddy,2024-11-08 07:15,1. Upload to VirusTotal.com to verify false positive. 2. Submit to AV vendor. 3. Exclude temporarily.,Heuristic false positive flagging application executable,1.3,Moderate
TKT-01026,Application blocked by proxy – 'Access denied',Network,Firewall & Proxy,Low,SEV4,Closed,EMP10446,AGT-007,Rahul Singh,AGT-007,Rahul Singh,2023-11-03 11:01,1. Try HTTPS instead of HTTP. 2. Update proxy SSL inspection policy to trust cert.,Proxy URL filter miscategorized site as Social Media,25.4,Auto-Resolve
TKT-01027,AWS S3 bucket access denied to application,Cloud & Servers,AWS,Low,SEV4,Resolved,EMP10280,AGT-021,Rajesh Nambiar,AGT-021,Rajesh Nambiar,2024-10-18 17:33,1. Cross-account: ensure trust relationship allows source account. 2. Add sts:AssumeRole.,IAM role lacks s3:GetObject; bucket policy denies,37.6,Auto-Resolve
TKT-01028,Cannot connect to corporate VPN – authentication failure after Windows update,Network,VPN Connectivity,Low,SEV4,Closed,EMP10584,AGT-013,Sanjay Gupta,AGT-013,Sanjay Gupta,2024-05-11 15:01,1. Update Cisco AnyConnect to v4.10.07061+. 2. Flush DNS: ipconfig /flushdns. 3. Restart WAN Miniport adapter via Device Manager. 4. Retry VPN.,Windows update KB5034441 broke WAN Miniport driver compatibility with Cisco AnyConnect,62.5,Auto-Resolve
TKT-01029,Azure VM not starting – allocation failure,Cloud & Servers,Azure,High,SEV2,Closed,EMP10216,AGT-021,Rajesh Nambiar,AGT-021,Rajesh Nambiar,2024-09-20 22:23,1. Check Azure Service Health for outages. 2. Failover to paired region via ASR.,Azure region capacity constraint; VM size unavailable,6.7,Moderate
TKT-01030,User receiving Access Denied on SharePoint site,Security & Access,Access Control,High,SEV2,Escalated,EMP10333,AGT-022,Swathi Gowda,AGT-022,Swathi Gowda,2024-08-24 05:02,1. Check unique permissions. 2. Site Permissions > Grant access via Share.,User not in site members group; permissions inheritance broken,8.6,Moderate
TKT-01031,Laptop screen flickering – random lines on display,Hardware,Laptop Issues,Medium,SEV3,Pending,EMP10365,AGT-011,Vijay Krishnan,AGT-011,Vijay Krishnan,2023-01-31 20:17,1. Change refresh rate to 60Hz. 2. Disable HDR. 3. Test in safe mode. 4. Run display diagnostics.,Loose display cable or failing GPU driver; LCD backlight fault,19.2,Auto-Resolve
TKT-01032,RAID array showing degraded – one disk failed,Storage & Backup,RAID & Disk,Low,SEV4,Closed,EMP10081,AGT-019,Nikhil Tiwari,AGT-019,Nikhil Tiwari,2024-02-09 11:49,1. mdadm --detail /dev/md0. 2. mdadm /dev/md0 --add /dev/sdX. 3. Watch /proc/mdstat.,Single disk failure in RAID-5/6; SMART alert,58.7,Auto-Resolve
TKT-01033,DNS resolution slow – 10-15 seconds to load pages,Network,DNS Issues,Critical,SEV1,Pending,EMP10181,AGT-007,Rahul Singh,AGT-007,Rahul Singh,2024-12-04 04:53,1. Measure: Measure-Command {Resolve-DnsName google.com}. 2. If external slow: switch to anycast DNS.,DNS forwarders unresponsive causing timeout delay,0.8,Human-Escalate
TKT-01034,SSL certificate expired – application security warning,Security & Access,Certificate Issues,Critical,SEV1,Escalated,EMP10580,AGT-014,Lakshmi Rao,AGT-014,Lakshmi Rao,2024-12-20 05:05,1. certbot renew --force-renewal. 2. systemctl reload nginx. 3. Verify dates via openssl.,Auto-renewal failed; not monitored for expiry,2.2,Moderate
TKT-01035,AWS S3 bucket access denied to application,Cloud & Servers,AWS,Critical,SEV1,In Progress,EMP10521,AGT-003,Ankit Verma,AGT-015,Aditya Shah,2023-11-14 17:24,1. Cross-account: ensure trust relationship allows source account. 2. Add sts:AssumeRole.,IAM role lacks s3:GetObject; bucket policy denies,2.8,Human-Escalate
TKT-01036,Unable to post journal entry in SAP – Period not open error,Software Applications,ERP / SAP,High,SEV2,In Progress,EMP10534,AGT-004,Sneha Reddy,AGT-004,Sneha Reddy,2023-07-30 14:09,1. Admin: OB52. 2. Open period for current fiscal. 3. Retry posting.,Fiscal year period not opened in FI module,8.4,Moderate
TKT-01037,VPN drops connection every 10-15 minutes intermittently,Network,VPN Connectivity,High,SEV2,Resolved,EMP10148,AGT-007,Rahul Singh,AGT-007,Rahul Singh,2025-01-21 19:38,1. Check split tunneling on ASA. 2. Add subnets to exclusion list. 3. Re-push VPN profile. 4. Test.,DPD timeout mismatch between client and ASA firewall,11.6,Moderate
TKT-01038,Ransomware detected on workstation,Security & Access,Security Incidents,Medium,SEV3,Closed,EMP10196,AGT-008,Kavitha Menon,AGT-008,Kavitha Menon,2023-11-30 21:25,1. Block C2 IPs at firewall. 2. Check lateral movement via SMB. 3. Reset all affected credentials.,User ran malicious attachment; files encrypted on local and mapped drives,4.9,Auto-Resolve
TKT-01039,Browser pages loading slowly or not loading,Software Applications,Browser Issues,Low,SEV4,Escalated,EMP10150,AGT-004,Sneha Reddy,AGT-004,Sneha Reddy,2025-01-03 16:40,1. Change DNS to 8.8.8.8. 2. ipconfig /flushdns. 3. Restart browser.,Cache corruption; DNS issue; extension conflict,48.2,Auto-Resolve
TKT-01040,AWS EC2 instance not reachable – SSH/RDP refused,Cloud & Servers,AWS,Critical,SEV1,Resolved,EMP10433,AGT-015,Aditya Shah,AGT-003,Ankit Verma,2023-02-01 09:07,1. Verify instance Running. 2. Start if stopped. 3. Add SG inbound rule for SSH/RDP from your IP.,Security group missing inbound rule; instance stopped unexpectedly,1.2,Human-Escalate
TKT-01041,New employee cannot access ERP on first day,Security & Access,Access Control,High,SEV2,Closed,EMP10254,AGT-014,Lakshmi Rao,AGT-014,Lakshmi Rao,2023-02-17 19:37,1. Verify employee in HR system. 2. Trigger manual sync. 3. Re-run provisioning job.,ERP provisioning not completed; role assignment pending,3.1,Moderate
TKT-01042,Unable to connect to Wi-Fi – 'Can't connect to this network',Network,Wi-Fi Issues,High,SEV2,Resolved,EMP10107,AGT-013,Sanjay Gupta,AGT-013,Sanjay Gupta,2024-03-24 17:45,"1. Check if DHCP scope exhausted. 2. Admin: expand scope or reduce lease. 3. ipconfig /release, /renew.",Corrupted Wi-Fi profile in Windows,4.3,Auto-Resolve
TKT-01043,AWS EC2 instance not reachable – SSH/RDP refused,Cloud & Servers,AWS,Critical,SEV1,Pending,EMP10504,AGT-015,Aditya Shah,AGT-003,Ankit Verma,2023-10-09 06:15,1. Check System Log: EC2 > Monitor > Get System Log. 2. Look for kernel panic or OOM. 3. Upgrade instance.,Security group missing inbound rule; instance stopped unexpectedly,3.4,Human-Escalate
TKT-01044,VPN drops connection every 10-15 minutes intermittently,Network,VPN Connectivity,Medium,SEV3,Closed,EMP10176,AGT-001,Ravi Kumar,AGT-001,Ravi Kumar,2023-06-16 11:22,1. Update NIC drivers. 2. Disable Energy Efficient Ethernet. 3. Disable IPv6 on VPN adapter. 4. Reconnect.,DPD timeout mismatch between client and ASA firewall,6.6,Moderate
TKT-01045,SAP GUI session disconnected – transaction rolled back,Software Applications,ERP / SAP,Critical,SEV1,Closed,EMP10517,AGT-004,Sneha Reddy,AGT-004,Sneha Reddy,2023-08-22 07:46,1. Use SAP Web GUI: http://<host>:8000/sap/bc/gui/sap/its/webgui. 2. Report to Basis team.,Network timeout exceeding SAP session timeout; high WAN latency,3.9,Moderate
TKT-01046,User locked out of Windows login – forgot password,Security & Access,Password Reset,Medium,SEV3,Closed,EMP10388,AGT-008,Kavitha Menon,AGT-008,Kavitha Menon,2023-07-11 07:41,1. Azure AD Admin: Users > Reset password. 2. Provide temp password. 3. Verify MFA registration.,Too many failed attempts triggered lockout policy,21.8,Auto-Resolve
TKT-01047,Printer not printing – jobs stuck in queue,Hardware,Printer Issues,Critical,SEV1,Pending,EMP10446,AGT-011,Vijay Krishnan,AGT-011,Vijay Krishnan,2024-03-19 11:40,1. Cancel all jobs in Control Panel. 2. Kill spoolsv.exe via Process Explorer. 3. Clear spool. 4. Restart.,Print spooler service hung; corrupted print job blocking queue,3.6,Moderate
TKT-01048,USB device not recognized – 'Unknown device' in Device Manager,Hardware,USB/Peripheral,Medium,SEV3,Resolved,EMP10117,AGT-023,Prakash Shetty,AGT-023,Prakash Shetty,2024-04-25 15:28,1. Uninstall Unknown Device. 2. Scan for hardware changes. 3. Try different USB port.,Corrupt USB driver; power management disabling port,9.5,Auto-Resolve
TKT-01049,Software license expired – trial expired message,Software Applications,Password & Licensing,High,SEV2,In Progress,EMP10183,AGT-010,Sunita Joshi,AGT-010,Sunita Joshi,2023-08-03 19:45,1. Check license server reachable: telnet <server> <port>. 2. Restart license manager.,Annual license not renewed; license server unreachable,4.2,Auto-Resolve
TKT-01050,Cannot access internal websites – browser shows server not found,Network,DNS Issues,Low,SEV4,In Progress,EMP10429,AGT-013,Sanjay Gupta,AGT-013,Sanjay Gupta,2024-09-06 22:21,1. Get-Service DNS on all DCs. 2. Start failed instances. 3. Check event log 4013/4015. 4. Run dcdiag /test:DNS.,Primary internal DNS server service crashed due to corrupted zone file,61.9,Auto-Resolve
TKT-01051,Printer not printing – jobs stuck in queue,Hardware,Printer Issues,Medium,SEV3,Resolved,EMP10021,AGT-023,Prakash Shetty,AGT-023,Prakash Shetty,2025-03-19 08:42,1. Services.msc: stop Print Spooler. 2. Delete C:\Windows\System32\spool\PRINTERS\*. 3. Start Spooler. 4. Retry.,Print spooler service hung; corrupted print job blocking queue,14.1,Moderate
TKT-01052,NAS drive full – employees cannot save files,Storage & Backup,Storage Performance,Medium,SEV3,Resolved,EMP10326,AGT-012,Meera Iyer,AGT-012,Meera Iyer,2024-10-08 22:24,1. Get-DiskQuota > identify top consumers. 2. Notify to archive. 3. Set hard quota.,Disk quota not enforced; stale files consuming space,16.9,Auto-Resolve
TKT-01053,ESXi host showing Not Responding in vCenter,Cloud & Servers,VMware,Critical,SEV1,In Progress,EMP10381,AGT-003,Ankit Verma,AGT-003,Ankit Verma,2023-07-04 10:27,1. Access DCUI directly. 2. Ping management IP. 3. If unreachable: check physical console.,Management NIC down; DCUI locked; PSOD,3.3,Human-Escalate
TKT-01054,Cloud backup to Azure Blob failing – auth error,Storage & Backup,Backup Failures,Medium,SEV3,Resolved,EMP10334,AGT-012,Meera Iyer,AGT-012,Meera Iyer,2023-04-22 02:32,1. Switch to Managed Identity or SAS token. 2. Create SAS. 3. Update software. 4. Verify.,Storage account access key rotated but not updated,11.8,Auto-Resolve
TKT-01055,Accidentally deleted important file,Storage & Backup,Data Recovery,Low,SEV4,Resolved,EMP10181,AGT-006,Deepa Nair,AGT-006,Deepa Nair,2023-07-20 04:51,1. Enable Windows Server shadow copies on file server volumes. 2. Check OneDrive version history.,File deleted from share; shadow copy not configured,69.2,Auto-Resolve
TKT-01056,MFA prompt not received – cannot complete login,Security & Access,Multi-Factor Authentication,Medium,SEV3,Resolved,EMP10367,AGT-002,Priya Sharma,AGT-002,Priya Sharma,2025-03-28 05:07,1. Authenticator app > account > check time sync. 2. Enable auto time on Android. 3. Retry.,Authenticator app out of sync; phone number changed; MFA not registered,16.5,Auto-Resolve
TKT-01057,Excel file opens as read-only and cannot be edited,Software Applications,Microsoft Office,Medium,SEV3,Resolved,EMP10548,AGT-004,Sneha Reddy,AGT-004,Sneha Reddy,2024-02-04 22:22,"1. SharePoint: check out file first. 2. Or download local copy, edit, upload back.",File has Mark of the Web flag from download; network drive permission issue,3.5,Auto-Resolve
TKT-01058,Microsoft Word crashes when opening documents,Software Applications,Microsoft Office,High,SEV2,Closed,EMP10303,AGT-020,Asha Bhat,AGT-020,Asha Bhat,2024-09-15 06:49,1. Update Office: File > Account > Update Options > Update Now. 2. Disable AV scanning Office temp files.,Corrupted Normal.dotm template or conflicting COM add-in,3.9,Moderate
TKT-01059,Cannot access internal websites – browser shows server not found,Network,DNS Issues,Medium,SEV3,Resolved,EMP10273,AGT-007,Rahul Singh,AGT-007,Rahul Singh,2025-02-24 18:14,1. Get-Service DNS on all DCs. 2. Start failed instances. 3. Check event log 4013/4015. 4. Run dcdiag /test:DNS.,Primary internal DNS server service crashed due to corrupted zone file,23.4,Auto-Resolve
TKT-01060,IP address conflict – 'Another computer has same IP',Network,IP/DHCP,Low,SEV4,In Progress,EMP10270,AGT-013,Sanjay Gupta,AGT-013,Sanjay Gupta,2024-04-25 14:56,1. arp -a to find conflicting MAC. 2. Track via switch MAC table. 3. Change device to DHCP.,Static IP conflicts with DHCP pool; duplicate reservation,7.2,Auto-Resolve
TKT-01061,SAP GUI session disconnected – transaction rolled back,Software Applications,ERP / SAP,Low,SEV4,Resolved,EMP10512,AGT-010,Sunita Joshi,AGT-010,Sunita Joshi,2023-01-10 17:54,1. Reconnect to SAP GUI. 2. Check if auto-saved. 3. Admin: increase timeout in RZ11.,Network timeout exceeding SAP session timeout; high WAN latency,35.3,Auto-Resolve
TKT-01062,New employee cannot access ERP on first day,Security & Access,Access Control,Medium,SEV3,Escalated,EMP10215,AGT-014,Lakshmi Rao,AGT-014,Lakshmi Rao,2023-06-04 01:20,1. Check IGA workflow for stuck approval. 2. Notify manager to approve. 3. Trigger provisioning.,ERP provisioning not completed; role assignment pending,17.2,Auto-Resolve
TKT-01063,Backup taking too long – missing SLA window,Storage & Backup,Backup Failures,Medium,SEV3,Closed,EMP10202,AGT-019,Nikhil Tiwari,AGT-019,Nikhil Tiwari,2024-12-27 07:22,1. Reset CBT on VMs: uncheck in Veeam. 2. Run active full backup. 3. Re-enable CBT.,Backup chain grown too large; CBT corrupted on VM,22.8,Auto-Resolve
TKT-01064,Database backup restore failed – cannot recover to point in time,Storage & Backup,Data Recovery,Critical,SEV1,Closed,EMP10003,AGT-006,Deepa Nair,AGT-006,Deepa Nair,2023-10-05 15:42,1. Enable Always On AG with secondary replica for continuous log shipping.,Transaction log backup chain broken; LSN gap,1.8,Moderate
TKT-01065,AWS Lambda function timing out,Cloud & Servers,AWS,Medium,SEV3,Escalated,EMP10385,AGT-015,Aditya Shah,AGT-015,Aditya Shah,2024-01-25 06:57,1. Increase Lambda timeout in Configuration. 2. Check CloudWatch Logs for hang point.,Function exceeds timeout; downstream service latency,12.3,Auto-Resolve
TKT-01066,Monitor no signal after sleep/hibernate,Hardware,Monitor Issues,Low,SEV4,Pending,EMP10433,AGT-023,Prakash Shetty,AGT-023,Prakash Shetty,2024-10-03 17:12,1. Update GPU driver. 2. Disable deep sleep for GPU in Device Manager.,GPU not resuming signal; monitor standby not recovering,9.9,Auto-Resolve
TKT-01067,Laptop BSOD – crashes randomly,Hardware,Laptop Issues,Critical,SEV1,Resolved,EMP10066,AGT-011,Vijay Krishnan,AGT-011,Vijay Krishnan,2023-05-22 04:14,1. Safe mode. 2. sfc /scannow. 3. DISM /Online /Cleanup-Image /RestoreHealth. 4. Reboot.,"Faulty RAM, corrupted OS files, or incompatible driver",1.8,Moderate
TKT-01068,Windows Server services not starting after reboot,Cloud & Servers,Server OS,Low,SEV4,Escalated,EMP10518,AGT-009,Arjun Patel,AGT-009,Arjun Patel,2024-03-26 22:59,1. Process Monitor to capture failure. 2. Check ACCESS DENIED events on config/registry. 3. Fix ACL.,Service dependency not met; service account password expired,68.5,Auto-Resolve
TKT-01069,Unable to post journal entry in SAP – Period not open error,Software Applications,ERP / SAP,Medium,SEV3,Closed,EMP10400,AGT-024,Nandini Kulkarni,AGT-024,Nandini Kulkarni,2023-01-10 05:22,1. Check MMPV for MM period. 2. Allow posting to previous period via MMRV.,Fiscal year period not opened in FI module,13,Auto-Resolve
TKT-01070,AWS S3 bucket access denied to application,Cloud & Servers,AWS,Low,SEV4,Resolved,EMP10012,AGT-003,Ankit Verma,AGT-003,Ankit Verma,2023-12-21 21:43,1. Check S3 bucket policy. 2. If explicit Deny: add allow for IAM role ARN. 3. Test from EC2.,IAM role lacks s3:GetObject; bucket policy denies,47.6,Auto-Resolve
TKT-01071,Monitor no signal after sleep/hibernate,Hardware,Monitor Issues,High,SEV2,Resolved,EMP10575,AGT-017,Kiran Babu,AGT-017,Kiran Babu,2024-12-06 16:26,1. Disable hybrid sleep: Power Options > advanced. 2. Disable fast startup.,GPU not resuming signal; monitor standby not recovering,2.9,Moderate
TKT-01072,Wi-Fi disconnects frequently – signal strong but keeps dropping,Network,Wi-Fi Issues,Medium,SEV3,Pending,EMP10206,AGT-013,Sanjay Gupta,AGT-013,Sanjay Gupta,2025-03-03 09:20,1. Forget and rejoin Wi-Fi. 2. Assign static IP. 3. Change DNS to 8.8.8.8. 4. Disable Bluetooth if interfering.,Wi-Fi channel congestion; band-steering misconfiguration,3.9,Auto-Resolve
TKT-01073,Disk I/O errors in application logs,Storage & Backup,RAID & Disk,Low,SEV4,Escalated,EMP10295,AGT-012,Meera Iyer,AGT-012,Meera Iyer,2024-09-29 20:22,1. smartctl -H /dev/sdX. 2. Run extended SMART test. 3. If failing: replace immediately.,Disk nearing end of life; cable/controller issue; filesystem errors,34.5,Auto-Resolve
TKT-01074,Excel file opens as read-only and cannot be edited,Software Applications,Microsoft Office,Critical,SEV1,Escalated,EMP10393,AGT-024,Nandini Kulkarni,AGT-024,Nandini Kulkarni,2023-07-07 11:44,"1. SharePoint: check out file first. 2. Or download local copy, edit, upload back.",File has Mark of the Web flag from download; network drive permission issue,1,Human-Escalate
TKT-01075,Intermittent packet loss – 15-30% ping loss to gateway,Network,Network Outage,Low,SEV4,Resolved,EMP10077,AGT-018,Divya Pillai,AGT-018,Divya Pillai,2025-02-04 02:37,1. Check broadcast storm: show interface. 2. Enable storm control: storm-control broadcast level 20. 3. Monitor.,Duplex mismatch between server NIC and switch port,10.5,Auto-Resolve
TKT-01076,User locked out of Windows login – forgot password,Security & Access,Password Reset,Critical,SEV1,Escalated,EMP10039,AGT-008,Kavitha Menon,AGT-008,Kavitha Menon,2024-10-12 14:58,1. ADUC: right-click user > Unlock Account. 2. Check 'User must change password'. 3. Communicate via phone.,Too many failed attempts triggered lockout policy,3,Human-Escalate
TKT-01077,AWS Lambda function timing out,Cloud & Servers,AWS,High,SEV2,Resolved,EMP10345,AGT-003,Ankit Verma,AGT-003,Ankit Verma,2023-05-21 04:04,1. Increase Lambda timeout in Configuration. 2. Check CloudWatch Logs for hang point.,Function exceeds timeout; downstream service latency,4.3,Auto-Resolve
TKT-01078,Application blocked by proxy – 'Access denied',Network,Firewall & Proxy,Medium,SEV3,Pending,EMP10095,AGT-001,Ravi Kumar,AGT-001,Ravi Kumar,2023-07-28 21:40,1. Admin: create custom URL category. 2. Add to bypass list for AD group. 3. Push policy update.,Proxy URL filter miscategorized site as Social Media,20.8,Auto-Resolve
TKT-01079,USB device not recognized – 'Unknown device' in Device Manager,Hardware,USB/Peripheral,Critical,SEV1,Escalated,EMP10019,AGT-011,Vijay Krishnan,AGT-011,Vijay Krishnan,2023-09-11 16:19,1. Device Manager > USB Root Hubs > Power Management > uncheck allow turn off. 2. Reconnect device.,Corrupt USB driver; power management disabling port,1.7,Moderate
TKT-01080,Backup job failed – Veeam error,Storage & Backup,Backup Failures,Low,SEV4,Pending,EMP10211,AGT-012,Meera Iyer,AGT-012,Meera Iyer,2024-03-30 12:07,1. Check Veeam Job > Statistics. 2. vssadmin list writers. 3. net stop vss && net start vss.,VSS snapshot failure; insufficient shadow storage; writer error,41.2,Auto-Resolve
TKT-01081,RAID array showing degraded – one disk failed,Storage & Backup,RAID & Disk,Critical,SEV1,Closed,EMP10239,AGT-006,Deepa Nair,AGT-006,Deepa Nair,2024-09-15 18:28,1. mdadm --detail /dev/md0. 2. mdadm /dev/md0 --add /dev/sdX. 3. Watch /proc/mdstat.,Single disk failure in RAID-5/6; SMART alert,1.8,Moderate
TKT-01082,MFA prompt not received – cannot complete login,Security & Access,Multi-Factor Authentication,High,SEV2,Escalated,EMP10265,AGT-008,Kavitha Menon,AGT-008,Kavitha Menon,2023-05-10 01:27,1. Authenticator app > account > check time sync. 2. Enable auto time on Android. 3. Retry.,Authenticator app out of sync; phone number changed; MFA not registered,1.9,Moderate
TKT-01083,RAID array showing degraded – one disk failed,Storage & Backup,RAID & Disk,Medium,SEV3,Closed,EMP10346,AGT-025,Suresh Das,AGT-025,Suresh Das,2023-03-11 01:26,1. Identify failed disk via storage console. 2. Procure matching disk. 3. Hot-swap; rebuild starts.,Single disk failure in RAID-5/6; SMART alert,12.6,Moderate
TKT-01084,Azure Storage blob upload failing,Cloud & Servers,Azure,Critical,SEV1,Resolved,EMP10362,AGT-021,Rajesh Nambiar,AGT-021,Rajesh Nambiar,2024-10-09 16:36,1. Storage > Networking > Firewalls. 2. Add app server IP. 3. Retry.,Storage firewall blocking app IP; SAS token expired,1.3,Human-Escalate
TKT-01085,Printer not printing – jobs stuck in queue,Hardware,Printer Issues,Medium,SEV3,Escalated,EMP10061,AGT-011,Vijay Krishnan,AGT-011,Vijay Krishnan,2025-02-25 02:09,1. PowerShell: Stop-Service Spooler. 2. Remove spool files. 3. Start-Service Spooler. 4. Test print.,Print spooler service hung; corrupted print job blocking queue,8.7,Moderate
TKT-01086,AWS EC2 instance not reachable – SSH/RDP refused,Cloud & Servers,AWS,High,SEV2,Pending,EMP10373,AGT-009,Arjun Patel,AGT-009,Arjun Patel,2023-02-10 07:45,1. Check NACL for subnet. 2. Verify route table has 0.0.0.0/0 to IGW.,Security group missing inbound rule; instance stopped unexpectedly,5.8,Auto-Resolve
TKT-01087,Backup taking too long – missing SLA window,Storage & Backup,Backup Failures,Low,SEV4,Closed,EMP10405,AGT-006,Deepa Nair,AGT-006,Deepa Nair,2023-10-12 06:52,1. Move repository to SSD-backed storage. 2. Add backup proxies. 3. Adjust to off-peak hours.,Backup chain grown too large; CBT corrupted on VM,57,Auto-Resolve
TKT-01088,User receiving Access Denied on SharePoint site,Security & Access,Access Control,High,SEV2,Resolved,EMP10201,AGT-008,Kavitha Menon,AGT-008,Kavitha Menon,2023-11-25 03:44,1. Admin: Site Settings > People and Groups. 2. Add user to Members group.,User not in site members group; permissions inheritance broken,5.9,Auto-Resolve
TKT-01089,Software license expired – trial expired message,Software Applications,Password & Licensing,High,SEV2,In Progress,EMP10483,AGT-024,Nandini Kulkarni,AGT-024,Nandini Kulkarni,2024-05-04 04:29,1. Check license server reachable: telnet <server> <port>. 2. Restart license manager.,Annual license not renewed; license server unreachable,9.2,Moderate
TKT-01090,Azure AD Conditional Access blocking user login,Cloud & Servers,Azure,Low,SEV4,Resolved,EMP10592,AGT-009,Arjun Patel,AGT-009,Arjun Patel,2025-01-15 12:23,1. Intune > Devices > check compliance. 2. Fix failing policy. 3. Sync in Company Portal.,Device not compliant in Intune; policy requires compliant device,55.9,Auto-Resolve
TKT-01091,New employee cannot access ERP on first day,Security & Access,Access Control,Critical,SEV1,Escalated,EMP10055,AGT-014,Lakshmi Rao,AGT-014,Lakshmi Rao,2023-12-29 13:13,"1. Check AD account: Get-ADUser username | select Enabled,LockedOut. 2. Enable if disabled.",ERP provisioning not completed; role assignment pending,1,Moderate
TKT-01092,Application blocked by proxy – 'Access denied',Network,Firewall & Proxy,Low,SEV4,Closed,EMP10305,AGT-007,Rahul Singh,AGT-007,Rahul Singh,2023-11-25 14:11,1. Try HTTPS instead of HTTP. 2. Update proxy SSL inspection policy to trust cert.,Proxy URL filter miscategorized site as Social Media,38.6,Auto-Resolve
TKT-01093,RAID array showing degraded – one disk failed,Storage & Backup,RAID & Disk,Low,SEV4,Resolved,EMP10575,AGT-025,Suresh Das,AGT-025,Suresh Das,2023-09-19 12:02,1. smartctl -a /dev/sdX. 2. If reallocated sectors >100: plan immediate replacement.,Single disk failure in RAID-5/6; SMART alert,48.9,Auto-Resolve
TKT-01094,Windows Server services not starting after reboot,Cloud & Servers,Server OS,Critical,SEV1,Escalated,EMP10260,AGT-021,Rajesh Nambiar,AGT-021,Rajesh Nambiar,2023-02-16 16:06,1. Services.msc > failing service > Dependencies. 2. Start dependencies manually.,Service dependency not met; service account password expired,2.3,Human-Escalate
TKT-01095,Linux server disk 100% – applications failing,Cloud & Servers,Server OS,Critical,SEV1,Escalated,EMP10413,AGT-009,Arjun Patel,AGT-009,Arjun Patel,2025-03-31 18:27,1. lvextend -L +20G /dev/mapper/vg-lv. 2. resize2fs or xfs_growfs. 3. df -h.,Log files or core dumps consuming all space,1,Moderate
TKT-01096,Database backup restore failed – cannot recover to point in time,Storage & Backup,Data Recovery,Low,SEV4,Escalated,EMP10033,AGT-012,Meera Iyer,AGT-012,Meera Iyer,2023-06-24 16:40,1. Restore full backup (NORECOVERY). 2. Apply differentials. 3. Apply log backups. 4. RESTORE WITH RECOVERY.,Transaction log backup chain broken; LSN gap,53,Auto-Resolve
TKT-01097,Antivirus blocking legitimate application,Software Applications,Antivirus / Security Software,Low,SEV4,Closed,EMP10454,AGT-016,Pooja Mehta,AGT-016,Pooja Mehta,2024-12-13 21:06,1. Upload to VirusTotal.com to verify false positive. 2. Submit to AV vendor. 3. Exclude temporarily.,Heuristic false positive flagging application executable,70.1,Auto-Resolve
TKT-01098,User cannot login to web application – SSO not working,Security & Access,Password Reset,Critical,SEV1,Resolved,EMP10389,AGT-002,Priya Sharma,AGT-002,Priya Sharma,2024-03-31 05:19,1. Check IdP certificate expiry in Azure AD. 2. Renew certificate. 3. Update metadata XML.,SAML token expired or IdP metadata outdated,3.8,Moderate
TKT-01099,AWS EC2 instance not reachable – SSH/RDP refused,Cloud & Servers,AWS,High,SEV2,Resolved,EMP10239,AGT-021,Rajesh Nambiar,AGT-021,Rajesh Nambiar,2025-02-02 02:11,1. Check System Log: EC2 > Monitor > Get System Log. 2. Look for kernel panic or OOM. 3. Upgrade instance.,Security group missing inbound rule; instance stopped unexpectedly,2,Moderate
TKT-01100,Cloud backup to Azure Blob failing – auth error,Storage & Backup,Backup Failures,High,SEV2,Resolved,EMP10331,AGT-019,Nikhil Tiwari,AGT-019,Nikhil Tiwari,2024-06-20 21:31,1. Verify Azure subscription active. 2. Check storage quota limits. 3. Check Service Health.,Storage account access key rotated but not updated,9.4,Auto-Resolve
TKT-01101,VPN drops connection every 10-15 minutes intermittently,Network,VPN Connectivity,Critical,SEV1,Resolved,EMP10465,AGT-001,Ravi Kumar,AGT-001,Ravi Kumar,2024-11-08 07:49,1. Check split tunneling on ASA. 2. Add subnets to exclusion list. 3. Re-push VPN profile. 4. Test.,DPD timeout mismatch between client and ASA firewall,1.5,Human-Escalate
TKT-01102,MFA prompt not received – cannot complete login,Security & Access,Multi-Factor Authentication,Medium,SEV3,Closed,EMP10242,AGT-014,Lakshmi Rao,AGT-014,Lakshmi Rao,2023-11-06 18:46,1. Admin: provide backup code via alternate method. 2. User uses code. 3. Re-register authenticator.,Authenticator app out of sync; phone number changed; MFA not registered,14.6,Moderate
TKT-01103,Phishing email received – user clicked suspicious link,Security & Access,Security Incidents,Low,SEV4,Resolved,EMP10136,AGT-014,Lakshmi Rao,AGT-014,Lakshmi Rao,2024-10-15 19:04,1. Check email headers. 2. Block sender domain in EOP. 3. Delete from all mailboxes. 4. Report to security.,Social engineering; credential-harvesting URL clicked,39.9,Auto-Resolve
TKT-01104,Ransomware detected on workstation,Security & Access,Security Incidents,High,SEV2,Closed,EMP10262,AGT-008,Kavitha Menon,AGT-008,Kavitha Menon,2024-02-09 19:03,1. Isolate: pull network cable. 2. Do NOT reboot. 3. Alert CISO. 4. Restore from clean backup. 5. Reimage.,User ran malicious attachment; files encrypted on local and mapped drives,1.1,Moderate
TKT-01105,Employee cannot access shared drive – Access denied,Security & Access,Access Control,High,SEV2,Closed,EMP10063,AGT-002,Priya Sharma,AGT-002,Priya Sharma,2024-09-21 01:46,1. Get-ADGroupMember. 2. Add-ADGroupMember -Identity group -Members username. 3. gpupdate /force.,User removed from AD security group during access review,9.6,Moderate
TKT-01106,Cannot connect to corporate VPN – authentication failure after Windows update,Network,VPN Connectivity,Low,SEV4,Resolved,EMP10065,AGT-018,Divya Pillai,AGT-018,Divya Pillai,2024-08-16 22:35,1. Update Cisco AnyConnect to v4.10.07061+. 2. Flush DNS: ipconfig /flushdns. 3. Restart WAN Miniport adapter via Device Manager. 4. Retry VPN.,Windows update KB5034441 broke WAN Miniport driver compatibility with Cisco AnyConnect,22.6,Auto-Resolve
TKT-01107,User locked out of Windows login – forgot password,Security & Access,Password Reset,Critical,SEV1,Closed,EMP10199,AGT-008,Kavitha Menon,AGT-008,Kavitha Menon,2024-06-26 03:39,1. ADUC: right-click user > Unlock Account. 2. Check 'User must change password'. 3. Communicate via phone.,Too many failed attempts triggered lockout policy,1.8,Human-Escalate
TKT-01108,ESXi host showing Not Responding in vCenter,Cloud & Servers,VMware,High,SEV2,In Progress,EMP10282,AGT-021,Rajesh Nambiar,AGT-021,Rajesh Nambiar,2024-12-07 14:22,1. Remove host from vCenter. 2. Add host wizard to re-add. 3. VMs re-discovered automatically.,Management NIC down; DCUI locked; PSOD,5.9,Auto-Resolve
TKT-01109,Monitor no signal after sleep/hibernate,Hardware,Monitor Issues,Critical,SEV1,In Progress,EMP10227,AGT-005,Mohammed Ali,AGT-023,Prakash Shetty,2025-02-15 08:43,1. Update GPU driver. 2. Disable deep sleep for GPU in Device Manager.,GPU not resuming signal; monitor standby not recovering,3.7,Human-Escalate
TKT-01110,User cannot login to web application – SSO not working,Security & Access,Password Reset,Low,SEV4,Resolved,EMP10042,AGT-014,Lakshmi Rao,AGT-014,Lakshmi Rao,2023-11-12 14:16,1. Admin: check IdP app assignment. 2. Verify user in assigned group. 3. Re-assign if missing.,SAML token expired or IdP metadata outdated,62,Auto-Resolve
TKT-01111,Database backup restore failed – cannot recover to point in time,Storage & Backup,Data Recovery,High,SEV2,Resolved,EMP10554,AGT-019,Nikhil Tiwari,AGT-019,Nikhil Tiwari,2023-02-10 21:56,1. RESTORE HEADERONLY to check LSN info. 2. Identify gap. 3. Restore to last viable point.,Transaction log backup chain broken; LSN gap,4.5,Moderate
TKT-01112,SAN storage performance degraded – high LUN latency,Storage & Backup,Storage Performance,Critical,SEV1,In Progress,EMP10271,AGT-006,Deepa Nair,AGT-025,Suresh Das,2024-10-26 11:40,1. Check array for rebuild status. 2. Move critical workloads to unaffected LUNs.,RAID rebuild consuming I/O; HBA queue depth too low,2.6,Human-Escalate
TKT-01113,Accidentally deleted important file,Storage & Backup,Data Recovery,High,SEV2,Resolved,EMP10096,AGT-019,Nikhil Tiwari,AGT-019,Nikhil Tiwari,2024-03-05 15:03,1. Restore from last Veeam backup. 2. Single-file restore to original location.,File deleted from share; shadow copy not configured,11.7,Auto-Resolve
TKT-01114,Disk I/O errors in application logs,Storage & Backup,RAID & Disk,Low,SEV4,In Progress,EMP10294,AGT-012,Meera Iyer,AGT-012,Meera Iyer,2024-05-05 04:29,1. umount then fsck -f /dev/sdX1. 2. Fix errors. 3. Remount. 4. Monitor.,Disk nearing end of life; cable/controller issue; filesystem errors,40.5,Auto-Resolve
TKT-01115,SSL certificate expired – application security warning,Security & Access,Certificate Issues,High,SEV2,Resolved,EMP10184,AGT-008,Kavitha Menon,AGT-008,Kavitha Menon,2023-12-10 18:55,1. certbot renew --force-renewal. 2. systemctl reload nginx. 3. Verify dates via openssl.,Auto-renewal failed; not monitored for expiry,8.3,Moderate
TKT-01116,SAN storage performance degraded – high LUN latency,Storage & Backup,Storage Performance,Low,SEV4,Pending,EMP10015,AGT-019,Nikhil Tiwari,AGT-019,Nikhil Tiwari,2024-06-18 15:55,1. Check array for rebuild status. 2. Move critical workloads to unaffected LUNs.,RAID rebuild consuming I/O; HBA queue depth too low,71.7,Auto-Resolve
TKT-01117,Application blocked by proxy – 'Access denied',Network,Firewall & Proxy,Medium,SEV3,Resolved,EMP10023,AGT-001,Ravi Kumar,AGT-001,Ravi Kumar,2024-09-20 06:51,1. Submit URL recategorization via proxy admin portal. 2. Provide business justification. 3. Add to whitelist.,Proxy URL filter miscategorized site as Social Media,4.9,Auto-Resolve
TKT-01118,VMware vMotion failing between ESXi hosts,Cloud & Servers,VMware,Low,SEV4,Pending,EMP10488,AGT-009,Arjun Patel,AGT-009,Arjun Patel,2024-05-25 17:51,1. Check datastore accessibility from destination host. 2. Use Storage vMotion simultaneously.,Incompatible CPU feature sets; vMotion network not configured,4.4,Auto-Resolve
TKT-01119,NAS drive full – employees cannot save files,Storage & Backup,Storage Performance,Medium,SEV3,In Progress,EMP10369,AGT-019,Nikhil Tiwari,AGT-019,Nikhil Tiwari,2025-03-05 09:24,1. FSRM > Quota Management > create template. 2. Apply 5GB soft + 10GB hard quota.,Disk quota not enforced; stale files consuming space,12.3,Auto-Resolve
TKT-01120,Linux server disk 100% – applications failing,Cloud & Servers,Server OS,Medium,SEV3,Resolved,EMP10512,AGT-009,Arjun Patel,AGT-009,Arjun Patel,2024-10-27 08:15,1. lvextend -L +20G /dev/mapper/vg-lv. 2. resize2fs or xfs_growfs. 3. df -h.,Log files or core dumps consuming all space,23.1,Moderate
TKT-01121,IP address conflict – 'Another computer has same IP',Network,IP/DHCP,High,SEV2,Resolved,EMP10422,AGT-013,Sanjay Gupta,AGT-013,Sanjay Gupta,2023-06-16 05:56,1. arp -a to find conflicting MAC. 2. Track via switch MAC table. 3. Change device to DHCP.,Static IP conflicts with DHCP pool; duplicate reservation,5.5,Auto-Resolve
TKT-01122,IP address conflict – 'Another computer has same IP',Network,IP/DHCP,Low,SEV4,Closed,EMP10595,AGT-013,Sanjay Gupta,AGT-013,Sanjay Gupta,2024-09-12 21:11,1. Check for overlapping DHCP scopes. 2. Set exclusion range for statics. 3. Enable conflict detection.,Static IP conflicts with DHCP pool; duplicate reservation,43.2,Auto-Resolve
TKT-01123,RAID array showing degraded – one disk failed,Storage & Backup,RAID & Disk,Critical,SEV1,Closed,EMP10457,AGT-006,Deepa Nair,AGT-019,Nikhil Tiwari,2023-11-23 17:36,1. mdadm --detail /dev/md0. 2. mdadm /dev/md0 --add /dev/sdX. 3. Watch /proc/mdstat.,Single disk failure in RAID-5/6; SMART alert,1,Human-Escalate
TKT-01124,Monitor no signal after sleep/hibernate,Hardware,Monitor Issues,Medium,SEV3,Escalated,EMP10298,AGT-005,Mohammed Ali,AGT-005,Mohammed Ali,2025-01-14 21:12,1. Update GPU driver. 2. Disable deep sleep for GPU in Device Manager.,GPU not resuming signal; monitor standby not recovering,11.2,Auto-Resolve
TKT-01125,Unauthorized device on corporate network,Security & Access,Security Incidents,High,SEV2,Resolved,EMP10150,AGT-002,Priya Sharma,AGT-002,Priya Sharma,2025-03-05 11:22,1. MAC address filtering as immediate fix. 2. Raise change for dynamic VLAN. 3. Review physical security.,Rogue device on open port; no 802.1X authentication,9,Moderate
TKT-01126,AWS S3 bucket access denied to application,Cloud & Servers,AWS,Critical,SEV1,Resolved,EMP10147,AGT-009,Arjun Patel,AGT-015,Aditya Shah,2023-04-23 00:48,1. Check S3 Block Public Access settings. 2. Switch to IAM-based access from ACL.,IAM role lacks s3:GetObject; bucket policy denies,3.4,Human-Escalate
TKT-01127,Wi-Fi disconnects frequently – signal strong but keeps dropping,Network,Wi-Fi Issues,High,SEV2,In Progress,EMP10599,AGT-001,Ravi Kumar,AGT-001,Ravi Kumar,2023-03-01 18:47,1. Update Wi-Fi adapter driver. 2. Disable 'Allow computer to turn off this device to save power'. 3. Set Roaming Aggressiveness to Medium.,Wi-Fi channel congestion; band-steering misconfiguration,7,Moderate
TKT-01128,Accidentally deleted important file,Storage & Backup,Data Recovery,Medium,SEV3,Closed,EMP10244,AGT-025,Suresh Das,AGT-025,Suresh Das,2024-04-08 03:39,1. Right-click folder > Properties > Previous Versions. 2. Restore from shadow copy.,File deleted from share; shadow copy not configured,21.1,Moderate
TKT-01129,User receiving Access Denied on SharePoint site,Security & Access,Access Control,Critical,SEV1,Resolved,EMP10315,AGT-014,Lakshmi Rao,AGT-008,Kavitha Menon,2025-02-18 04:09,1. Check if external guest. 2. Add as internal member if employee.,User not in site members group; permissions inheritance broken,2.3,Human-Escalate
TKT-01130,Microsoft Word crashes when opening documents,Software Applications,Microsoft Office,Low,SEV4,Pending,EMP10536,AGT-024,Nandini Kulkarni,AGT-024,Nandini Kulkarni,2024-07-19 10:54,1. Update Office: File > Account > Update Options > Update Now. 2. Disable AV scanning Office temp files.,Corrupted Normal.dotm template or conflicting COM add-in,22.8,Auto-Resolve
TKT-01131,IP address conflict – 'Another computer has same IP',Network,IP/DHCP,Low,SEV4,Closed,EMP10392,AGT-018,Divya Pillai,AGT-018,Divya Pillai,2023-05-02 07:45,1. Check for overlapping DHCP scopes. 2. Set exclusion range for statics. 3. Enable conflict detection.,Static IP conflicts with DHCP pool; duplicate reservation,17.8,Auto-Resolve
TKT-01132,Employee cannot access shared drive – Access denied,Security & Access,Access Control,Low,SEV4,Pending,EMP10138,AGT-014,Lakshmi Rao,AGT-014,Lakshmi Rao,2023-07-29 20:02,1. Check share permissions. 2. Add user's group with Change permission. 3. Check NTFS permissions.,User removed from AD security group during access review,20.2,Auto-Resolve
TKT-01133,Backup job failed – Veeam error,Storage & Backup,Backup Failures,High,SEV2,Closed,EMP10475,AGT-019,Nikhil Tiwari,AGT-019,Nikhil Tiwari,2023-01-16 15:13,1. Check Veeam Job > Statistics. 2. vssadmin list writers. 3. net stop vss && net start vss.,VSS snapshot failure; insufficient shadow storage; writer error,4.8,Moderate
TKT-01134,RAID array showing degraded – one disk failed,Storage & Backup,RAID & Disk,Low,SEV4,Closed,EMP10588,AGT-006,Deepa Nair,AGT-006,Deepa Nair,2023-11-21 15:22,1. smartctl -a /dev/sdX. 2. If reallocated sectors >100: plan immediate replacement.,Single disk failure in RAID-5/6; SMART alert,42.1,Auto-Resolve
TKT-01135,USB device not recognized – 'Unknown device' in Device Manager,Hardware,USB/Peripheral,Critical,SEV1,Resolved,EMP10008,AGT-023,Prakash Shetty,AGT-023,Prakash Shetty,2025-03-21 20:39,1. Uninstall Unknown Device. 2. Scan for hardware changes. 3. Try different USB port.,Corrupt USB driver; power management disabling port,1.8,Human-Escalate
TKT-01136,Azure AD Conditional Access blocking user login,Cloud & Servers,Azure,Low,SEV4,Closed,EMP10380,AGT-015,Aditya Shah,AGT-015,Aditya Shah,2025-03-09 23:17,1. Check if user in correct CA scope. 2. Check Named Locations – add new office IP.,Device not compliant in Intune; policy requires compliant device,19.6,Auto-Resolve
TKT-01137,User cannot login to web application – SSO not working,Security & Access,Password Reset,Medium,SEV3,Resolved,EMP10255,AGT-022,Swathi Gowda,AGT-022,Swathi Gowda,2024-10-13 01:38,1. Check IdP certificate expiry in Azure AD. 2. Renew certificate. 3. Update metadata XML.,SAML token expired or IdP metadata outdated,4.5,Moderate
TKT-01138,VMware vMotion failing between ESXi hosts,Cloud & Servers,VMware,High,SEV2,Resolved,EMP10425,AGT-009,Arjun Patel,AGT-009,Arjun Patel,2023-06-11 11:38,1. Verify vMotion VMkernel adapter on both hosts. 2. Same vMotion network/VLAN.,Incompatible CPU feature sets; vMotion network not configured,8.9,Auto-Resolve
TKT-01139,Unable to post journal entry in SAP – Period not open error,Software Applications,ERP / SAP,Low,SEV4,Pending,EMP10371,AGT-020,Asha Bhat,AGT-020,Asha Bhat,2023-11-19 23:07,1. Check OB52 variant matches company code. 2. Verify From/To Period range. 3. Check account type.,Fiscal year period not opened in FI module,51.1,Auto-Resolve
TKT-01140,SAP GUI session disconnected – transaction rolled back,Software Applications,ERP / SAP,Critical,SEV1,Closed,EMP10426,AGT-016,Pooja Mehta,AGT-016,Pooja Mehta,2024-10-25 04:31,1. Reconnect to SAP GUI. 2. Check if auto-saved. 3. Admin: increase timeout in RZ11.,Network timeout exceeding SAP session timeout; high WAN latency,3.8,Moderate
TKT-01141,USB device not recognized – 'Unknown device' in Device Manager,Hardware,USB/Peripheral,Low,SEV4,Pending,EMP10369,AGT-023,Prakash Shetty,AGT-023,Prakash Shetty,2023-12-22 09:09,1. PowerShell: Get-PnpDevice -Status Error | Disable-PnpDevice then re-enable.,Corrupt USB driver; power management disabling port,59.4,Auto-Resolve
TKT-01142,Antivirus blocking legitimate application,Software Applications,Antivirus / Security Software,Medium,SEV3,Resolved,EMP10041,AGT-024,Nandini Kulkarni,AGT-024,Nandini Kulkarni,2023-05-25 03:13,1. Disable real-time protection temporarily. 2. Launch app. 3. Add executable to whitelist.,Heuristic false positive flagging application executable,14.1,Auto-Resolve
TKT-01143,Unable to connect to Wi-Fi – 'Can't connect to this network',Network,Wi-Fi Issues,Medium,SEV3,Resolved,EMP10577,AGT-018,Divya Pillai,AGT-018,Divya Pillai,2024-04-13 10:59,1. netsh int ip reset. 2. netsh winsock reset. 3. ipconfig /flushdns. 4. Reboot. 5. Reconnect.,Corrupted Wi-Fi profile in Windows,18.5,Auto-Resolve
TKT-01144,Backup taking too long – missing SLA window,Storage & Backup,Backup Failures,Critical,SEV1,Closed,EMP10191,AGT-006,Deepa Nair,AGT-006,Deepa Nair,2023-12-31 00:39,1. Move repository to SSD-backed storage. 2. Add backup proxies. 3. Adjust to off-peak hours.,Backup chain grown too large; CBT corrupted on VM,2.1,Human-Escalate
TKT-01145,Unable to post journal entry in SAP – Period not open error,Software Applications,ERP / SAP,Low,SEV4,Pending,EMP10389,AGT-020,Asha Bhat,AGT-020,Asha Bhat,2024-05-11 20:10,1. Request CFO approval to reopen. 2. Document business reason. 3. Use F-02 with alternative date.,Fiscal year period not opened in FI module,63.2,Auto-Resolve
TKT-01146,Database backup restore failed – cannot recover to point in time,Storage & Backup,Data Recovery,Critical,SEV1,Resolved,EMP10268,AGT-006,Deepa Nair,AGT-025,Suresh Das,2023-07-08 23:16,1. Azure SQL: Point-in-Time Restore from Portal. 2. Restore to new database. 3. Swap connection string.,Transaction log backup chain broken; LSN gap,3,Human-Escalate
TKT-01147,IP address conflict – 'Another computer has same IP',Network,IP/DHCP,Medium,SEV3,Pending,EMP10406,AGT-007,Rahul Singh,AGT-007,Rahul Singh,2024-08-06 08:57,1. ipconfig /release then /renew. 2. If static IP: change to DHCP. 3. Check DHCP for duplicate.,Static IP conflicts with DHCP pool; duplicate reservation,18,Auto-Resolve
TKT-01148,Phishing email received – user clicked suspicious link,Security & Access,Security Incidents,Critical,SEV1,Pending,EMP10047,AGT-014,Lakshmi Rao,AGT-014,Lakshmi Rao,2023-12-20 13:07,1. Review Azure AD sign-in logs. 2. Block suspicious IPs in CA. 3. Check for malicious email forwarding rules.,Social engineering; credential-harvesting URL clicked,1.5,Moderate
TKT-01149,Outlook not receiving new emails – inbox stuck,Software Applications,Microsoft Office,High,SEV2,Resolved,EMP10419,AGT-016,Pooja Mehta,AGT-016,Pooja Mehta,2024-08-22 13:40,"1. OST file size check. 2. If >50GB: archive. 3. Delete .ost, reopen Outlook to rebuild.",Exchange Online throttled; Outlook profile corrupted; OST file too large,10,Moderate
TKT-01150,Backup job failed – Veeam error,Storage & Backup,Backup Failures,Medium,SEV3,Pending,EMP10340,AGT-019,Nikhil Tiwari,AGT-019,Nikhil Tiwari,2024-12-25 02:12,1. Check Veeam Job > Statistics. 2. vssadmin list writers. 3. net stop vss && net start vss.,VSS snapshot failure; insufficient shadow storage; writer error,5.1,Auto-Resolve
TKT-01151,Antivirus blocking legitimate application,Software Applications,Antivirus / Security Software,Low,SEV4,Closed,EMP10565,AGT-024,Nandini Kulkarni,AGT-024,Nandini Kulkarni,2024-01-31 20:55,1. Upload to VirusTotal.com to verify false positive. 2. Submit to AV vendor. 3. Exclude temporarily.,Heuristic false positive flagging application executable,33.5,Auto-Resolve
TKT-01152,PowerPoint not displaying correctly on projector,Software Applications,Microsoft Office,Medium,SEV3,Pending,EMP10010,AGT-004,Sneha Reddy,AGT-004,Sneha Reddy,2023-03-07 10:01,1. Win+P > Duplicate. 2. Set both to 1920x1080. 3. Check projector input source.,Resolution mismatch; display scaling issues,14.9,Auto-Resolve
TKT-01153,SSL certificate expired – application security warning,Security & Access,Certificate Issues,Medium,SEV3,In Progress,EMP10474,AGT-022,Swathi Gowda,AGT-022,Swathi Gowda,2024-06-07 03:24,1. certbot renew --force-renewal. 2. systemctl reload nginx. 3. Verify dates via openssl.,Auto-renewal failed; not monitored for expiry,18.5,Auto-Resolve
TKT-01154,Software license expired – trial expired message,Software Applications,Password & Licensing,Medium,SEV3,Closed,EMP10554,AGT-010,Sunita Joshi,AGT-010,Sunita Joshi,2023-06-12 03:43,1. Check license server reachable: telnet <server> <port>. 2. Restart license manager.,Annual license not renewed; license server unreachable,5.6,Moderate
TKT-01155,Application blocked by proxy – 'Access denied',Network,Firewall & Proxy,Low,SEV4,In Progress,EMP10029,AGT-018,Divya Pillai,AGT-018,Divya Pillai,2024-01-22 18:30,1. Add destination IP to firewall allow rule. 2. Verify proxy bypass list includes IP. 3. Test.,Proxy URL filter miscategorized site as Social Media,56.4,Auto-Resolve
TKT-01156,Monitor no signal after sleep/hibernate,Hardware,Monitor Issues,High,SEV2,Resolved,EMP10056,AGT-005,Mohammed Ali,AGT-005,Mohammed Ali,2024-01-05 05:19,1. Try different cable. 2. Try different GPU port. 3. Reseat GPU. 4. Test with integrated graphics.,GPU not resuming signal; monitor standby not recovering,1.2,Moderate
TKT-01157,User cannot login to web application – SSO not working,Security & Access,Password Reset,Medium,SEV3,Pending,EMP10099,AGT-022,Swathi Gowda,AGT-022,Swathi Gowda,2023-07-10 08:21,1. Check IdP certificate expiry in Azure AD. 2. Renew certificate. 3. Update metadata XML.,SAML token expired or IdP metadata outdated,19.8,Moderate
TKT-01158,SAN storage performance degraded – high LUN latency,Storage & Backup,Storage Performance,High,SEV2,In Progress,EMP10436,AGT-012,Meera Iyer,AGT-012,Meera Iyer,2023-02-15 06:19,1. Check I/O blender from VMs. 2. Separate OLTP to dedicated datastores. 3. Enable SIOC.,RAID rebuild consuming I/O; HBA queue depth too low,5.8,Moderate
TKT-01159,VPN connects but no internal resources accessible,Network,VPN Connectivity,High,SEV2,Closed,EMP10058,AGT-013,Sanjay Gupta,AGT-013,Sanjay Gupta,2023-06-17 14:24,1. Check VPN adapter DNS: ipconfig /all. 2. Set DNS to internal server. 3. Run ipconfig /flushdns. 4. Test nslookup.,Split tunneling disabled; DNS suffix mismatch,4,Auto-Resolve
TKT-01160,Backup taking too long – missing SLA window,Storage & Backup,Backup Failures,Critical,SEV1,Resolved,EMP10534,AGT-025,Suresh Das,AGT-006,Deepa Nair,2023-01-05 09:59,1. Move repository to SSD-backed storage. 2. Add backup proxies. 3. Adjust to off-peak hours.,Backup chain grown too large; CBT corrupted on VM,0.7,Human-Escalate
TKT-01161,Disk I/O errors in application logs,Storage & Backup,RAID & Disk,High,SEV2,Closed,EMP10316,AGT-025,Suresh Das,AGT-025,Suresh Das,2024-03-09 05:53,1. smartctl -H /dev/sdX. 2. Run extended SMART test. 3. If failing: replace immediately.,Disk nearing end of life; cable/controller issue; filesystem errors,5.7,Auto-Resolve
TKT-01162,Browser pages loading slowly or not loading,Software Applications,Browser Issues,High,SEV2,Pending,EMP10333,AGT-020,Asha Bhat,AGT-020,Asha Bhat,2023-03-09 05:59,1. Disable all extensions. 2. Test page. 3. Re-enable one by one.,Cache corruption; DNS issue; extension conflict,11.5,Auto-Resolve
TKT-01163,RAID array showing degraded – one disk failed,Storage & Backup,RAID & Disk,High,SEV2,Closed,EMP10405,AGT-019,Nikhil Tiwari,AGT-019,Nikhil Tiwari,2023-12-18 07:20,1. Identify failed disk via storage console. 2. Procure matching disk. 3. Hot-swap; rebuild starts.,Single disk failure in RAID-5/6; SMART alert,4.5,Auto-Resolve
TKT-01164,Azure AD Conditional Access blocking user login,Cloud & Servers,Azure,Critical,SEV1,Escalated,EMP10415,AGT-009,Arjun Patel,AGT-009,Arjun Patel,2024-09-07 22:43,1. Admin: temporary CA exclusion for user (24-hour limit). 2. Investigate root cause.,Device not compliant in Intune; policy requires compliant device,1.8,Human-Escalate
TKT-01165,Printer shows offline though powered on,Hardware,Printer Issues,Medium,SEV3,Resolved,EMP10160,AGT-017,Kiran Babu,AGT-017,Kiran Babu,2023-05-05 00:25,1. Assign static IP via printer web interface. 2. Set outside DHCP range. 3. Update port on all PCs.,TCP/IP port IP mismatch after DHCP lease change,22.5,Auto-Resolve
TKT-01166,Azure VM not starting – allocation failure,Cloud & Servers,Azure,Low,SEV4,Resolved,EMP10211,AGT-009,Arjun Patel,AGT-009,Arjun Patel,2025-01-20 16:19,1. Check Azure Service Health for outages. 2. Failover to paired region via ASR.,Azure region capacity constraint; VM size unavailable,56.7,Auto-Resolve
TKT-01167,Monitor no signal after sleep/hibernate,Hardware,Monitor Issues,High,SEV2,Closed,EMP10117,AGT-011,Vijay Krishnan,AGT-011,Vijay Krishnan,2024-07-29 17:40,1. Try different cable. 2. Try different GPU port. 3. Reseat GPU. 4. Test with integrated graphics.,GPU not resuming signal; monitor standby not recovering,6.2,Auto-Resolve
TKT-01168,AWS Lambda function timing out,Cloud & Servers,AWS,High,SEV2,In Progress,EMP10488,AGT-009,Arjun Patel,AGT-009,Arjun Patel,2023-10-22 02:25,1. Check VPC config: NAT Gateway for internet access. 2. Add NAT or use VPC endpoints.,Function exceeds timeout; downstream service latency,8.4,Moderate
TKT-01169,New employee cannot access ERP on first day,Security & Access,Access Control,Low,SEV4,Closed,EMP10504,AGT-008,Kavitha Menon,AGT-008,Kavitha Menon,2023-02-06 01:11,1. Verify employee in HR system. 2. Trigger manual sync. 3. Re-run provisioning job.,ERP provisioning not completed; role assignment pending,41.9,Auto-Resolve
TKT-01170,Software license expired – trial expired message,Software Applications,Password & Licensing,Low,SEV4,Pending,EMP10135,AGT-010,Sunita Joshi,AGT-010,Sunita Joshi,2023-11-13 07:15,1. Check with IT asset management. 2. Contact vendor for emergency extension.,Annual license not renewed; license server unreachable,54.2,Auto-Resolve
TKT-01171,Laptop overheating – shuts down after 20-30 minutes,Hardware,Laptop Issues,Medium,SEV3,Pending,EMP10174,AGT-023,Prakash Shetty,AGT-023,Prakash Shetty,2024-12-29 02:22,1. Underclock via Intel XTU: reduce TDP 10-15%. 2. Max fan in BIOS. 3. Use cooling pad.,Dust-clogged heat sink; dried thermal paste,15.3,Auto-Resolve
TKT-01172,Employee cannot access shared drive – Access denied,Security & Access,Access Control,Low,SEV4,Resolved,EMP10500,AGT-002,Priya Sharma,AGT-002,Priya Sharma,2024-05-18 06:05,1. Get-ADGroupMember. 2. Add-ADGroupMember -Identity group -Members username. 3. gpupdate /force.,User removed from AD security group during access review,40,Auto-Resolve
TKT-01173,Zoom/Teams video freezing during calls,Software Applications,Browser Issues,Low,SEV4,Escalated,EMP10310,AGT-010,Sunita Joshi,AGT-010,Sunita Joshi,2024-04-17 00:58,1. Close Chrome tabs. 2. Pause OneDrive sync. 3. Set process priority to Above Normal.,Insufficient bandwidth; CPU overload; outdated driver,42,Auto-Resolve
TKT-01174,User locked out of Windows login – forgot password,Security & Access,Password Reset,Low,SEV4,Pending,EMP10227,AGT-014,Lakshmi Rao,AGT-014,Lakshmi Rao,2024-10-15 11:06,1. Unlock-ADAccount -Identity username. 2. Force reset. 3. Set ChangePasswordAtLogon=$true.,Too many failed attempts triggered lockout policy,49.9,Auto-Resolve
TKT-01175,Azure AD Conditional Access blocking user login,Cloud & Servers,Azure,Low,SEV4,Resolved,EMP10416,AGT-009,Arjun Patel,AGT-009,Arjun Patel,2023-11-02 18:08,1. Check if user in correct CA scope. 2. Check Named Locations – add new office IP.,Device not compliant in Intune; policy requires compliant device,10.8,Auto-Resolve
TKT-01176,Application blocked by proxy – 'Access denied',Network,Firewall & Proxy,High,SEV2,Resolved,EMP10216,AGT-013,Sanjay Gupta,AGT-013,Sanjay Gupta,2023-09-28 03:56,1. Submit URL recategorization via proxy admin portal. 2. Provide business justification. 3. Add to whitelist.,Proxy URL filter miscategorized site as Social Media,2.2,Moderate
TKT-01177,AWS EC2 instance not reachable – SSH/RDP refused,Cloud & Servers,AWS,Medium,SEV3,Escalated,EMP10471,AGT-009,Arjun Patel,AGT-009,Arjun Patel,2024-05-12 03:06,1. Verify instance Running. 2. Start if stopped. 3. Add SG inbound rule for SSH/RDP from your IP.,Security group missing inbound rule; instance stopped unexpectedly,7.4,Auto-Resolve
TKT-01178,Laptop keyboard keys dead,Hardware,Laptop Issues,High,SEV2,In Progress,EMP10417,AGT-017,Kiran Babu,AGT-017,Kiran Babu,2023-09-10 20:48,1. Reboot. 2. Test in BIOS. 3. Uninstall HID keyboard driver. 4. Reboot to reinstall.,Physical damage or spill; driver issue,5.5,Moderate
TKT-01179,Microsoft Word crashes when opening documents,Software Applications,Microsoft Office,Low,SEV4,Closed,EMP10558,AGT-004,Sneha Reddy,AGT-004,Sneha Reddy,2023-03-14 21:14,1. Update Office: File > Account > Update Options > Update Now. 2. Disable AV scanning Office temp files.,Corrupted Normal.dotm template or conflicting COM add-in,66.8,Auto-Resolve
TKT-01180,Linux server disk 100% – applications failing,Cloud & Servers,Server OS,High,SEV2,Closed,EMP10598,AGT-003,Ankit Verma,AGT-003,Ankit Verma,2023-07-22 21:54,1. docker system prune -af. 2. pip cache purge. 3. rm -rf /tmp/*. 4. Verify df -h.,Log files or core dumps consuming all space,10.8,Moderate
TKT-01181,USB device not recognized – 'Unknown device' in Device Manager,Hardware,USB/Peripheral,Low,SEV4,Pending,EMP10551,AGT-023,Prakash Shetty,AGT-023,Prakash Shetty,2025-02-22 00:48,1. sfc /scannow. 2. USB troubleshooter. 3. Test on another PC. 4. Reinstall USB chipset driver.,Corrupt USB driver; power management disabling port,70.2,Auto-Resolve
TKT-01182,Disk I/O errors in application logs,Storage & Backup,RAID & Disk,High,SEV2,Resolved,EMP10101,AGT-012,Meera Iyer,AGT-012,Meera Iyer,2025-02-04 21:57,"1. Event Viewer > System > EventID 7,11,15. 2. chkdsk /r /f. 3. Schedule reboot.",Disk nearing end of life; cable/controller issue; filesystem errors,4.6,Moderate
TKT-01183,IP address conflict – 'Another computer has same IP',Network,IP/DHCP,High,SEV2,Resolved,EMP10366,AGT-007,Rahul Singh,AGT-007,Rahul Singh,2023-11-13 06:14,1. arp -a to find conflicting MAC. 2. Track via switch MAC table. 3. Change device to DHCP.,Static IP conflicts with DHCP pool; duplicate reservation,2.7,Auto-Resolve
TKT-01184,Printer not printing – jobs stuck in queue,Hardware,Printer Issues,Critical,SEV1,Resolved,EMP10031,AGT-017,Kiran Babu,AGT-023,Prakash Shetty,2023-05-01 10:22,1. PowerShell: Stop-Service Spooler. 2. Remove spool files. 3. Start-Service Spooler. 4. Test print.,Print spooler service hung; corrupted print job blocking queue,2.2,Human-Escalate
TKT-01185,Azure VM not starting – allocation failure,Cloud & Servers,Azure,Medium,SEV3,Escalated,EMP10457,AGT-021,Rajesh Nambiar,AGT-021,Rajesh Nambiar,2023-04-20 00:15,1. Change VM size to available SKU: VM > Size. 2. Or redeploy to different zone.,Azure region capacity constraint; VM size unavailable,16.8,Moderate
TKT-01186,Antivirus blocking legitimate application,Software Applications,Antivirus / Security Software,Low,SEV4,Closed,EMP10058,AGT-010,Sunita Joshi,AGT-010,Sunita Joshi,2023-05-28 17:59,1. Upload to VirusTotal.com to verify false positive. 2. Submit to AV vendor. 3. Exclude temporarily.,Heuristic false positive flagging application executable,66.1,Auto-Resolve
TKT-01187,RAID array showing degraded – one disk failed,Storage & Backup,RAID & Disk,High,SEV2,Closed,EMP10109,AGT-019,Nikhil Tiwari,AGT-019,Nikhil Tiwari,2023-01-03 10:22,1. Identify failed disk via storage console. 2. Procure matching disk. 3. Hot-swap; rebuild starts.,Single disk failure in RAID-5/6; SMART alert,10.1,Auto-Resolve
TKT-01188,Desktop PC not booting – stuck at BIOS logo,Hardware,Desktop Issues,Critical,SEV1,In Progress,EMP10103,AGT-023,Prakash Shetty,AGT-023,Prakash Shetty,2025-01-11 07:09,1. Remove recently added hardware. 2. Boot with only essentials. 3. Re-add components one by one.,Corrupted boot sector after incomplete update,2.9,Human-Escalate
TKT-01189,Linux server disk 100% – applications failing,Cloud & Servers,Server OS,High,SEV2,Pending,EMP10475,AGT-009,Arjun Patel,AGT-009,Arjun Patel,2024-08-30 21:49,1. du -sh /* | sort -rh | head -20. 2. Truncate: > /var/log/syslog. 3. Restart logging.,Log files or core dumps consuming all space,1.3,Moderate
TKT-01190,Printer shows offline though powered on,Hardware,Printer Issues,Low,SEV4,Escalated,EMP10477,AGT-005,Mohammed Ali,AGT-005,Mohammed Ali,2023-02-05 08:26,1. Remove and reinstall via UNC path: \\printserver\printername. 2. Check print server sharing.,TCP/IP port IP mismatch after DHCP lease change,16.2,Auto-Resolve
TKT-01191,SSL certificate expired – application security warning,Security & Access,Certificate Issues,Low,SEV4,Escalated,EMP10191,AGT-008,Kavitha Menon,AGT-008,Kavitha Menon,2024-06-05 13:35,1. Generate CSR: openssl req -new. 2. Submit to CA. 3. Install cert. 4. Restart service.,Auto-renewal failed; not monitored for expiry,59.8,Auto-Resolve
TKT-01192,Azure AD Conditional Access blocking user login,Cloud & Servers,Azure,Medium,SEV3,Escalated,EMP10557,AGT-015,Aditya Shah,AGT-015,Aditya Shah,2024-11-15 15:31,1. Admin: temporary CA exclusion for user (24-hour limit). 2. Investigate root cause.,Device not compliant in Intune; policy requires compliant device,19.5,Moderate
TKT-01193,Desktop PC not booting – stuck at BIOS logo,Hardware,Desktop Issues,High,SEV2,Pending,EMP10507,AGT-005,Mohammed Ali,AGT-005,Mohammed Ali,2023-02-06 15:16,1. Enter BIOS. 2. Verify boot order: SSD first. 3. If SSD not detected: reseat cable.,Corrupted boot sector after incomplete update,2.8,Moderate
TKT-01194,Unable to connect to Wi-Fi – 'Can't connect to this network',Network,Wi-Fi Issues,Low,SEV4,Resolved,EMP10163,AGT-018,Divya Pillai,AGT-018,Divya Pillai,2024-10-19 12:44,1. Forget network. 2. netsh wlan delete profile name=<SSID>. 3. Reconnect fresh.,Corrupted Wi-Fi profile in Windows,14.5,Auto-Resolve
TKT-01195,AWS S3 bucket access denied to application,Cloud & Servers,AWS,Critical,SEV1,Resolved,EMP10457,AGT-009,Arjun Patel,AGT-009,Arjun Patel,2024-11-09 07:54,1. Cross-account: ensure trust relationship allows source account. 2. Add sts:AssumeRole.,IAM role lacks s3:GetObject; bucket policy denies,3.9,Moderate
TKT-01196,USB device not recognized – 'Unknown device' in Device Manager,Hardware,USB/Peripheral,Critical,SEV1,Resolved,EMP10006,AGT-017,Kiran Babu,AGT-017,Kiran Babu,2024-03-14 08:35,1. sfc /scannow. 2. USB troubleshooter. 3. Test on another PC. 4. Reinstall USB chipset driver.,Corrupt USB driver; power management disabling port,1.4,Moderate
TKT-01197,ESXi host showing Not Responding in vCenter,Cloud & Servers,VMware,Medium,SEV3,Pending,EMP10174,AGT-009,Arjun Patel,AGT-009,Arjun Patel,2023-10-19 05:07,1. Access DCUI directly. 2. Ping management IP. 3. If unreachable: check physical console.,Management NIC down; DCUI locked; PSOD,8.3,Auto-Resolve
TKT-01198,MFA prompt not received – cannot complete login,Security & Access,Multi-Factor Authentication,Medium,SEV3,Resolved,EMP10438,AGT-022,Swathi Gowda,AGT-022,Swathi Gowda,2024-01-01 19:57,1. Admin: set MFA to SMS temporarily. 2. User receives SMS code. 3. Login and update authenticator.,Authenticator app out of sync; phone number changed; MFA not registered,14.3,Auto-Resolve
TKT-01199,Backup taking too long – missing SLA window,Storage & Backup,Backup Failures,High,SEV2,In Progress,EMP10030,AGT-006,Deepa Nair,AGT-006,Deepa Nair,2023-06-25 21:39,1. Check proxy bandwidth. 2. Enable WAN accelerator. 3. Enable inline dedup and compression.,Backup chain grown too large; CBT corrupted on VM,8.9,Auto-Resolve
TKT-01200,VPN drops connection every 10-15 minutes intermittently,Network,VPN Connectivity,Critical,SEV1,In Progress,EMP10072,AGT-007,Rahul Singh,AGT-007,Rahul Singh,2024-07-19 09:53,1. On ASA: increase DPD keepalive interval to 60s. 2. Increase DPD retry to 5. 3. Push config: write mem. 4. Monitor.,DPD timeout mismatch between client and ASA firewall,2.7,Moderate
TKT-01201,AWS S3 bucket access denied to application,Cloud & Servers,AWS,Low,SEV4,Resolved,EMP10255,AGT-015,Aditya Shah,AGT-015,Aditya Shah,2023-03-23 15:19,1. Check S3 Block Public Access settings. 2. Switch to IAM-based access from ACL.,IAM role lacks s3:GetObject; bucket policy denies,14.1,Auto-Resolve
TKT-01202,IP address conflict – 'Another computer has same IP',Network,IP/DHCP,Low,SEV4,Resolved,EMP10522,AGT-018,Divya Pillai,AGT-018,Divya Pillai,2023-08-03 23:05,1. Identify conflict via DHCP logs. 2. Remove static IP. 3. Delete duplicate reservation. 4. arp -d *.,Static IP conflicts with DHCP pool; duplicate reservation,57.4,Auto-Resolve
TKT-01203,Zoom/Teams video freezing during calls,Software Applications,Browser Issues,Low,SEV4,Resolved,EMP10133,AGT-020,Asha Bhat,AGT-020,Asha Bhat,2025-03-29 05:39,1. Update Zoom/Teams. 2. Update webcam/audio drivers. 3. Lower noise cancellation.,Insufficient bandwidth; CPU overload; outdated driver,18.1,Auto-Resolve
TKT-01204,Linux server disk 100% – applications failing,Cloud & Servers,Server OS,High,SEV2,Pending,EMP10080,AGT-003,Ankit Verma,AGT-003,Ankit Verma,2024-02-28 17:57,1. du -sh /* | sort -rh | head -20. 2. Truncate: > /var/log/syslog. 3. Restart logging.,Log files or core dumps consuming all space,8.7,Moderate
TKT-01205,Intermittent packet loss – 15-30% ping loss to gateway,Network,Network Outage,Critical,SEV1,Resolved,EMP10272,AGT-018,Divya Pillai,AGT-001,Ravi Kumar,2023-03-29 23:31,1. Check broadcast storm: show interface. 2. Enable storm control: storm-control broadcast level 20. 3. Monitor.,Duplex mismatch between server NIC and switch port,3.4,Human-Escalate
TKT-01206,Printer shows offline though powered on,Hardware,Printer Issues,Critical,SEV1,Escalated,EMP10459,AGT-011,Vijay Krishnan,AGT-023,Prakash Shetty,2024-06-13 06:05,1. Uncheck 'Use Printer Offline'. 2. Restart spooler. 3. Ping printer IP.,TCP/IP port IP mismatch after DHCP lease change,1.3,Human-Escalate
TKT-01207,Intermittent packet loss – 15-30% ping loss to gateway,Network,Network Outage,Low,SEV4,Resolved,EMP10112,AGT-013,Sanjay Gupta,AGT-013,Sanjay Gupta,2024-02-09 11:19,1. Replace patch cable. 2. Test with known-good cable. 3. ping -t -l 1472 <gateway>. 4. Disable jumbo frames if needed.,Duplex mismatch between server NIC and switch port,28.8,Auto-Resolve
TKT-01208,Laptop keyboard keys dead,Hardware,Laptop Issues,Medium,SEV3,Pending,EMP10127,AGT-023,Prakash Shetty,AGT-023,Prakash Shetty,2024-12-22 06:17,1. Reboot. 2. Test in BIOS. 3. Uninstall HID keyboard driver. 4. Reboot to reinstall.,Physical damage or spill; driver issue,10.1,Moderate
TKT-01209,Browser pages loading slowly or not loading,Software Applications,Browser Issues,High,SEV2,Closed,EMP10564,AGT-024,Nandini Kulkarni,AGT-024,Nandini Kulkarni,2023-11-27 19:03,1. Clear cache: Ctrl+Shift+Del > All time. 2. Restart browser. 3. Test in incognito.,Cache corruption; DNS issue; extension conflict,9.5,Moderate
TKT-01210,SSL certificate expired – application security warning,Security & Access,Certificate Issues,Low,SEV4,Escalated,EMP10460,AGT-014,Lakshmi Rao,AGT-014,Lakshmi Rao,2024-04-30 08:09,1. Update cert on load balancer. 2. Upload new PEM. 3. Update virtual server profile. 4. Test.,Auto-renewal failed; not monitored for expiry,40.1,Auto-Resolve
TKT-01211,User receiving Access Denied on SharePoint site,Security & Access,Access Control,High,SEV2,Resolved,EMP10321,AGT-008,Kavitha Menon,AGT-008,Kavitha Menon,2024-01-13 01:18,1. Admin: Site Settings > People and Groups. 2. Add user to Members group.,User not in site members group; permissions inheritance broken,11.2,Moderate
TKT-01212,Windows Server services not starting after reboot,Cloud & Servers,Server OS,High,SEV2,Resolved,EMP10080,AGT-021,Rajesh Nambiar,AGT-021,Rajesh Nambiar,2023-11-26 14:45,1. sc delete <ServiceName>. 2. Reinstall application to re-register service.,Service dependency not met; service account password expired,6.3,Moderate
TKT-01213,Employee cannot access shared drive – Access denied,Security & Access,Access Control,Critical,SEV1,Closed,EMP10033,AGT-022,Swathi Gowda,AGT-022,Swathi Gowda,2023-02-14 04:11,1. Get-ADGroupMember. 2. Add-ADGroupMember -Identity group -Members username. 3. gpupdate /force.,User removed from AD security group during access review,3.6,Human-Escalate
TKT-01214,Employee cannot access shared drive – Access denied,Security & Access,Access Control,High,SEV2,Pending,EMP10449,AGT-008,Kavitha Menon,AGT-008,Kavitha Menon,2024-11-29 17:01,1. Check share permissions. 2. Add user's group with Change permission. 3. Check NTFS permissions.,User removed from AD security group during access review,11.5,Auto-Resolve
TKT-01215,USB device not recognized – 'Unknown device' in Device Manager,Hardware,USB/Peripheral,Critical,SEV1,Resolved,EMP10088,AGT-011,Vijay Krishnan,AGT-023,Prakash Shetty,2024-02-15 15:04,1. PowerShell: Get-PnpDevice -Status Error | Disable-PnpDevice then re-enable.,Corrupt USB driver; power management disabling port,2.5,Human-Escalate
TKT-01216,Monitor no signal after sleep/hibernate,Hardware,Monitor Issues,Medium,SEV3,Resolved,EMP10243,AGT-005,Mohammed Ali,AGT-005,Mohammed Ali,2023-02-03 14:16,1. Update GPU driver. 2. Disable deep sleep for GPU in Device Manager.,GPU not resuming signal; monitor standby not recovering,9.7,Auto-Resolve
TKT-01217,IP address conflict – 'Another computer has same IP',Network,IP/DHCP,High,SEV2,In Progress,EMP10561,AGT-001,Ravi Kumar,AGT-001,Ravi Kumar,2023-08-05 01:51,1. arp -a to find conflicting MAC. 2. Track via switch MAC table. 3. Change device to DHCP.,Static IP conflicts with DHCP pool; duplicate reservation,8.1,Moderate
TKT-01218,ESXi host showing Not Responding in vCenter,Cloud & Servers,VMware,Medium,SEV3,Resolved,EMP10550,AGT-021,Rajesh Nambiar,AGT-021,Rajesh Nambiar,2024-03-23 01:15,1. SSH to host: /etc/init.d/hostd restart && /etc/init.d/vpxa restart.,Management NIC down; DCUI locked; PSOD,7.1,Auto-Resolve
TKT-01219,Azure Storage blob upload failing,Cloud & Servers,Azure,Critical,SEV1,In Progress,EMP10070,AGT-003,Ankit Verma,AGT-003,Ankit Verma,2024-02-04 15:02,1. Managed Identity: assign Storage Blob Data Contributor role. 2. az role assignment create.,Storage firewall blocking app IP; SAS token expired,2.7,Human-Escalate
TKT-01220,SAN storage performance degraded – high LUN latency,Storage & Backup,Storage Performance,Medium,SEV3,Escalated,EMP10175,AGT-025,Suresh Das,AGT-025,Suresh Das,2023-05-17 16:22,1. Check array for rebuild status. 2. Move critical workloads to unaffected LUNs.,RAID rebuild consuming I/O; HBA queue depth too low,23,Auto-Resolve
TKT-01221,Antivirus blocking legitimate application,Software Applications,Antivirus / Security Software,High,SEV2,Closed,EMP10569,AGT-004,Sneha Reddy,AGT-004,Sneha Reddy,2024-05-28 08:51,1. Upload to VirusTotal.com to verify false positive. 2. Submit to AV vendor. 3. Exclude temporarily.,Heuristic false positive flagging application executable,1.7,Moderate
TKT-01222,Printer not printing – jobs stuck in queue,Hardware,Printer Issues,High,SEV2,Closed,EMP10032,AGT-011,Vijay Krishnan,AGT-011,Vijay Krishnan,2023-12-31 12:32,1. Services.msc: stop Print Spooler. 2. Delete C:\Windows\System32\spool\PRINTERS\*. 3. Start Spooler. 4. Retry.,Print spooler service hung; corrupted print job blocking queue,1.5,Moderate
TKT-01223,Complete network outage – entire floor offline,Network,Network Outage,Medium,SEV3,Closed,EMP10157,AGT-007,Rahul Singh,AGT-007,Rahul Singh,2024-05-27 05:32,1. Failover to backup ISP. 2. Update BGP routing. 3. Notify ISP. 4. Monitor failback.,Core switch uplink SFP module failure,22.1,Moderate
TKT-01224,Zoom/Teams video freezing during calls,Software Applications,Browser Issues,Critical,SEV1,In Progress,EMP10548,AGT-010,Sunita Joshi,AGT-010,Sunita Joshi,2024-08-20 22:36,1. Close Chrome tabs. 2. Pause OneDrive sync. 3. Set process priority to Above Normal.,Insufficient bandwidth; CPU overload; outdated driver,3.4,Moderate
TKT-01225,SAP GUI session disconnected – transaction rolled back,Software Applications,ERP / SAP,Critical,SEV1,Resolved,EMP10012,AGT-010,Sunita Joshi,AGT-010,Sunita Joshi,2025-03-24 06:11,1. Use SAP Web GUI: http://<host>:8000/sap/bc/gui/sap/its/webgui. 2. Report to Basis team.,Network timeout exceeding SAP session timeout; high WAN latency,0.6,Human-Escalate
TKT-01226,Disk I/O errors in application logs,Storage & Backup,RAID & Disk,Medium,SEV3,Resolved,EMP10393,AGT-006,Deepa Nair,AGT-006,Deepa Nair,2024-07-07 17:01,1. umount then fsck -f /dev/sdX1. 2. Fix errors. 3. Remount. 4. Monitor.,Disk nearing end of life; cable/controller issue; filesystem errors,23,Auto-Resolve
TKT-01227,RAID array showing degraded – one disk failed,Storage & Backup,RAID & Disk,Critical,SEV1,In Progress,EMP10104,AGT-019,Nikhil Tiwari,AGT-025,Suresh Das,2023-07-06 01:00,1. mdadm --detail /dev/md0. 2. mdadm /dev/md0 --add /dev/sdX. 3. Watch /proc/mdstat.,Single disk failure in RAID-5/6; SMART alert,0.7,Human-Escalate
TKT-01228,Windows Server services not starting after reboot,Cloud & Servers,Server OS,Low,SEV4,In Progress,EMP10087,AGT-009,Arjun Patel,AGT-009,Arjun Patel,2025-01-22 04:16,1. Process Monitor to capture failure. 2. Check ACCESS DENIED events on config/registry. 3. Fix ACL.,Service dependency not met; service account password expired,15.8,Auto-Resolve
TKT-01229,Application blocked by proxy – 'Access denied',Network,Firewall & Proxy,High,SEV2,Closed,EMP10383,AGT-001,Ravi Kumar,AGT-001,Ravi Kumar,2024-09-26 16:16,1. Admin: create custom URL category. 2. Add to bypass list for AD group. 3. Push policy update.,Proxy URL filter miscategorized site as Social Media,10,Moderate
TKT-01230,VPN connects but no internal resources accessible,Network,VPN Connectivity,Low,SEV4,Resolved,EMP10516,AGT-018,Divya Pillai,AGT-018,Divya Pillai,2023-04-17 15:47,1. Check VPN adapter DNS: ipconfig /all. 2. Set DNS to internal server. 3. Run ipconfig /flushdns. 4. Test nslookup.,Split tunneling disabled; DNS suffix mismatch,55.1,Auto-Resolve
TKT-01231,MFA prompt not received – cannot complete login,Security & Access,Multi-Factor Authentication,High,SEV2,Resolved,EMP10116,AGT-014,Lakshmi Rao,AGT-014,Lakshmi Rao,2023-08-08 08:28,1. Admin: Azure AD > Authentication methods > disable MFA temporarily. 2. User re-registers at aka.ms/mfasetup.,Authenticator app out of sync; phone number changed; MFA not registered,5.5,Moderate
TKT-01232,Cannot access internal websites – browser shows server not found,Network,DNS Issues,Critical,SEV1,Closed,EMP10345,AGT-018,Divya Pillai,AGT-018,Divya Pillai,2023-08-05 16:50,1. RDP to DNS server. 2. Restart DNS Server service. 3. Test nslookup. 4. ipconfig /flushdns on client.,Primary internal DNS server service crashed due to corrupted zone file,0.5,Human-Escalate
TKT-01233,Phishing email received – user clicked suspicious link,Security & Access,Security Incidents,Critical,SEV1,In Progress,EMP10134,AGT-022,Swathi Gowda,AGT-002,Priya Sharma,2023-12-15 06:52,1. Review Azure AD sign-in logs. 2. Block suspicious IPs in CA. 3. Check for malicious email forwarding rules.,Social engineering; credential-harvesting URL clicked,2.6,Human-Escalate
TKT-01234,Monitor no signal after sleep/hibernate,Hardware,Monitor Issues,Medium,SEV3,Escalated,EMP10590,AGT-011,Vijay Krishnan,AGT-011,Vijay Krishnan,2023-12-16 10:07,1. Disable hybrid sleep: Power Options > advanced. 2. Disable fast startup.,GPU not resuming signal; monitor standby not recovering,3.8,Moderate
TKT-01235,Intermittent packet loss – 15-30% ping loss to gateway,Network,Network Outage,Low,SEV4,Closed,EMP10015,AGT-013,Sanjay Gupta,AGT-013,Sanjay Gupta,2024-03-15 15:24,1. Run Wireshark on host. 2. Identify retransmission pattern. 3. Check CRC errors. 4. Replace cable.,Duplex mismatch between server NIC and switch port,4.3,Auto-Resolve
TKT-01236,Antivirus blocking legitimate application,Software Applications,Antivirus / Security Software,Medium,SEV3,In Progress,EMP10211,AGT-010,Sunita Joshi,AGT-010,Sunita Joshi,2025-02-07 00:14,1. Run application as administrator. 2. Check Windows Defender Firewall rules.,Heuristic false positive flagging application executable,20.6,Auto-Resolve
TKT-01237,Monitor no signal after sleep/hibernate,Hardware,Monitor Issues,Medium,SEV3,Resolved,EMP10150,AGT-017,Kiran Babu,AGT-017,Kiran Babu,2023-03-11 17:34,1. Update GPU driver. 2. Disable deep sleep for GPU in Device Manager.,GPU not resuming signal; monitor standby not recovering,22.9,Auto-Resolve
TKT-01238,Desktop PC not booting – stuck at BIOS logo,Hardware,Desktop Issues,High,SEV2,Resolved,EMP10415,AGT-017,Kiran Babu,AGT-017,Kiran Babu,2024-05-14 07:17,"1. Boot from Windows USB. 2. Startup Repair. 3. bootrec /fixmbr, /fixboot, /rebuildbcd. 4. Reboot.",Corrupted boot sector after incomplete update,5.8,Moderate
TKT-01239,PowerPoint not displaying correctly on projector,Software Applications,Microsoft Office,Low,SEV4,Pending,EMP10193,AGT-004,Sneha Reddy,AGT-004,Sneha Reddy,2024-06-10 00:42,1. Win+P > Duplicate. 2. Set both to 1920x1080. 3. Check projector input source.,Resolution mismatch; display scaling issues,63.1,Auto-Resolve
TKT-01240,User cannot login to web application – SSO not working,Security & Access,Password Reset,High,SEV2,Closed,EMP10239,AGT-008,Kavitha Menon,AGT-008,Kavitha Menon,2025-03-16 18:13,1. User: go to myapps.microsoft.com. 2. Launch app for fresh SAML assertion. 3. Check claims mapping.,SAML token expired or IdP metadata outdated,1.8,Auto-Resolve
TKT-01241,Phishing email received – user clicked suspicious link,Security & Access,Security Incidents,Critical,SEV1,Resolved,EMP10300,AGT-014,Lakshmi Rao,AGT-014,Lakshmi Rao,2024-07-29 01:32,1. Disconnect from network. 2. Change password from clean device. 3. Revoke sessions in Azure AD. 4. Enable MFA.,Social engineering; credential-harvesting URL clicked,0.9,Human-Escalate
TKT-01242,Complete network outage – entire floor offline,Network,Network Outage,Medium,SEV3,Resolved,EMP10010,AGT-001,Ravi Kumar,AGT-001,Ravi Kumar,2025-03-31 21:20,1. Reseat uplink cable. 2. Try alternate patch cable. 3. Move uplink to backup port. 4. Test.,Core switch uplink SFP module failure,11.4,Auto-Resolve
TKT-01243,Linux server disk 100% – applications failing,Cloud & Servers,Server OS,Critical,SEV1,Pending,EMP10144,AGT-021,Rajesh Nambiar,AGT-021,Rajesh Nambiar,2024-03-13 20:31,1. docker system prune -af. 2. pip cache purge. 3. rm -rf /tmp/*. 4. Verify df -h.,Log files or core dumps consuming all space,2.6,Human-Escalate
TKT-01244,VPN drops connection every 10-15 minutes intermittently,Network,VPN Connectivity,Low,SEV4,Resolved,EMP10318,AGT-001,Ravi Kumar,AGT-001,Ravi Kumar,2024-03-09 22:25,1. Check split tunneling on ASA. 2. Add subnets to exclusion list. 3. Re-push VPN profile. 4. Test.,DPD timeout mismatch between client and ASA firewall,9.6,Auto-Resolve
TKT-01245,IP address conflict – 'Another computer has same IP',Network,IP/DHCP,Medium,SEV3,Escalated,EMP10084,AGT-013,Sanjay Gupta,AGT-013,Sanjay Gupta,2024-03-06 17:28,1. ipconfig /release then /renew. 2. If static IP: change to DHCP. 3. Check DHCP for duplicate.,Static IP conflicts with DHCP pool; duplicate reservation,9,Auto-Resolve
TKT-01246,Desktop running very slowly,Hardware,Desktop Issues,High,SEV2,Resolved,EMP10578,AGT-005,Mohammed Ali,AGT-005,Mohammed Ali,2023-07-24 00:39,1. Run Disk Cleanup. 2. Defragment HDD. 3. chkdsk /f /r. 4. Consider SSD upgrade.,HDD fragmentation; startup bloatware; low RAM; malware,2.7,Moderate
TKT-01247,Windows Server services not starting after reboot,Cloud & Servers,Server OS,High,SEV2,Closed,EMP10305,AGT-003,Ankit Verma,AGT-003,Ankit Verma,2023-09-14 04:26,1. Event Viewer > System. 2. Check service account password expiry. 3. Update in service properties.,Service dependency not met; service account password expired,7.1,Moderate
TKT-01248,Database backup restore failed – cannot recover to point in time,Storage & Backup,Data Recovery,Low,SEV4,Resolved,EMP10288,AGT-006,Deepa Nair,AGT-006,Deepa Nair,2024-01-03 09:31,1. Azure SQL: Point-in-Time Restore from Portal. 2. Restore to new database. 3. Swap connection string.,Transaction log backup chain broken; LSN gap,41.5,Auto-Resolve
TKT-01249,Antivirus blocking legitimate application,Software Applications,Antivirus / Security Software,Low,SEV4,Pending,EMP10454,AGT-020,Asha Bhat,AGT-020,Asha Bhat,2024-07-28 02:13,1. Upload to VirusTotal.com to verify false positive. 2. Submit to AV vendor. 3. Exclude temporarily.,Heuristic false positive flagging application executable,53.5,Auto-Resolve
TKT-01250,Desktop running very slowly,Hardware,Desktop Issues,Low,SEV4,Closed,EMP10425,AGT-005,Mohammed Ali,AGT-005,Mohammed Ali,2025-02-13 20:42,1. Malwarebytes scan. 2. Windows Defender offline scan. 3. Remove threats. 4. Reboot.,HDD fragmentation; startup bloatware; low RAM; malware,30.9,Auto-Resolve
TKT-01251,Linux server disk 100% – applications failing,Cloud & Servers,Server OS,High,SEV2,Closed,EMP10162,AGT-009,Arjun Patel,AGT-009,Arjun Patel,2024-08-07 21:09,1. docker system prune -af. 2. pip cache purge. 3. rm -rf /tmp/*. 4. Verify df -h.,Log files or core dumps consuming all space,4.6,Moderate
TKT-01252,Azure VM not starting – allocation failure,Cloud & Servers,Azure,Low,SEV4,Resolved,EMP10587,AGT-009,Arjun Patel,AGT-009,Arjun Patel,2024-06-24 22:23,1. Deallocate: az vm deallocate. 2. Start: az vm start. 3. Retry allocation.,Azure region capacity constraint; VM size unavailable,9.3,Auto-Resolve
TKT-01253,Complete network outage – entire floor offline,Network,Network Outage,High,SEV2,In Progress,EMP10433,AGT-007,Rahul Singh,AGT-007,Rahul Singh,2023-05-18 19:35,1. Reseat uplink cable. 2. Try alternate patch cable. 3. Move uplink to backup port. 4. Test.,Core switch uplink SFP module failure,3.4,Moderate
TKT-01254,SAN storage performance degraded – high LUN latency,Storage & Backup,Storage Performance,Low,SEV4,In Progress,EMP10596,AGT-006,Deepa Nair,AGT-006,Deepa Nair,2025-01-20 00:44,1. Check HBA queue depth. 2. Increase to 128: edit modprobe.d config. 3. Reboot.,RAID rebuild consuming I/O; HBA queue depth too low,69.6,Auto-Resolve
TKT-01255,Zoom/Teams video freezing during calls,Software Applications,Browser Issues,High,SEV2,Closed,EMP10025,AGT-024,Nandini Kulkarni,AGT-024,Nandini Kulkarni,2023-07-26 23:10,1. Update Zoom/Teams. 2. Update webcam/audio drivers. 3. Lower noise cancellation.,Insufficient bandwidth; CPU overload; outdated driver,5.8,Moderate
TKT-01256,Antivirus blocking legitimate application,Software Applications,Antivirus / Security Software,Critical,SEV1,Resolved,EMP10329,AGT-024,Nandini Kulkarni,AGT-024,Nandini Kulkarni,2025-03-05 20:32,1. Run application as administrator. 2. Check Windows Defender Firewall rules.,Heuristic false positive flagging application executable,1.8,Human-Escalate
TKT-01257,USB device not recognized – 'Unknown device' in Device Manager,Hardware,USB/Peripheral,Medium,SEV3,Escalated,EMP10241,AGT-017,Kiran Babu,AGT-017,Kiran Babu,2024-12-24 11:51,1. sfc /scannow. 2. USB troubleshooter. 3. Test on another PC. 4. Reinstall USB chipset driver.,Corrupt USB driver; power management disabling port,19.6,Auto-Resolve
TKT-01258,Ransomware detected on workstation,Security & Access,Security Incidents,High,SEV2,Resolved,EMP10219,AGT-022,Swathi Gowda,AGT-022,Swathi Gowda,2023-01-20 20:45,1. Restore from Veeam backup to clean VM. 2. Validate data. 3. Re-provision workstation via Intune.,User ran malicious attachment; files encrypted on local and mapped drives,6.7,Auto-Resolve
TKT-01259,Unable to connect to Wi-Fi – 'Can't connect to this network',Network,Wi-Fi Issues,Low,SEV4,Resolved,EMP10096,AGT-013,Sanjay Gupta,AGT-013,Sanjay Gupta,2024-05-19 03:54,"1. Check if DHCP scope exhausted. 2. Admin: expand scope or reduce lease. 3. ipconfig /release, /renew.",Corrupted Wi-Fi profile in Windows,52.9,Auto-Resolve
TKT-01260,IP address conflict – 'Another computer has same IP',Network,IP/DHCP,High,SEV2,Resolved,EMP10490,AGT-018,Divya Pillai,AGT-018,Divya Pillai,2024-12-17 10:57,1. arp -a to find conflicting MAC. 2. Track via switch MAC table. 3. Change device to DHCP.,Static IP conflicts with DHCP pool; duplicate reservation,5.3,Auto-Resolve
TKT-01261,User receiving Access Denied on SharePoint site,Security & Access,Access Control,Critical,SEV1,Resolved,EMP10348,AGT-014,Lakshmi Rao,AGT-008,Kavitha Menon,2024-09-15 21:53,1. Check if external guest. 2. Add as internal member if employee.,User not in site members group; permissions inheritance broken,2.9,Human-Escalate
TKT-01262,Software license expired – trial expired message,Software Applications,Password & Licensing,Medium,SEV3,Resolved,EMP10061,AGT-020,Asha Bhat,AGT-020,Asha Bhat,2023-10-24 18:17,1. Reassign available license from another user in license console.,Annual license not renewed; license server unreachable,23,Auto-Resolve
TKT-01263,Laptop not turning on – no response on power button,Hardware,Laptop Issues,Low,SEV4,Closed,EMP10412,AGT-005,Mohammed Ali,AGT-005,Mohammed Ali,2024-09-04 21:45,1. Remove battery. 2. Connect AC only. 3. Hold power 30s. 4. Reinsert battery. 5. Power on.,Battery drained; power adapter fault; or BIOS hang,63.3,Auto-Resolve
TKT-01264,Azure Storage blob upload failing,Cloud & Servers,Azure,Low,SEV4,Closed,EMP10090,AGT-003,Ankit Verma,AGT-003,Ankit Verma,2023-10-19 21:44,1. Check ADLS Gen2 vs blob storage SDK. 2. Use correct SDK for the storage type.,Storage firewall blocking app IP; SAS token expired,50.3,Auto-Resolve
TKT-01265,VMware vMotion failing between ESXi hosts,Cloud & Servers,VMware,Medium,SEV3,Pending,EMP10150,AGT-015,Aditya Shah,AGT-015,Aditya Shah,2023-09-09 12:30,1. Check datastore accessibility from destination host. 2. Use Storage vMotion simultaneously.,Incompatible CPU feature sets; vMotion network not configured,17.8,Moderate
TKT-01266,RAID array showing degraded – one disk failed,Storage & Backup,RAID & Disk,Medium,SEV3,Resolved,EMP10560,AGT-025,Suresh Das,AGT-025,Suresh Das,2025-03-04 17:52,1. Identify failed disk via storage console. 2. Procure matching disk. 3. Hot-swap; rebuild starts.,Single disk failure in RAID-5/6; SMART alert,23.8,Moderate
TKT-01267,Disk I/O errors in application logs,Storage & Backup,RAID & Disk,High,SEV2,In Progress,EMP10103,AGT-025,Suresh Das,AGT-025,Suresh Das,2024-10-15 07:03,1. dmesg | grep -i error | grep sda. 2. Reseat SATA cable. 3. Try different SATA port.,Disk nearing end of life; cable/controller issue; filesystem errors,2.1,Auto-Resolve
TKT-01268,Wi-Fi disconnects frequently – signal strong but keeps dropping,Network,Wi-Fi Issues,Critical,SEV1,Closed,EMP10541,AGT-013,Sanjay Gupta,AGT-001,Ravi Kumar,2023-11-26 17:30,1. Forget and rejoin Wi-Fi. 2. Assign static IP. 3. Change DNS to 8.8.8.8. 4. Disable Bluetooth if interfering.,Wi-Fi channel congestion; band-steering misconfiguration,2.6,Human-Escalate
TKT-01269,Zoom/Teams video freezing during calls,Software Applications,Browser Issues,Medium,SEV3,Escalated,EMP10580,AGT-004,Sneha Reddy,AGT-004,Sneha Reddy,2024-08-11 09:44,1. Lower video to 360p. 2. Disable HD video. 3. Turn off virtual background.,Insufficient bandwidth; CPU overload; outdated driver,8.5,Auto-Resolve
TKT-01270,Unauthorized device on corporate network,Security & Access,Security Incidents,Critical,SEV1,In Progress,EMP10544,AGT-002,Priya Sharma,AGT-002,Priya Sharma,2024-02-10 09:47,1. Block device MAC on WLAN controller. 2. Change guest SSID password. 3. Audit connected devices.,Rogue device on open port; no 802.1X authentication,1.7,Human-Escalate
TKT-01271,Printer not printing – jobs stuck in queue,Hardware,Printer Issues,High,SEV2,Pending,EMP10275,AGT-023,Prakash Shetty,AGT-023,Prakash Shetty,2025-01-21 16:41,1. Remove and re-add printer. 2. Download latest driver. 3. Run printer troubleshooter. 4. Test page.,Print spooler service hung; corrupted print job blocking queue,4,Moderate
TKT-01272,VMware vMotion failing between ESXi hosts,Cloud & Servers,VMware,High,SEV2,Escalated,EMP10246,AGT-003,Ankit Verma,AGT-003,Ankit Verma,2024-06-14 19:32,1. Check vMotion bandwidth: min 1Gbps. 2. Verify no firewall blocking TCP 8000/902.,Incompatible CPU feature sets; vMotion network not configured,3.1,Moderate
TKT-01273,USB device not recognized – 'Unknown device' in Device Manager,Hardware,USB/Peripheral,High,SEV2,Closed,EMP10546,AGT-017,Kiran Babu,AGT-017,Kiran Babu,2024-09-22 04:50,1. sfc /scannow. 2. USB troubleshooter. 3. Test on another PC. 4. Reinstall USB chipset driver.,Corrupt USB driver; power management disabling port,3.3,Moderate
TKT-01274,Laptop not turning on – no response on power button,Hardware,Laptop Issues,Critical,SEV1,Resolved,EMP10551,AGT-011,Vijay Krishnan,AGT-023,Prakash Shetty,2023-11-27 22:46,1. Hard reset: hold power 15s. 2. Remove all peripherals. 3. Try power button again.,Battery drained; power adapter fault; or BIOS hang,2,Human-Escalate
TKT-01275,Windows Server services not starting after reboot,Cloud & Servers,Server OS,Critical,SEV1,Resolved,EMP10480,AGT-021,Rajesh Nambiar,AGT-003,Ankit Verma,2024-01-11 07:38,1. sc delete <ServiceName>. 2. Reinstall application to re-register service.,Service dependency not met; service account password expired,3,Human-Escalate
TKT-01276,Application blocked by proxy – 'Access denied',Network,Firewall & Proxy,High,SEV2,Closed,EMP10514,AGT-018,Divya Pillai,AGT-018,Divya Pillai,2024-01-10 12:14,1. Try HTTPS instead of HTTP. 2. Update proxy SSL inspection policy to trust cert.,Proxy URL filter miscategorized site as Social Media,10.8,Moderate
TKT-01277,NAS drive full – employees cannot save files,Storage & Backup,Storage Performance,Critical,SEV1,Resolved,EMP10134,AGT-012,Meera Iyer,AGT-012,Meera Iyer,2024-02-15 06:40,1. FSRM > Quota Management > create template. 2. Apply 5GB soft + 10GB hard quota.,Disk quota not enforced; stale files consuming space,1.6,Human-Escalate
TKT-01278,Backup job failed – Veeam error,Storage & Backup,Backup Failures,High,SEV2,Resolved,EMP10285,AGT-012,Meera Iyer,AGT-012,Meera Iyer,2024-08-24 06:11,1. Check Veeam Job > Statistics. 2. vssadmin list writers. 3. net stop vss && net start vss.,VSS snapshot failure; insufficient shadow storage; writer error,8.4,Moderate
TKT-01279,Backup taking too long – missing SLA window,Storage & Backup,Backup Failures,High,SEV2,Pending,EMP10257,AGT-012,Meera Iyer,AGT-012,Meera Iyer,2023-02-27 08:49,1. Reset CBT on VMs: uncheck in Veeam. 2. Run active full backup. 3. Re-enable CBT.,Backup chain grown too large; CBT corrupted on VM,5.3,Moderate
TKT-01280,Phishing email received – user clicked suspicious link,Security & Access,Security Incidents,Medium,SEV3,Closed,EMP10292,AGT-008,Kavitha Menon,AGT-008,Kavitha Menon,2025-02-04 13:00,1. Check email headers. 2. Block sender domain in EOP. 3. Delete from all mailboxes. 4. Report to security.,Social engineering; credential-harvesting URL clicked,9.9,Auto-Resolve
TKT-01281,RAID array showing degraded – one disk failed,Storage & Backup,RAID & Disk,Low,SEV4,Resolved,EMP10387,AGT-019,Nikhil Tiwari,AGT-019,Nikhil Tiwari,2023-04-03 22:21,1. smartctl -a /dev/sdX. 2. If reallocated sectors >100: plan immediate replacement.,Single disk failure in RAID-5/6; SMART alert,63.3,Auto-Resolve
TKT-01282,Application blocked by proxy – 'Access denied',Network,Firewall & Proxy,High,SEV2,Resolved,EMP10313,AGT-018,Divya Pillai,AGT-018,Divya Pillai,2023-05-16 11:18,1. Try HTTPS instead of HTTP. 2. Update proxy SSL inspection policy to trust cert.,Proxy URL filter miscategorized site as Social Media,3.6,Moderate
TKT-01283,Azure Storage blob upload failing,Cloud & Servers,Azure,Medium,SEV3,In Progress,EMP10148,AGT-015,Aditya Shah,AGT-015,Aditya Shah,2024-12-02 09:17,1. Managed Identity: assign Storage Blob Data Contributor role. 2. az role assignment create.,Storage firewall blocking app IP; SAS token expired,17.1,Auto-Resolve
TKT-01284,Phishing email received – user clicked suspicious link,Security & Access,Security Incidents,Medium,SEV3,Closed,EMP10127,AGT-014,Lakshmi Rao,AGT-014,Lakshmi Rao,2023-11-05 00:14,1. Check email headers. 2. Block sender domain in EOP. 3. Delete from all mailboxes. 4. Report to security.,Social engineering; credential-harvesting URL clicked,15.9,Auto-Resolve
TKT-01285,Windows Server services not starting after reboot,Cloud & Servers,Server OS,Critical,SEV1,Resolved,EMP10280,AGT-003,Ankit Verma,AGT-015,Aditya Shah,2024-04-20 19:18,1. Services.msc > failing service > Dependencies. 2. Start dependencies manually.,Service dependency not met; service account password expired,2.8,Human-Escalate
TKT-01286,Accidentally deleted important file,Storage & Backup,Data Recovery,High,SEV2,Resolved,EMP10586,AGT-006,Deepa Nair,AGT-006,Deepa Nair,2023-04-06 02:01,1. If local: Recuva or Disk Drill scan. 2. Do not write to disk before recovery.,File deleted from share; shadow copy not configured,5.8,Moderate
TKT-01287,Employee cannot access shared drive – Access denied,Security & Access,Access Control,Low,SEV4,Closed,EMP10178,AGT-014,Lakshmi Rao,AGT-014,Lakshmi Rao,2024-02-13 03:57,1. net use H: \\fileserver\users\username /persistent:yes. 2. Verify UNC path. 3. Re-map drive.,User removed from AD security group during access review,21.8,Auto-Resolve
TKT-01288,AWS S3 bucket access denied to application,Cloud & Servers,AWS,High,SEV2,Escalated,EMP10326,AGT-015,Aditya Shah,AGT-015,Aditya Shah,2023-10-26 08:54,1. Check S3 bucket policy. 2. If explicit Deny: add allow for IAM role ARN. 3. Test from EC2.,IAM role lacks s3:GetObject; bucket policy denies,4.5,Auto-Resolve
TKT-01289,Software license expired – trial expired message,Software Applications,Password & Licensing,Medium,SEV3,Closed,EMP10445,AGT-004,Sneha Reddy,AGT-004,Sneha Reddy,2023-12-16 05:13,1. Raise purchase request. 2. Borrow license from another department temporarily.,Annual license not renewed; license server unreachable,6.1,Moderate
TKT-01290,VPN drops connection every 10-15 minutes intermittently,Network,VPN Connectivity,High,SEV2,In Progress,EMP10378,AGT-018,Divya Pillai,AGT-018,Divya Pillai,2025-02-20 13:16,1. On ASA: increase DPD keepalive interval to 60s. 2. Increase DPD retry to 5. 3. Push config: write mem. 4. Monitor.,DPD timeout mismatch between client and ASA firewall,9.5,Auto-Resolve
TKT-01291,Desktop PC not booting – stuck at BIOS logo,Hardware,Desktop Issues,High,SEV2,Escalated,EMP10086,AGT-005,Mohammed Ali,AGT-005,Mohammed Ali,2024-04-23 04:39,1. Enter BIOS. 2. Verify boot order: SSD first. 3. If SSD not detected: reseat cable.,Corrupted boot sector after incomplete update,6.9,Auto-Resolve
TKT-01292,Wi-Fi disconnects frequently – signal strong but keeps dropping,Network,Wi-Fi Issues,Low,SEV4,Resolved,EMP10195,AGT-018,Divya Pillai,AGT-018,Divya Pillai,2023-04-20 20:44,1. On Cisco WLC: disable band-steering. 2. Set min RSSI -72dBm. 3. Enable 802.11r fast roaming.,Wi-Fi channel congestion; band-steering misconfiguration,28.4,Auto-Resolve
TKT-01293,NAS drive full – employees cannot save files,Storage & Backup,Storage Performance,High,SEV2,Resolved,EMP10081,AGT-006,Deepa Nair,AGT-006,Deepa Nair,2023-07-27 07:53,1. FSRM > Quota Management > create template. 2. Apply 5GB soft + 10GB hard quota.,Disk quota not enforced; stale files consuming space,7.8,Moderate
TKT-01294,Azure Storage blob upload failing,Cloud & Servers,Azure,Critical,SEV1,Closed,EMP10304,AGT-021,Rajesh Nambiar,AGT-021,Rajesh Nambiar,2023-07-12 05:54,1. Storage > Networking > Firewalls. 2. Add app server IP. 3. Retry.,Storage firewall blocking app IP; SAS token expired,1.6,Human-Escalate
TKT-01295,RAID array showing degraded – one disk failed,Storage & Backup,RAID & Disk,Low,SEV4,Closed,EMP10250,AGT-019,Nikhil Tiwari,AGT-019,Nikhil Tiwari,2024-11-06 16:33,1. Identify failed disk via storage console. 2. Procure matching disk. 3. Hot-swap; rebuild starts.,Single disk failure in RAID-5/6; SMART alert,34,Auto-Resolve
TKT-01296,ESXi host showing Not Responding in vCenter,Cloud & Servers,VMware,Critical,SEV1,Pending,EMP10510,AGT-015,Aditya Shah,AGT-015,Aditya Shah,2025-03-29 11:27,1. Access DCUI directly. 2. Ping management IP. 3. If unreachable: check physical console.,Management NIC down; DCUI locked; PSOD,3.6,Human-Escalate
TKT-01297,SAP GUI session disconnected – transaction rolled back,Software Applications,ERP / SAP,Critical,SEV1,Resolved,EMP10097,AGT-016,Pooja Mehta,AGT-024,Nandini Kulkarni,2023-11-22 13:11,1. Use SAP Web GUI: http://<host>:8000/sap/bc/gui/sap/its/webgui. 2. Report to Basis team.,Network timeout exceeding SAP session timeout; high WAN latency,1,Human-Escalate
TKT-01298,Complete network outage – entire floor offline,Network,Network Outage,Critical,SEV1,Resolved,EMP10168,AGT-001,Ravi Kumar,AGT-001,Ravi Kumar,2024-04-09 19:38,1. Failover to backup ISP. 2. Update BGP routing. 3. Notify ISP. 4. Monitor failback.,Core switch uplink SFP module failure,0.7,Human-Escalate
TKT-01299,MFA prompt not received – cannot complete login,Security & Access,Multi-Factor Authentication,Medium,SEV3,Closed,EMP10112,AGT-002,Priya Sharma,AGT-002,Priya Sharma,2024-06-23 13:33,1. Admin: provide backup code via alternate method. 2. User uses code. 3. Re-register authenticator.,Authenticator app out of sync; phone number changed; MFA not registered,6.6,Moderate
TKT-01300,User receiving Access Denied on SharePoint site,Security & Access,Access Control,Low,SEV4,Closed,EMP10556,AGT-008,Kavitha Menon,AGT-008,Kavitha Menon,2023-07-09 16:00,1. Admin: Site Settings > People and Groups. 2. Add user to Members group.,User not in site members group; permissions inheritance broken,9.4,Auto-Resolve
TKT-01301,SAN storage performance degraded – high LUN latency,Storage & Backup,Storage Performance,Critical,SEV1,Escalated,EMP10126,AGT-025,Suresh Das,AGT-025,Suresh Das,2023-05-10 10:55,1. Check I/O blender from VMs. 2. Separate OLTP to dedicated datastores. 3. Enable SIOC.,RAID rebuild consuming I/O; HBA queue depth too low,1,Moderate
TKT-01302,User cannot login to web application – SSO not working,Security & Access,Password Reset,Critical,SEV1,In Progress,EMP10126,AGT-022,Swathi Gowda,AGT-022,Swathi Gowda,2024-12-03 11:34,1. Admin: check IdP app assignment. 2. Verify user in assigned group. 3. Re-assign if missing.,SAML token expired or IdP metadata outdated,3.7,Human-Escalate
TKT-01303,Desktop running very slowly,Hardware,Desktop Issues,Medium,SEV3,Closed,EMP10496,AGT-017,Kiran Babu,AGT-017,Kiran Babu,2024-05-19 04:04,1. Malwarebytes scan. 2. Windows Defender offline scan. 3. Remove threats. 4. Reboot.,HDD fragmentation; startup bloatware; low RAM; malware,5.7,Auto-Resolve
TKT-01304,Laptop overheating – shuts down after 20-30 minutes,Hardware,Laptop Issues,High,SEV2,Closed,EMP10017,AGT-023,Prakash Shetty,AGT-023,Prakash Shetty,2024-05-15 12:04,1. Compressed air on vents. 2. Ensure on hard surface. 3. Check Task Manager. 4. Set Power Plan to Balanced.,Dust-clogged heat sink; dried thermal paste,9.7,Moderate
TKT-01305,ESXi host showing Not Responding in vCenter,Cloud & Servers,VMware,High,SEV2,Closed,EMP10256,AGT-009,Arjun Patel,AGT-009,Arjun Patel,2023-11-26 20:36,1. SSH to host: /etc/init.d/hostd restart && /etc/init.d/vpxa restart.,Management NIC down; DCUI locked; PSOD,11.7,Auto-Resolve
TKT-01306,New employee cannot access ERP on first day,Security & Access,Access Control,Low,SEV4,Resolved,EMP10576,AGT-002,Priya Sharma,AGT-002,Priya Sharma,2023-04-09 23:47,1. Check IGA workflow for stuck approval. 2. Notify manager to approve. 3. Trigger provisioning.,ERP provisioning not completed; role assignment pending,29.3,Auto-Resolve
TKT-01307,Monitor no signal after sleep/hibernate,Hardware,Monitor Issues,Medium,SEV3,Closed,EMP10560,AGT-023,Prakash Shetty,AGT-023,Prakash Shetty,2024-10-25 03:11,1. Disable hybrid sleep: Power Options > advanced. 2. Disable fast startup.,GPU not resuming signal; monitor standby not recovering,22.1,Auto-Resolve
TKT-01308,Browser pages loading slowly or not loading,Software Applications,Browser Issues,Low,SEV4,In Progress,EMP10467,AGT-016,Pooja Mehta,AGT-016,Pooja Mehta,2024-07-22 05:38,1. Uninstall and reinstall browser. 2. Reset settings to default.,Cache corruption; DNS issue; extension conflict,34.2,Auto-Resolve
TKT-01309,DNS resolution slow – 10-15 seconds to load pages,Network,DNS Issues,Low,SEV4,Pending,EMP10592,AGT-013,Sanjay Gupta,AGT-013,Sanjay Gupta,2024-07-17 17:46,1. Measure: Measure-Command {Resolve-DnsName google.com}. 2. If external slow: switch to anycast DNS.,DNS forwarders unresponsive causing timeout delay,31.5,Auto-Resolve
TKT-01310,Phishing email received – user clicked suspicious link,Security & Access,Security Incidents,Critical,SEV1,Pending,EMP10252,AGT-022,Swathi Gowda,AGT-022,Swathi Gowda,2023-08-19 05:40,1. Run EDR scan immediately. 2. Isolate if infected. 3. Reimage if compromised. 4. File incident report.,Social engineering; credential-harvesting URL clicked,1.2,Human-Escalate
TKT-01311,Wi-Fi disconnects frequently – signal strong but keeps dropping,Network,Wi-Fi Issues,Low,SEV4,Pending,EMP10320,AGT-013,Sanjay Gupta,AGT-013,Sanjay Gupta,2024-02-06 05:45,1. Use Wi-Fi Analyzer. 2. Change AP to least congested channel. 3. Set 20MHz width on 2.4GHz.,Wi-Fi channel congestion; band-steering misconfiguration,44.5,Auto-Resolve
TKT-01312,SAN storage performance degraded – high LUN latency,Storage & Backup,Storage Performance,Medium,SEV3,Closed,EMP10255,AGT-025,Suresh Das,AGT-025,Suresh Das,2024-04-05 07:09,1. Check array for rebuild status. 2. Move critical workloads to unaffected LUNs.,RAID rebuild consuming I/O; HBA queue depth too low,4.1,Auto-Resolve
TKT-01313,RAID array showing degraded – one disk failed,Storage & Backup,RAID & Disk,Critical,SEV1,In Progress,EMP10445,AGT-012,Meera Iyer,AGT-019,Nikhil Tiwari,2024-07-08 11:59,1. mdadm --detail /dev/md0. 2. mdadm /dev/md0 --add /dev/sdX. 3. Watch /proc/mdstat.,Single disk failure in RAID-5/6; SMART alert,0.6,Human-Escalate
TKT-01314,Disk I/O errors in application logs,Storage & Backup,RAID & Disk,High,SEV2,Closed,EMP10207,AGT-025,Suresh Das,AGT-025,Suresh Das,2023-09-08 13:11,1. dmesg | grep -i error | grep sda. 2. Reseat SATA cable. 3. Try different SATA port.,Disk nearing end of life; cable/controller issue; filesystem errors,7.7,Moderate
TKT-01315,Antivirus blocking legitimate application,Software Applications,Antivirus / Security Software,Low,SEV4,Resolved,EMP10366,AGT-024,Nandini Kulkarni,AGT-024,Nandini Kulkarni,2025-03-21 20:31,1. Disable real-time protection temporarily. 2. Launch app. 3. Add executable to whitelist.,Heuristic false positive flagging application executable,48.1,Auto-Resolve
TKT-01316,Desktop running very slowly,Hardware,Desktop Issues,Low,SEV4,In Progress,EMP10117,AGT-011,Vijay Krishnan,AGT-011,Vijay Krishnan,2024-09-28 08:56,1. Malwarebytes scan. 2. Windows Defender offline scan. 3. Remove threats. 4. Reboot.,HDD fragmentation; startup bloatware; low RAM; malware,53.8,Auto-Resolve
TKT-01317,Cannot connect to corporate VPN – authentication failure after Windows update,Network,VPN Connectivity,Critical,SEV1,Resolved,EMP10559,AGT-001,Ravi Kumar,AGT-001,Ravi Kumar,2023-01-26 23:17,1. Uninstall KB5034441 via Settings > Windows Update > Update History > Uninstall updates. 2. Reboot. 3. Reconnect VPN.,Windows update KB5034441 broke WAN Miniport driver compatibility with Cisco AnyConnect,1.4,Moderate
TKT-01318,Azure Storage blob upload failing,Cloud & Servers,Azure,Critical,SEV1,Closed,EMP10255,AGT-015,Aditya Shah,AGT-015,Aditya Shah,2023-10-30 23:03,1. Regenerate SAS token with longer expiry. 2. Update app config. 3. Verify permissions.,Storage firewall blocking app IP; SAS token expired,3.1,Moderate
TKT-01319,Monitor no signal after sleep/hibernate,Hardware,Monitor Issues,Medium,SEV3,Closed,EMP10198,AGT-005,Mohammed Ali,AGT-005,Mohammed Ali,2023-12-27 22:29,1. Press key or mouse. 2. Press monitor power. 3. Check display cable. 4. Switch monitor input.,GPU not resuming signal; monitor standby not recovering,8,Auto-Resolve
TKT-01320,Complete network outage – entire floor offline,Network,Network Outage,High,SEV2,In Progress,EMP10430,AGT-018,Divya Pillai,AGT-018,Divya Pillai,2024-04-20 04:59,1. Log into switch management IP. 2. show log for errors. 3. Power-cycle switch (maintenance). 4. Verify uplink.,Core switch uplink SFP module failure,2.1,Moderate
TKT-01321,USB device not recognized – 'Unknown device' in Device Manager,Hardware,USB/Peripheral,Critical,SEV1,Resolved,EMP10418,AGT-023,Prakash Shetty,AGT-023,Prakash Shetty,2024-10-26 15:46,1. Uninstall Unknown Device. 2. Scan for hardware changes. 3. Try different USB port.,Corrupt USB driver; power management disabling port,0.9,Human-Escalate
TKT-01322,Printer shows offline though powered on,Hardware,Printer Issues,Critical,SEV1,Closed,EMP10436,AGT-017,Kiran Babu,AGT-023,Prakash Shetty,2023-04-06 09:14,1. Remove and reinstall via UNC path: \\printserver\printername. 2. Check print server sharing.,TCP/IP port IP mismatch after DHCP lease change,1.9,Human-Escalate
TKT-01323,Windows Server services not starting after reboot,Cloud & Servers,Server OS,Low,SEV4,Pending,EMP10503,AGT-015,Aditya Shah,AGT-015,Aditya Shah,2024-07-29 03:16,1. Services.msc > failing service > Dependencies. 2. Start dependencies manually.,Service dependency not met; service account password expired,56.7,Auto-Resolve
TKT-01324,User receiving Access Denied on SharePoint site,Security & Access,Access Control,Critical,SEV1,Escalated,EMP10136,AGT-014,Lakshmi Rao,AGT-014,Lakshmi Rao,2023-09-17 16:39,1. Admin: Site Settings > People and Groups. 2. Add user to Members group.,User not in site members group; permissions inheritance broken,1.8,Moderate
TKT-01325,ESXi host showing Not Responding in vCenter,Cloud & Servers,VMware,High,SEV2,Resolved,EMP10197,AGT-009,Arjun Patel,AGT-009,Arjun Patel,2024-06-01 18:04,1. SSH to host: /etc/init.d/hostd restart && /etc/init.d/vpxa restart.,Management NIC down; DCUI locked; PSOD,2.1,Auto-Resolve
TKT-01326,Monitor no signal after sleep/hibernate,Hardware,Monitor Issues,Medium,SEV3,Pending,EMP10340,AGT-005,Mohammed Ali,AGT-005,Mohammed Ali,2023-03-18 00:04,1. Press key or mouse. 2. Press monitor power. 3. Check display cable. 4. Switch monitor input.,GPU not resuming signal; monitor standby not recovering,6.4,Auto-Resolve
TKT-01327,Monitor no signal after sleep/hibernate,Hardware,Monitor Issues,Medium,SEV3,Closed,EMP10304,AGT-011,Vijay Krishnan,AGT-011,Vijay Krishnan,2025-01-11 18:48,1. Disable hybrid sleep: Power Options > advanced. 2. Disable fast startup.,GPU not resuming signal; monitor standby not recovering,13.5,Auto-Resolve
TKT-01328,AWS Lambda function timing out,Cloud & Servers,AWS,High,SEV2,Pending,EMP10585,AGT-015,Aditya Shah,AGT-015,Aditya Shah,2024-06-30 07:19,1. Enable X-Ray tracing. 2. Identify slowest segment. 3. Initialize SDK outside handler.,Function exceeds timeout; downstream service latency,11.6,Moderate
TKT-01329,Software license expired – trial expired message,Software Applications,Password & Licensing,High,SEV2,Pending,EMP10350,AGT-004,Sneha Reddy,AGT-004,Sneha Reddy,2024-11-07 14:19,1. Raise purchase request. 2. Borrow license from another department temporarily.,Annual license not renewed; license server unreachable,10,Moderate
TKT-01330,Complete network outage – entire floor offline,Network,Network Outage,Low,SEV4,Closed,EMP10476,AGT-013,Sanjay Gupta,AGT-013,Sanjay Gupta,2024-06-04 16:24,1. Log into switch management IP. 2. show log for errors. 3. Power-cycle switch (maintenance). 4. Verify uplink.,Core switch uplink SFP module failure,68.6,Auto-Resolve
TKT-01331,PowerPoint not displaying correctly on projector,Software Applications,Microsoft Office,High,SEV2,Resolved,EMP10587,AGT-010,Sunita Joshi,AGT-010,Sunita Joshi,2023-04-21 03:00,1. Lower resolution to match projector native. 2. Set 60Hz. 3. Try VGA instead of HDMI.,Resolution mismatch; display scaling issues,7.5,Auto-Resolve
TKT-01332,Monitor no signal after sleep/hibernate,Hardware,Monitor Issues,Low,SEV4,Closed,EMP10131,AGT-017,Kiran Babu,AGT-017,Kiran Babu,2025-01-07 06:40,1. Update GPU driver. 2. Disable deep sleep for GPU in Device Manager.,GPU not resuming signal; monitor standby not recovering,28.4,Auto-Resolve
TKT-01333,Unauthorized device on corporate network,Security & Access,Security Incidents,High,SEV2,Resolved,EMP10389,AGT-022,Swathi Gowda,AGT-022,Swathi Gowda,2023-11-04 21:52,1. Enable 802.1X on switches. 2. Configure RADIUS to reject uncertified devices.,Rogue device on open port; no 802.1X authentication,10.3,Moderate
TKT-01334,Desktop PC not booting – stuck at BIOS logo,Hardware,Desktop Issues,Low,SEV4,Escalated,EMP10466,AGT-011,Vijay Krishnan,AGT-011,Vijay Krishnan,2023-05-19 14:11,1. Boot to safe mode. 2. Uninstall recent Windows update. 3. Run startup repair.,Corrupted boot sector after incomplete update,7.4,Auto-Resolve
TKT-01335,User cannot login to web application – SSO not working,Security & Access,Password Reset,High,SEV2,Resolved,EMP10293,AGT-002,Priya Sharma,AGT-002,Priya Sharma,2024-08-03 18:37,1. Admin: check IdP app assignment. 2. Verify user in assigned group. 3. Re-assign if missing.,SAML token expired or IdP metadata outdated,9.3,Moderate
TKT-01336,Software license expired – trial expired message,Software Applications,Password & Licensing,Low,SEV4,Pending,EMP10290,AGT-010,Sunita Joshi,AGT-010,Sunita Joshi,2023-10-23 02:51,1. Reassign available license from another user in license console.,Annual license not renewed; license server unreachable,24,Auto-Resolve
TKT-01337,VPN drops connection every 10-15 minutes intermittently,Network,VPN Connectivity,Medium,SEV3,Pending,EMP10388,AGT-001,Ravi Kumar,AGT-001,Ravi Kumar,2024-09-10 08:51,"1. In AnyConnect preferences, disable 'Local LAN Access'. 2. Set MTU to 1350. 3. Test over 30 minutes.",DPD timeout mismatch between client and ASA firewall,3,Moderate
TKT-01338,SAP GUI session disconnected – transaction rolled back,Software Applications,ERP / SAP,Low,SEV4,Escalated,EMP10521,AGT-024,Nandini Kulkarni,AGT-024,Nandini Kulkarni,2024-04-28 07:29,1. SAP GUI: Extras > Options > Network > adjust speed. 2. Enable compression.,Network timeout exceeding SAP session timeout; high WAN latency,41.5,Auto-Resolve
TKT-01339,Outlook not receiving new emails – inbox stuck,Software Applications,Microsoft Office,Critical,SEV1,Resolved,EMP10440,AGT-016,Pooja Mehta,AGT-024,Nandini Kulkarni,2024-01-16 21:57,1. F9 to force send/receive. 2. Check account settings: File > Account Settings.,Exchange Online throttled; Outlook profile corrupted; OST file too large,2.8,Human-Escalate
TKT-01340,Azure AD Conditional Access blocking user login,Cloud & Servers,Azure,Low,SEV4,Closed,EMP10069,AGT-003,Ankit Verma,AGT-003,Ankit Verma,2023-06-21 07:01,1. Check if user in correct CA scope. 2. Check Named Locations – add new office IP.,Device not compliant in Intune; policy requires compliant device,58.9,Auto-Resolve
TKT-01341,Azure Storage blob upload failing,Cloud & Servers,Azure,High,SEV2,Resolved,EMP10070,AGT-015,Aditya Shah,AGT-015,Aditya Shah,2024-08-07 13:11,1. Regenerate SAS token with longer expiry. 2. Update app config. 3. Verify permissions.,Storage firewall blocking app IP; SAS token expired,8.3,Auto-Resolve
TKT-01342,Database backup restore failed – cannot recover to point in time,Storage & Backup,Data Recovery,Low,SEV4,Resolved,EMP10570,AGT-025,Suresh Das,AGT-025,Suresh Das,2024-04-18 00:28,1. RESTORE HEADERONLY to check LSN info. 2. Identify gap. 3. Restore to last viable point.,Transaction log backup chain broken; LSN gap,4.6,Auto-Resolve
TKT-01343,Monitor no signal after sleep/hibernate,Hardware,Monitor Issues,High,SEV2,Closed,EMP10167,AGT-017,Kiran Babu,AGT-017,Kiran Babu,2024-08-06 15:46,1. Update GPU driver. 2. Disable deep sleep for GPU in Device Manager.,GPU not resuming signal; monitor standby not recovering,3,Moderate
TKT-01344,Ransomware detected on workstation,Security & Access,Security Incidents,Low,SEV4,In Progress,EMP10101,AGT-008,Kavitha Menon,AGT-008,Kavitha Menon,2023-06-10 05:25,1. Block C2 IPs at firewall. 2. Check lateral movement via SMB. 3. Reset all affected credentials.,User ran malicious attachment; files encrypted on local and mapped drives,23.6,Auto-Resolve
TKT-01345,Database backup restore failed – cannot recover to point in time,Storage & Backup,Data Recovery,Low,SEV4,Resolved,EMP10378,AGT-019,Nikhil Tiwari,AGT-019,Nikhil Tiwari,2023-03-19 20:50,1. Azure SQL: Point-in-Time Restore from Portal. 2. Restore to new database. 3. Swap connection string.,Transaction log backup chain broken; LSN gap,63.8,Auto-Resolve
TKT-01346,Intermittent packet loss – 15-30% ping loss to gateway,Network,Network Outage,Critical,SEV1,Closed,EMP10581,AGT-001,Ravi Kumar,AGT-001,Ravi Kumar,2023-04-25 11:56,1. Replace patch cable. 2. Test with known-good cable. 3. ping -t -l 1472 <gateway>. 4. Disable jumbo frames if needed.,Duplex mismatch between server NIC and switch port,3.9,Human-Escalate
TKT-01347,ESXi host showing Not Responding in vCenter,Cloud & Servers,VMware,High,SEV2,Resolved,EMP10447,AGT-003,Ankit Verma,AGT-003,Ankit Verma,2023-06-16 19:30,1. Access DCUI directly. 2. Ping management IP. 3. If unreachable: check physical console.,Management NIC down; DCUI locked; PSOD,11.4,Moderate
TKT-01348,AWS EC2 instance not reachable – SSH/RDP refused,Cloud & Servers,AWS,Low,SEV4,Resolved,EMP10330,AGT-009,Arjun Patel,AGT-009,Arjun Patel,2024-04-18 18:35,1. Verify instance Running. 2. Start if stopped. 3. Add SG inbound rule for SSH/RDP from your IP.,Security group missing inbound rule; instance stopped unexpectedly,68.9,Auto-Resolve
TKT-01349,Windows Server services not starting after reboot,Cloud & Servers,Server OS,Medium,SEV3,Closed,EMP10179,AGT-009,Arjun Patel,AGT-009,Arjun Patel,2024-11-14 11:45,1. sc delete <ServiceName>. 2. Reinstall application to re-register service.,Service dependency not met; service account password expired,3.4,Auto-Resolve
TKT-01350,AWS EC2 instance not reachable – SSH/RDP refused,Cloud & Servers,AWS,Low,SEV4,In Progress,EMP10517,AGT-003,Ankit Verma,AGT-003,Ankit Verma,2024-05-28 04:03,1. Check System Log: EC2 > Monitor > Get System Log. 2. Look for kernel panic or OOM. 3. Upgrade instance.,Security group missing inbound rule; instance stopped unexpectedly,34.6,Auto-Resolve
