TicketID,EmployeeID,EmployeeName,Category,Issue,Resolution,Status,CreatedDate,ResolvedDate,AssignedTo,Description
1,611637,Olivia Johnson,Requests,Access request for shared folder,Notify user,Escalated,07-04-2025,07-04-2025,Jacob Green,Access request for shared folder reported by user.
2,978705,Melissa Ross,Performance,Computer overheating,Check for malware,Resolved,09-08-2024,12-09-2024,Monica James,Computer overheating reported by user.
3,848736,Rebecca Bryant,Hardware,Battery draining fast,Check for malware,Escalated,24-12-2024,24-12-2024,Zachary Ramirez,Battery draining fast reported by user.
4,486791,Rita Stafford,Requests,Request new software license,Verify system requirements,Pending,29-04-2025,29-04-2025,Sara Madden,Request new software license reported by user.
5,891734,Amanda Roberts,Configuration,New printer installation,Install driver software,Pending,30-05-2025,30-05-2025,Jessica Sanchez,New printer installation reported by user.
6,159139,Micheal Lewis,Performance,Computer overheating,Check for blocked airflow,Resolved,22-10-2025,16-01-2026,Dr. James Holland,Computer overheating reported by user.
7,855197,Benjamin Stokes,Requests,Hardware request,Assign hardware from inventory,Resolved,10-02-2026,15-02-2026,Calvin Clark,Hardware request reported by user.
8,663316,Alec Orr,Configuration,New printer installation,Test print,Resolved,15-05-2024,27-04-2025,Donald Miller,New printer installation reported by user.
9,177930,Lori Perez,Requests,Software installation,Check compatibility,Pending,23-02-2026,23-02-2026,Christopher Roberts,Software installation reported by user.
10,149073,Amanda Phillips,Performance,Slow login times,Clear cached credentials,Escalated,17-02-2026,17-02-2026,Cory Edwards,Slow login times reported by user.
11,780315,Todd Perez,Network,Wi-Fi slow,Move closer to access point,Pending,16-02-2025,16-02-2025,Emily Mccoy,Wi-Fi slow reported by user.
12,276771,Alicia Grimes,Performance,Computer overheating,Update BIOS/firmware,Pending,01-04-2024,01-04-2024,David Price,Computer overheating reported by user.
13,81774,Francis Lopez,Storage,Low disk space,Use disk cleanup utility,Resolved,14-08-2024,19-06-2025,David Hunt,Low disk space reported by user.
14,425161,Benjamin Dickson,Incident,Server outage,Escalate to admin if needed,Pending,07-04-2025,07-04-2025,Luis Kennedy,Server outage reported by user.
15,61258,Heather Gonzalez,Hardware,Keyboard not working,Clean keyboard from dust,Resolved,26-07-2024,15-02-2026,Jason Graves PhD,Keyboard not working reported by user.
16,246737,Jay Evans,Requests,Request new monitor,Deliver and test monitor,Pending,10-02-2026,10-02-2026,Connor Castro,Request new monitor reported by user.
17,163800,Shirley Morse,Configuration,Printer setup,Verify permissions,Pending,05-11-2025,05-11-2025,Carla Perez,Printer setup reported by user.
18,956482,David Carter,Storage,Shared folder access denied,Check group policies,Escalated,13-01-2025,13-01-2025,Jessica Jones,Shared folder access denied reported by user.
19,585468,Hannah Dennis,Storage,Cannot access shared drive,Map network drive again,Pending,07-11-2025,07-11-2025,Jennifer Dixon,Cannot access shared drive reported by user.
20,306224,Robert Reese,Requests,Request new software license,Approve request,Escalated,24-08-2025,24-08-2025,Veronica Larson,Request new software license reported by user.
21,397483,Adam Cannon,Storage,Cannot access shared drive,Check firewall settings,Pending,28-03-2025,28-03-2025,Roberta Sparks,Cannot access shared drive reported by user.
22,622865,Daniel Rangel,Configuration,New device setup,Test device connectivity,Pending,14-09-2025,14-09-2025,Justin Reed,New device setup reported by user.
23,732959,Kristen Mcintyre,Network,Mouse not responding,Test with another mouse,Resolved,28-04-2024,03-07-2024,Marcia Green,Mouse not responding reported by user.
24,963554,Mary Whitehead,Requests,Access request for shared folder,Verify permissions,Escalated,13-05-2025,13-05-2025,Jasmine Williams,Access request for shared folder reported by user.
25,477626,James Graham,Requests,Access request for shared folder,Verify permissions,Pending,29-01-2026,29-01-2026,Alison Daniels,Access request for shared folder reported by user.
26,206738,Jacob Hunt,Hardware,Cannot connect to Wi-Fi network,Disable VPN temporarily,Escalated,13-03-2024,13-03-2024,Jennifer Anderson,Cannot connect to Wi-Fi network reported by user.
27,142794,Pamela Singleton,Requests,Access request for shared folder,Document request,Escalated,06-05-2024,06-05-2024,Bianca Hall,Access request for shared folder reported by user.
28,458750,Michael Henson,Storage,Backup failed,Update backup software,Resolved,21-07-2025,30-12-2025,Karen Clark,Backup failed reported by user.
29,28899,Steven Green,Service,Software update failed,Restart update service,Pending,03-02-2025,03-02-2025,Michael Young,Software update failed reported by user.
30,824175,Regina Moore,Service,Software update failed,Restart update service,Resolved,05-12-2025,10-12-2025,Seth Boone,Software update failed reported by user.
31,487986,Stephen Garcia,Incident,Power outage,Resume work once power restored,Pending,29-07-2025,29-07-2025,Andrew Johnson,Power outage reported by user.
32,95841,Joseph Carter,Security,Account locked,Verify MFA settings,Escalated,15-10-2024,15-10-2024,Shawn Page,Account locked reported by user.
33,994599,Elaine Weaver,Performance,Computer running slow,Defragment disk,Escalated,17-01-2026,17-01-2026,Wesley Woods,Computer running slow reported by user.
34,364211,Hannah Richardson,Storage,Backup failed,Check network connection,Escalated,23-08-2024,23-08-2024,Michael Ferguson,Backup failed reported by user.
35,111794,Matthew Gross,Service,Cannot access email from mobile,Verify credentials,Pending,23-07-2024,23-07-2024,Leslie Moody,Cannot access email from mobile reported by user.
36,680618,Sharon Thornton,Incident,Power outage,Log incident,Escalated,01-07-2025,01-07-2025,Rebecca Wood,Power outage reported by user.
37,657756,Kristina Kaiser,Performance,High CPU usage,Close unnecessary apps,Escalated,07-11-2025,07-11-2025,George Williams,High CPU usage reported by user.
38,470769,Nicholas Davila,Configuration,Wi-Fi setup for new office,Test signal coverage,Escalated,11-01-2026,11-01-2026,Aaron Brown,Wi-Fi setup for new office reported by user.
39,928649,Ronald Lee,Configuration,Email client configuration,Verify credentials,Escalated,08-09-2025,08-09-2025,Gloria Griffith,Email client configuration reported by user.
40,733401,Sydney Nunez DDS,Hardware,Ethernet cable not detected,Restart network adapter,Pending,17-05-2025,17-05-2025,Margaret Fleming,Ethernet cable not detected reported by user.
41,855790,April Rodriguez,Configuration,Wi-Fi setup for new office,Enable security protocols,Resolved,19-10-2025,29-10-2025,Danielle Simmons,Wi-Fi setup for new office reported by user.
42,105953,Evan Horn,Configuration,Email client configuration,Verify credentials,Pending,16-09-2024,16-09-2024,James Wood,Email client configuration reported by user.
43,617830,Lori Harris,Security,Phishing email reported,Quarantine email,Pending,08-01-2026,08-01-2026,Abigail Stephens,Phishing email reported reported by user.
44,227228,Duane Sullivan,Requests,Software installation,Verify license activation,Escalated,29-06-2025,29-06-2025,Melissa Duran,Software installation reported by user.
45,104900,Christy Hampton,Service,Email not syncing,Clear cache and cookies,Resolved,31-10-2025,06-01-2026,Anna Bradley,Email not syncing reported by user.
46,989895,Sherri Lopez,Network,IP conflict,Check for duplicate device IPs,Pending,31-07-2024,31-07-2024,Valerie Hughes,IP conflict reported by user.
47,386581,Hannah Frederick,Hardware,Monitor flickering,Check HDMI/Display cable,Escalated,30-12-2025,30-12-2025,Barbara Robinson,Monitor flickering reported by user.
48,689510,Timothy Lynn,Configuration,Printer setup,Verify permissions,Pending,01-12-2024,01-12-2024,Justin Hall,Printer setup reported by user.
49,570842,Christopher Wood,Security,Suspicious login,Force password reset,Escalated,11-11-2025,11-11-2025,Robert White,Suspicious login reported by user.
50,968417,Melissa Thompson,Incident,Power outage,Check equipment after restart,Pending,09-05-2025,09-05-2025,Stacey West,Power outage reported by user.
51,117819,Richard Riggs,Storage,Shared folder access denied,Contact folder owner,Escalated,06-07-2025,06-07-2025,Kaylee Baldwin,Shared folder access denied reported by user.
52,784762,Paul Parks,Security,User account compromised,Escalate to security team,Escalated,09-10-2024,09-10-2024,Angela Jackson,User account compromised reported by user.
53,22596,Summer Long,Network,Scanner not working,Reinstall scanner software,Resolved,18-03-2025,17-08-2025,Mr. Matthew Steele Jr.,Scanner not working reported by user.
54,660466,John Nguyen,Storage,Backup not completing,Check network connection,Escalated,30-08-2024,30-08-2024,Christopher Schmidt,Backup not completing reported by user.
55,362627,Kimberly Reyes,Hardware,Frequent network dropouts,Change Wi-Fi channel,Pending,27-09-2024,27-09-2024,Chris Hendricks,Frequent network dropouts reported by user.
56,150101,Jimmy Payne,Service,Internal web portal not opening,Restart computer,Resolved,28-11-2025,04-12-2025,Christopher Wong,Internal web portal not opening reported by user.
57,123385,Mrs. Ariana Campbell,Requests,Request new software license,Check compliance,Pending,03-09-2025,03-09-2025,Sue Evans,Request new software license reported by user.
58,59446,Kim Boyd,Configuration,Wi-Fi setup for new office,Configure router SSID and password,Escalated,14-01-2025,14-01-2025,Joseph Brooks,Wi-Fi setup for new office reported by user.
59,329594,Nathaniel Chavez,Service,Cloud service down,Restart application,Escalated,13-03-2025,13-03-2025,Regina Sanders,Cloud service down reported by user.
60,815862,Duane Andersen,Incident,Power outage,Verify safety protocols,Pending,09-04-2024,09-04-2024,Julie Miller,Power outage reported by user.
61,616504,Nicole Roberts,Security,Phishing email reported,Report to security compliance,Escalated,22-02-2026,22-02-2026,Heather Woods,Phishing email reported reported by user.
62,224462,Joshua Garcia,Performance,Slow internet speed,Switch to wired connection,Escalated,25-06-2024,25-06-2024,Kevin Montoya,Slow internet speed reported by user.
63,414512,David Garcia,Configuration,Wi-Fi setup for new office,Configure router SSID and password,Escalated,09-01-2025,09-01-2025,David Gross,Wi-Fi setup for new office reported by user.
64,736667,Jennifer Chung,Network,IP conflict,Check for duplicate device IPs,Pending,22-04-2024,22-04-2024,Brittany Pruitt,IP conflict reported by user.
65,827867,Jennifer Brooks,Hardware,Keyboard not working,Update keyboard driver,Resolved,16-08-2025,16-09-2025,Christopher Phillips,Keyboard not working reported by user.
66,693735,Daniel Jarvis,Security,Suspicious login,Notify user,Resolved,20-10-2025,03-02-2026,Katie Brown,Suspicious login reported by user.
67,127557,Amy Wilson,Network,DNS not resolving,Verify IP configuration,Escalated,27-08-2025,27-08-2025,Tracy Wilson,DNS not resolving reported by user.
68,896511,Dr. Christian Conway,Incident,Server outage,Notify IT team,Pending,05-03-2024,05-03-2024,Kevin Young,Server outage reported by user.
69,376112,Sierra Herman,Performance,Application freezing,Run malware scan,Escalated,09-10-2024,09-10-2024,Megan Schmidt,Application freezing reported by user.
70,128752,Jennifer Wright PhD,Requests,Request new monitor,Notify user,Pending,31-08-2025,31-08-2025,Laurie Terry,Request new monitor reported by user.
71,81748,Jamie Silva,Performance,Slow internet speed,Check for interference,Pending,25-12-2025,25-12-2025,Mrs. Tina Mcdaniel,Slow internet speed reported by user.
72,78478,Stephanie Patel,Storage,Cannot access shared drive,Check firewall settings,Pending,25-12-2025,25-12-2025,Blake Smith,Cannot access shared drive reported by user.
73,619599,Matthew Blackburn,Hardware,Keyboard not working,Restart computer,Resolved,10-03-2025,27-05-2025,John Perkins,Keyboard not working reported by user.
74,238044,Holly Johnson,Hardware,Cannot connect to Wi-Fi network,Check for MAC address filtering,Pending,22-09-2025,22-09-2025,Deborah Caldwell,Cannot connect to Wi-Fi network reported by user.
75,5134,Colin Roach,Incident,Printer malfunction in office,Check printer connection,Escalated,07-07-2025,07-07-2025,Amanda Weaver,Printer malfunction in office reported by user.
76,66884,Lauren Evans,Performance,Slow internet speed,Switch to wired connection,Pending,10-06-2024,10-06-2024,Jennifer Patterson,Slow internet speed reported by user.
77,995105,Tony Baker,Security,Suspicious login,Check for malware on device,Escalated,09-07-2025,09-07-2025,Janice Mann,Suspicious login reported by user.
78,565743,Charles Hunter,Performance,Computer running slow,Upgrade RAM,Pending,28-12-2024,28-12-2024,Kevin Peterson,Computer running slow reported by user.
79,624141,Heather Fowler,Network,Wi-Fi slow,Restart router,Pending,17-10-2024,17-10-2024,Gregory Mckinney,Wi-Fi slow reported by user.
80,686322,Austin Thomas,Incident,Power outage,Use UPS,Resolved,16-10-2025,30-12-2025,Stephanie Allen,Power outage reported by user.
81,261501,Kevin Chang,Service,Email not syncing,Clear cache and cookies,Escalated,09-05-2024,09-05-2024,Joshua Jones,Email not syncing reported by user.
82,570074,Katherine Hoffman,Performance,High CPU usage,Adjust performance settings,Pending,11-02-2026,11-02-2026,Joshua Jenkins,High CPU usage reported by user.
83,937339,Krista Williams,Security,User account compromised,Review login history,Escalated,28-06-2024,28-06-2024,Samantha Garcia MD,User account compromised reported by user.
84,527598,Jeremy Gutierrez,Hardware,Ethernet cable not detected,Check NIC settings,Escalated,18-07-2024,18-07-2024,Terry Thomas,Ethernet cable not detected reported by user.
85,853768,Carol Sosa,Security,Phishing email reported,Scan system for malware,Pending,22-11-2025,22-11-2025,Brittany Hart,Phishing email reported reported by user.
86,154831,Tyler Reed,Security,Unauthorized USB device,Restrict future device access,Resolved,27-07-2025,04-12-2025,Jenny Benson,Unauthorized USB device reported by user.
87,423681,Kathy Johnson,Configuration,Printer setup,Install printer driver,Escalated,29-11-2024,29-11-2024,Abigail Harris,Printer setup reported by user.
88,23167,Lisa Clark,Incident,Power outage,Resume work once power restored,Pending,10-04-2024,10-04-2024,Sandra Farrell,Power outage reported by user.
89,258315,Mrs. Linda Macdonald,Incident,Power outage,Resume work once power restored,Pending,07-07-2024,07-07-2024,Sarah Robinson,Power outage reported by user.
90,687078,Joshua Cole,Requests,Access request for shared folder,Verify permissions,Resolved,25-08-2024,26-03-2025,Mr. Brian Huynh,Access request for shared folder reported by user.
91,668394,Patrick Wang,Incident,Power outage,Escalate if prolonged,Resolved,09-11-2024,14-02-2026,Shannon Campbell,Power outage reported by user.
92,592665,Eddie Miller,Security,Phishing email reported,Report to security compliance,Pending,01-07-2024,01-07-2024,Danny Barajas,Phishing email reported reported by user.
93,628391,Dr. Patrick Perry PhD,Security,Unauthorized USB device,Block USB device,Pending,14-05-2024,14-05-2024,Christopher Swanson,Unauthorized USB device reported by user.
94,217172,Tanya Norton,Configuration,Printer setup,Install printer driver,Pending,06-04-2025,06-04-2025,David Hammond,Printer setup reported by user.
95,914658,Heather Lee,Incident,Server outage,Communicate downtime to users,Resolved,25-01-2026,28-01-2026,David Rose,Server outage reported by user.
96,423360,Travis Phillips,Configuration,Email client configuration,Update email client,Pending,15-08-2024,15-08-2024,Jesus Lara,Email client configuration reported by user.
97,404968,Mackenzie Hughes,Configuration,Wi-Fi setup for new office,Test signal coverage,Escalated,22-04-2025,22-04-2025,David Farmer,Wi-Fi setup for new office reported by user.
98,128643,Cody Norman,Service,Cloud storage syncing issue,Check firewall settings,Pending,03-04-2025,03-04-2025,Ronald Le,Cloud storage syncing issue reported by user.
99,248562,Leslie Cummings,Requests,Hardware request,Approve request,Pending,28-12-2025,28-12-2025,Eric Franklin,Hardware request reported by user.
100,729299,Nathan Pope,Network,IP conflict,Reboot device,Pending,26-09-2024,26-09-2024,Craig Ortega,IP conflict reported by user.
101,760329,Sarah Norton,Requests,Request new software license,Verify system requirements,Pending,29-10-2025,29-10-2025,Timothy Brown,Request new software license reported by user.
102,410784,Gregory Greer,Performance,Computer overheating,Restart computer,Escalated,15-09-2025,15-09-2025,Christine Lopez,Computer overheating reported by user.
103,492813,Ann Watkins,Service,Cloud service down,Verify account access,Pending,23-07-2024,23-07-2024,Jeffrey Johnson,Cloud service down reported by user.
104,878999,Shawna Lopez,Requests,Software installation,Document installation,Pending,01-10-2024,01-10-2024,Jennifer Lawrence,Software installation reported by user.
105,844846,Shannon Mack,Security,Phishing email reported,Notify IT security team,Resolved,05-10-2025,03-02-2026,Patrick Short,Phishing email reported reported by user.
106,677005,Richard Cortez,Storage,Backup not completing,Restart backup service,Escalated,04-09-2025,04-09-2025,Jasmine Torres,Backup not completing reported by user.
107,1786,Julia Carter,Network,Scanner not working,Test with another computer,Escalated,07-09-2024,07-09-2024,Matthew Taylor,Scanner not working reported by user.
108,172502,Vickie Henderson,Requests,Access request for shared folder,Review audit logs,Escalated,08-03-2025,08-03-2025,Mark Jarvis,Access request for shared folder reported by user.
109,552103,Kayla Williams,Incident,Server outage,Restart server,Escalated,12-07-2024,12-07-2024,Keith Taylor,Server outage reported by user.
110,165171,David Holder,Hardware,Cannot connect to Wi-Fi network,Disable VPN temporarily,Pending,16-09-2024,16-09-2024,Brittany Davis,Cannot connect to Wi-Fi network reported by user.
111,642612,Alex Lopez,Hardware,Ethernet cable not detected,Replace faulty cable,Resolved,24-06-2024,06-02-2026,Michelle Galloway,Ethernet cable not detected reported by user.
112,204010,Antonio Chavez,Performance,Computer overheating,Check for malware,Escalated,27-02-2025,27-02-2025,Derek Adams,Computer overheating reported by user.
113,627699,Brian Juarez,Performance,Computer running slow,Defragment disk,Escalated,27-07-2024,27-07-2024,Penny Taylor,Computer running slow reported by user.
114,746905,Bruce Watts,Network,Wi-Fi slow,Clear DNS cache,Pending,18-11-2025,18-11-2025,Ashley Becker,Wi-Fi slow reported by user.
115,208045,Cheryl Johnson,Storage,Cannot save to network drive,Restart computer,Resolved,15-08-2024,19-03-2025,Jane Hill,Cannot save to network drive reported by user.
116,862727,Kathleen Campbell,Performance,Slow login times,Clear cached credentials,Resolved,03-05-2024,04-04-2025,Maureen Mccarty,Slow login times reported by user.
117,488072,Brooke Sanchez,Incident,Printer malfunction in office,Update driver,Resolved,30-06-2024,25-02-2025,Sarah Bryant,Printer malfunction in office reported by user.
118,580041,Jodi Elliott,Service,Software update failed,Check for sufficient disk space,Pending,12-12-2025,12-12-2025,Danielle Ramos,Software update failed reported by user.
119,294451,David Barnes,Incident,Printer malfunction in office,Check printer connection,Resolved,11-10-2024,09-03-2025,Carolyn Sanchez,Printer malfunction in office reported by user.
120,740509,Christine Taylor,Storage,Backup failed,Restart backup service,Pending,11-07-2024,11-07-2024,Christopher Wilson,Backup failed reported by user.
121,986082,Stephanie Jackson,Requests,Software installation,Document installation,Pending,29-11-2025,29-11-2025,Timothy Chapman,Software installation reported by user.
122,658659,Edward Ashley,Incident,Power outage,Resume work once power restored,Escalated,08-09-2025,08-09-2025,Rachel Brewer,Power outage reported by user.
123,502331,Tracey Fox,Security,Forgotten password,Use self-service portal for reset,Escalated,15-05-2024,15-05-2024,Stephen Perry,Forgotten password reported by user.
124,768414,Lance Bruce,Incident,Server outage,Communicate downtime to users,Pending,19-09-2024,19-09-2024,Douglas Stevens,Server outage reported by user.
125,559452,Erik Wise,Storage,Backup failed,Retry backup,Escalated,08-02-2026,08-02-2026,Robert Collins,Backup failed reported by user.
126,842960,William Mendoza,Service,Email not syncing,Re-add account,Escalated,20-05-2025,20-05-2025,Chelsea Garza,Email not syncing reported by user.
127,271426,Cynthia Lee,Service,Cannot access email from mobile,Check network connectivity,Resolved,23-09-2024,22-06-2025,Jason Burgess,Cannot access email from mobile reported by user.
128,761163,Mariah Jones DDS,Security,Unauthorized USB device,Restrict future device access,Resolved,11-01-2026,11-02-2026,Michelle Cole,Unauthorized USB device reported by user.
129,250435,Kristin Perez,Security,Forgotten password,Use self-service portal for reset,Pending,23-06-2025,23-06-2025,James Weber,Forgotten password reported by user.
130,704749,Michelle Harvey,Performance,Slow internet speed,Test speed on another device,Escalated,21-02-2025,21-02-2025,Jessica Allen,Slow internet speed reported by user.
131,684765,Tony Williams,Security,Suspicious login,Enable MFA,Escalated,26-01-2026,26-01-2026,Christina Moreno,Suspicious login reported by user.
132,211695,Stephanie Barnes,Storage,Shared folder access denied,Restart computer,Escalated,14-06-2025,14-06-2025,Lisa Montgomery,Shared folder access denied reported by user.
133,543960,Virginia Cole,Service,Software update failed,Check for sufficient disk space,Resolved,19-01-2026,03-02-2026,Christina Torres,Software update failed reported by user.
134,318029,Benjamin Johnson,Performance,Computer running slow,Restart computer,Resolved,27-11-2024,04-05-2025,Pamela Frederick,Computer running slow reported by user.
135,362657,Sandra Curtis,Hardware,Laptop not starting,Test with another power outlet,Escalated,25-02-2026,25-02-2026,Victoria Huber DVM,Laptop not starting reported by user.
136,994474,Rebecca Doyle,Performance,Application freezing,Update software,Resolved,13-03-2025,06-08-2025,Brian Estes,Application freezing reported by user.
137,347895,Erica Larson,Configuration,New device setup,Configure peripherals,Pending,08-05-2024,08-05-2024,Julie Guzman,New device setup reported by user.
138,211892,Danielle Jordan,Storage,Shared folder access denied,Check folder permissions,Resolved,08-03-2025,12-10-2025,Anthony Smith,Shared folder access denied reported by user.
139,224151,Darlene Simpson,Requests,Software installation,Restart computer,Resolved,04-02-2025,17-07-2025,Cristian Daniel,Software installation reported by user.
140,9571,Eric Acevedo,Storage,Shared folder access denied,Check group policies,Pending,12-04-2024,12-04-2024,Steven Collins,Shared folder access denied reported by user.
141,635776,Christina Ramirez,Network,VPN not connecting,Verify VPN server address,Escalated,17-10-2024,17-10-2024,Karen Evans,VPN not connecting reported by user.
142,184008,Jerry Hernandez,Security,Phishing email reported,Scan system for malware,Resolved,18-09-2024,28-10-2024,Patrick Lopez,Phishing email reported reported by user.
143,379325,Xavier Becker,Configuration,New device setup,Configure network settings,Pending,09-10-2024,09-10-2024,Todd Hensley,New device setup reported by user.
144,446655,Tammy White,Requests,Access request for shared folder,Verify permissions,Escalated,19-01-2026,19-01-2026,Robert Martinez,Access request for shared folder reported by user.
145,626978,Robert King,Configuration,Email client configuration,Enter correct server settings,Resolved,13-08-2025,24-09-2025,Ryan Stevens,Email client configuration reported by user.
146,406901,Dr. Melissa Alvarez,Requests,Software installation,Notify user,Escalated,09-12-2024,09-12-2024,Sierra Johnson,Software installation reported by user.
147,417786,Sharon Anderson,Hardware,Monitor flickering,Adjust refresh rate,Pending,25-06-2024,25-06-2024,Brandon Jones,Monitor flickering reported by user.
148,319683,Karen Hammond,Hardware,Keyboard not working,Restart computer,Pending,09-03-2025,09-03-2025,Kyle Cabrera,Keyboard not working reported by user.
149,647801,Mary Tanner,Incident,Printer malfunction in office,Test print,Resolved,05-01-2025,17-09-2025,Manuel Moore,Printer malfunction in office reported by user.
150,33702,Debra Hamilton,Service,Cloud service down,Test on another device,Escalated,02-05-2025,02-05-2025,Lisa George,Cloud service down reported by user.
151,148569,Holly Stevens,Incident,Power outage,Resume work once power restored,Escalated,15-09-2025,15-09-2025,John Johnson,Power outage reported by user.
152,424037,Caitlin Day,Configuration,New printer installation,Restart printer,Pending,21-01-2026,21-01-2026,Diana Hansen,New printer installation reported by user.
153,394679,Daniel Sanchez,Security,User account compromised,Notify user of suspicious activity,Resolved,22-11-2025,26-11-2025,Robert Miller,User account compromised reported by user.
154,626711,Randy Rodriguez,Hardware,Frequent network dropouts,Restart router,Resolved,09-08-2024,17-02-2025,Jessica Johnson,Frequent network dropouts reported by user.
155,392844,Barbara Martin,Hardware,Laptop not starting,Boot in safe mode,Escalated,06-07-2024,06-07-2024,Tanya Peters,Laptop not starting reported by user.
156,845450,Benjamin Hoffman,Hardware,Ethernet cable not detected,Reboot computer,Pending,13-11-2025,13-11-2025,Michael Kemp,Ethernet cable not detected reported by user.
157,40072,Lisa Smith,Hardware,Keyboard not working,Replace keyboard,Escalated,13-03-2025,13-03-2025,John Carter,Keyboard not working reported by user.
158,274215,Karla Jimenez,Incident,Printer malfunction in office,Document issue,Resolved,10-04-2025,02-05-2025,Thomas Alvarez,Printer malfunction in office reported by user.
159,480709,Kenneth Vaughn,Security,Forgotten password,Verify identity before reset,Pending,20-06-2024,20-06-2024,Andrea Watson,Forgotten password reported by user.
160,970606,Joseph Frost,Requests,Request new software license,Install software,Pending,25-07-2025,25-07-2025,Benjamin Wright,Request new software license reported by user.
161,278753,George Oneal,Storage,Shared folder access denied,Restart computer,Escalated,18-08-2024,18-08-2024,Carmen Maxwell,Shared folder access denied reported by user.
162,448887,Michael Maldonado,Service,Cloud service down,Verify account access,Escalated,03-07-2025,03-07-2025,Mark Perry,Cloud service down reported by user.
163,511373,Derrick Calderon,Requests,Access request for shared folder,Test access,Resolved,18-09-2025,03-01-2026,Amy Beasley,Access request for shared folder reported by user.
164,850482,Michael Williams,Incident,Printer malfunction in office,Contact vendor support,Escalated,16-01-2026,16-01-2026,Stephanie Miller,Printer malfunction in office reported by user.
165,700750,Jim Shepard,Incident,Power outage,Verify safety protocols,Escalated,26-11-2024,26-11-2024,Melissa Davis,Power outage reported by user.
166,485637,Jerry Hamilton,Network,Scanner not working,Verify scanner permissions,Resolved,08-10-2025,21-11-2025,Jenna Armstrong,Scanner not working reported by user.
167,816234,Paula Galloway,Security,User account compromised,Force password reset,Resolved,14-10-2024,08-11-2024,Barbara Jenkins,User account compromised reported by user.
168,507487,Amy Malone,Configuration,New device setup,Create user profile,Pending,18-02-2025,18-02-2025,Lindsay Wilson,New device setup reported by user.
169,247792,Tonya Payne,Service,Cannot access email from mobile,Clear cache,Pending,31-12-2024,31-12-2024,Mary Fuentes,Cannot access email from mobile reported by user.
170,181945,Sara Long,Service,Internal web portal not opening,Try different browser,Resolved,08-09-2024,04-12-2025,Elizabeth Bell,Internal web portal not opening reported by user.
171,6996,Rachel Hernandez,Network,IP conflict,Assign static IP,Resolved,24-04-2024,11-06-2025,Diana Scott,IP conflict reported by user.
172,652207,Joshua Richards,Requests,Request new monitor,Check inventory,Pending,22-03-2024,22-03-2024,Garrett Adams,Request new monitor reported by user.
173,871304,David Huang,Performance,Slow internet speed,Update network drivers,Resolved,02-01-2025,03-12-2025,Robert Lyons,Slow internet speed reported by user.
174,505710,Caitlin Bennett,Requests,Hardware request,Check warranty status,Resolved,11-02-2026,24-02-2026,Katherine Martin,Hardware request reported by user.
175,737827,Jennifer Nelson,Incident,Server outage,Notify IT team,Escalated,16-12-2024,16-12-2024,Edward Hanson,Server outage reported by user.
176,761079,Sarah Thomas,Requests,Access request for shared folder,Document request,Resolved,22-03-2025,13-01-2026,Alison Webster,Access request for shared folder reported by user.
177,675389,Stacey Rogers,Hardware,Ethernet cable not detected,Check NIC settings,Escalated,05-10-2025,05-10-2025,Jordan Johnson,Ethernet cable not detected reported by user.
178,794269,Mrs. Nancy Gonzalez,Service,Cloud service down,Verify account access,Escalated,18-03-2024,18-03-2024,Hector Johnson,Cloud service down reported by user.
179,510923,John Harris,Storage,Cannot access shared drive,Check network connectivity,Resolved,03-11-2024,28-11-2025,Madeline Hopkins,Cannot access shared drive reported by user.
180,898096,Kenneth Schmitt,Performance,Slow login times,Check domain controller status,Resolved,18-08-2025,02-09-2025,Julie Black,Slow login times reported by user.
181,564923,Lawrence Herrera,Storage,Low disk space,Clean recycle bin,Resolved,01-09-2024,10-10-2025,Edward Hickman,Low disk space reported by user.
182,35845,Mandy Frazier,Configuration,Wi-Fi setup for new office,Test connectivity on multiple devices,Pending,07-09-2025,07-09-2025,Mr. Evan Ochoa,Wi-Fi setup for new office reported by user.
183,180351,Ashley Wood,Security,Account locked,Force password reset,Pending,18-09-2025,18-09-2025,Patricia Bartlett,Account locked reported by user.
184,145963,Laura Hoffman,Requests,Request new software license,Approve request,Escalated,01-06-2025,01-06-2025,Jennifer Jensen,Request new software license reported by user.
185,142459,Dana Holt,Service,Cloud service down,Clear cache,Resolved,04-04-2025,28-06-2025,Stacy Mathis,Cloud service down reported by user.
186,867378,Margaret Oneill,Service,Cloud service down,Restart application,Resolved,14-11-2024,16-01-2026,Scott Cook,Cloud service down reported by user.
187,731375,Stanley Richmond,Incident,Power outage,Check equipment after restart,Pending,15-02-2026,15-02-2026,Cindy Thompson,Power outage reported by user.
188,181875,Adam Hill,Performance,High CPU usage,Scan for malware,Pending,01-06-2025,01-06-2025,Ricardo Johns,High CPU usage reported by user.
189,348829,Julie Smith,Requests,Request new software license,Check compliance,Resolved,06-11-2024,16-12-2025,Jessica Hoover,Request new software license reported by user.
190,510103,Valerie Lynch,Service,Cloud storage syncing issue,Update client software,Escalated,23-05-2024,23-05-2024,Calvin Black,Cloud storage syncing issue reported by user.
191,335147,Courtney Tucker,Security,Suspicious login,Notify user,Pending,12-07-2025,12-07-2025,Toni Schultz,Suspicious login reported by user.
192,657319,Willie Williams,Incident,Server outage,Restart server,Pending,21-04-2024,21-04-2024,Michael Vance,Server outage reported by user.
193,661253,Steven White,Security,Unauthorized USB device,Review device logs,Pending,04-01-2026,04-01-2026,Andrew Ball,Unauthorized USB device reported by user.
194,587427,Kathleen Gonzalez,Storage,Shared folder access denied,Verify network connectivity,Pending,03-05-2024,03-05-2024,Cheryl Davis,Shared folder access denied reported by user.
195,869888,Nichole Massey,Service,Cannot access email from mobile,Verify credentials,Escalated,01-02-2026,01-02-2026,Christopher Lewis,Cannot access email from mobile reported by user.
196,555404,Kevin Todd,Requests,Software installation,Verify license activation,Escalated,25-08-2024,25-08-2024,Robert Deleon,Software installation reported by user.
197,295873,Nathaniel Smith,Configuration,Printer setup,Connect to network printer,Escalated,29-11-2025,29-11-2025,Amy Garcia,Printer setup reported by user.
198,162134,Andrea Hale,Service,Email not syncing,Check server settings,Resolved,14-02-2026,19-02-2026,Jessica Castillo,Email not syncing reported by user.
199,825464,Emily Phillips,Storage,Shared folder access denied,Contact folder owner,Escalated,04-05-2025,04-05-2025,Johnathan Vang,Shared folder access denied reported by user.
200,414529,Susan Craig,Hardware,Monitor flickering,Test monitor on another device,Resolved,16-06-2025,30-09-2025,Jessica Garcia,Monitor flickering reported by user.
201,868375,Ivan Howell,Hardware,Monitor flickering,Adjust refresh rate,Pending,30-04-2025,30-04-2025,Breanna Peterson,Monitor flickering reported by user.
202,572016,Nicole Smith,Hardware,Cannot connect to Wi-Fi network,Disable VPN temporarily,Pending,29-06-2025,29-06-2025,Angela Carter,Cannot connect to Wi-Fi network reported by user.
203,140773,Christina Guzman,Incident,Power outage,Resume work once power restored,Pending,03-02-2025,03-02-2025,Logan Daniels,Power outage reported by user.
204,548950,Robert Randolph,Hardware,Monitor flickering,Adjust refresh rate,Pending,13-07-2024,13-07-2024,William Walker,Monitor flickering reported by user.
205,205670,Lucas Davis,Requests,Hardware request,Deliver hardware to user,Escalated,14-09-2024,14-09-2024,Cynthia Finley,Hardware request reported by user.
206,113736,Robert Black,Storage,Backup not completing,Retry backup manually,Resolved,15-12-2024,08-02-2026,Sarah Garcia,Backup not completing reported by user.
207,322853,Erica Goodwin,Requests,Software installation,Install approved software,Resolved,10-09-2024,25-09-2024,Andrew Rodgers,Software installation reported by user.
208,338769,Brian Terrell,Performance,Application freezing,Check for updates,Resolved,09-11-2024,03-02-2025,Stephen Copeland,Application freezing reported by user.
209,847265,Victoria Shah,Hardware,Laptop not starting,Disconnect peripherals and retry,Escalated,30-06-2025,30-06-2025,Kimberly Gibson,Laptop not starting reported by user.
210,901159,Kayla Kim,Service,Internal web portal not opening,Try different browser,Resolved,22-01-2025,27-07-2025,Jordan Morris,Internal web portal not opening reported by user.
211,672696,Elizabeth Villa,Configuration,New device setup,Create user profile,Escalated,06-06-2024,06-06-2024,Ashley May,New device setup reported by user.
212,620540,Martha Baldwin,Hardware,Frequent network dropouts,Check interference from devices,Pending,22-04-2025,22-04-2025,Joshua Ingram,Frequent network dropouts reported by user.
213,462103,Victoria Cook,Hardware,Monitor flickering,Check power connection,Resolved,22-10-2025,17-11-2025,Susan Glover,Monitor flickering reported by user.
214,313541,Amanda Rojas,Incident,Server outage,Notify IT team,Pending,11-06-2025,11-06-2025,Dan Vaughn,Server outage reported by user.
215,973822,Michael Fowler,Incident,Printer malfunction in office,Contact vendor support,Resolved,14-04-2024,31-05-2025,Richard Klein,Printer malfunction in office reported by user.
216,385309,Michael Shepard DDS,Hardware,Laptop not starting,Remove battery and retry,Resolved,02-08-2025,18-02-2026,Dawn Nelson,Laptop not starting reported by user.
217,787649,Kimberly Sanford,Security,User account compromised,Block suspicious IPs,Pending,15-08-2024,15-08-2024,Carolyn Raymond,User account compromised reported by user.
218,699700,Morgan Booth,Service,Cloud storage syncing issue,Check internet connection,Pending,27-09-2024,27-09-2024,Bethany Cole,Cloud storage syncing issue reported by user.
219,194971,Brian Finley,Storage,Cannot save to network drive,Verify network connectivity,Resolved,21-01-2025,21-01-2025,Donald Cooper,Cannot save to network drive reported by user.
220,288329,Michael French,Hardware,Battery draining fast,Reduce screen brightness,Pending,10-01-2026,10-01-2026,Laura Acosta,Battery draining fast reported by user.
221,68373,Cheryl Young,Performance,Computer overheating,Check for malware,Pending,28-05-2024,28-05-2024,Emily Rodgers,Computer overheating reported by user.
222,965311,Heather Ellis,Service,Email not syncing,Check mailbox size,Escalated,30-01-2026,30-01-2026,James Carroll,Email not syncing reported by user.
223,823834,Jacob Sellers,Storage,Backup failed,Check network connection,Pending,27-12-2024,27-12-2024,William Ramirez,Backup failed reported by user.
224,347095,Sarah Valdez,Network,DNS not resolving,Change DNS server to Google/OpenDNS,Pending,17-10-2024,17-10-2024,Kayla Sanchez,DNS not resolving reported by user.
225,449467,Patrick Smith,Hardware,Battery draining fast,Replace battery,Resolved,08-01-2025,17-02-2025,Brianna Vazquez,Battery draining fast reported by user.
226,588085,Thomas Burton,Network,DNS not resolving,Verify IP configuration,Pending,27-09-2024,27-09-2024,Mike Kennedy,DNS not resolving reported by user.
227,75111,Daniel Johnson,Configuration,Wi-Fi setup for new office,Update router firmware,Resolved,07-09-2024,28-10-2025,Steven Evans,Wi-Fi setup for new office reported by user.
228,862157,Manuel Gill,Security,Unauthorized USB device,Review device logs,Escalated,23-10-2024,23-10-2024,Stephanie Smith,Unauthorized USB device reported by user.
229,31354,Cynthia Simpson,Service,Email not syncing,Check server settings,Resolved,22-10-2024,15-02-2026,Kimberly Taylor,Email not syncing reported by user.
230,461195,Julie Huynh,Hardware,Cannot connect to Wi-Fi network,Move closer to access point,Pending,23-05-2025,23-05-2025,Nicole Rodriguez,Cannot connect to Wi-Fi network reported by user.
231,515749,Robert Beltran,Service,Cloud service down,Check service status page,Pending,01-07-2025,01-07-2025,Peter Orozco,Cloud service down reported by user.
232,667128,Carmen Padilla,Storage,Cannot save to network drive,Test drive mapping,Pending,13-10-2024,13-10-2024,Thomas Munoz,Cannot save to network drive reported by user.
233,953583,Kimberly Doyle,Security,Account locked,Reset password,Resolved,26-04-2024,16-10-2024,Stephanie Gonzalez,Account locked reported by user.
234,615549,James Huber,Network,Mouse not responding,Replace batteries if wireless,Pending,27-12-2024,27-12-2024,Timothy Mcguire,Mouse not responding reported by user.
235,783999,Melissa Vega,Hardware,Cannot connect to Wi-Fi network,Disable VPN temporarily,Pending,11-08-2025,11-08-2025,Joseph Andrews,Cannot connect to Wi-Fi network reported by user.
236,454493,Jacob Snyder,Service,Cannot access email from mobile,Restart device,Resolved,17-08-2025,30-01-2026,Joe Hall,Cannot access email from mobile reported by user.
237,618325,Debbie Mueller,Service,Cloud service down,Verify firewall settings,Escalated,11-12-2024,11-12-2024,Kenneth Peters,Cloud service down reported by user.
238,179840,Carol Bryant,Performance,Application freezing,Restart application,Resolved,12-11-2024,20-08-2025,Thomas Kemp,Application freezing reported by user.
239,621772,Desiree Mayer,Security,Forgotten password,Escalate to admin if needed,Resolved,18-07-2025,13-12-2025,Stacy Mills,Forgotten password reported by user.
240,897708,Robert Taylor,Storage,Shared folder access denied,Verify network connectivity,Escalated,19-02-2026,19-02-2026,Nicholas Martinez,Shared folder access denied reported by user.
241,997674,Brooke West,Requests,Software installation,Restart computer,Escalated,20-06-2025,20-06-2025,Nicholas Young,Software installation reported by user.
242,403795,Michele Lawrence,Security,Phishing email reported,Quarantine email,Escalated,14-06-2025,14-06-2025,Laura Wood,Phishing email reported reported by user.
243,224394,Wesley Tyler,Network,DNS not resolving,Restart network adapter,Resolved,01-03-2024,22-03-2025,Christopher Washington,DNS not resolving reported by user.
244,842189,Ruben Simmons,Requests,Request new monitor,Assign monitor to user,Pending,30-06-2025,30-06-2025,Tyler Caldwell,Request new monitor reported by user.
245,932917,Jacob Miller,Performance,Application freezing,Check for updates,Escalated,19-10-2025,19-10-2025,Thomas Klein,Application freezing reported by user.
246,392204,Jane Sweeney,Configuration,Printer setup,Update firmware,Resolved,19-03-2024,06-07-2024,Vanessa Malone,Printer setup reported by user.
247,342594,Paula Flores,Performance,Slow login times,Check system resources,Pending,25-05-2024,25-05-2024,Natalie Reyes,Slow login times reported by user.
248,104171,Jeremy Blackwell,Hardware,Frequent network dropouts,Reset network settings,Resolved,01-07-2025,27-07-2025,Jenna Ortega,Frequent network dropouts reported by user.
249,22865,Barbara White,Hardware,Laptop not starting,Disconnect peripherals and retry,Pending,29-11-2024,29-11-2024,Jenna Mueller,Laptop not starting reported by user.
250,927839,Jesse Jackson,Performance,Application freezing,Increase system memory,Resolved,15-09-2025,11-10-2025,Stephanie Torres,Application freezing reported by user.
251,124499,Crystal Morales,Service,Email not syncing,Update email client,Resolved,20-06-2024,16-08-2025,Johnny Mitchell,Email not syncing reported by user.
252,930649,Carol Krueger,Security,Phishing email reported,Warn user not to click links,Escalated,18-08-2025,18-08-2025,Angela Rivera,Phishing email reported reported by user.
253,427567,Hannah Estes,Security,Forgotten password,Unlock account temporarily,Pending,22-08-2025,22-08-2025,Luke Rubio,Forgotten password reported by user.
254,667331,Keith Middleton,Incident,Printer malfunction in office,Update driver,Pending,12-09-2025,12-09-2025,Laura Smith,Printer malfunction in office reported by user.
255,615067,Manuel Townsend,Performance,Application freezing,Restart application,Escalated,05-05-2025,05-05-2025,Jasmine Heath,Application freezing reported by user.
256,262560,Theresa Johnson,Performance,Slow internet speed,Contact ISP if persistent,Resolved,16-12-2024,29-08-2025,Stacy Bailey,Slow internet speed reported by user.
257,754294,Matthew Brooks,Performance,Slow login times,Clear cached credentials,Resolved,04-01-2025,28-10-2025,Joshua Simpson,Slow login times reported by user.
258,319092,Stephanie Moore,Configuration,Email client configuration,Enable SSL/TLS,Escalated,20-08-2024,20-08-2024,Michael Butler,Email client configuration reported by user.
259,653802,Kristin Robinson,Network,DNS not resolving,Restart network adapter,Resolved,25-09-2025,22-02-2026,James Wilson,DNS not resolving reported by user.
260,227447,Angela Larson,Hardware,Cannot connect to Wi-Fi network,Update Wi-Fi driver,Pending,07-03-2024,07-03-2024,Diana Vaughn,Cannot connect to Wi-Fi network reported by user.
261,774336,Melissa Baldwin,Incident,Printer malfunction in office,Check printer connection,Resolved,13-11-2024,11-12-2024,Cindy Bell,Printer malfunction in office reported by user.
262,514292,Mrs. Ruth Daniels,Requests,Access request for shared folder,Notify user,Escalated,14-07-2025,14-07-2025,Paul Sellers,Access request for shared folder reported by user.
263,17015,Amber Rivera,Service,Email not syncing,Restart computer,Escalated,14-11-2024,14-11-2024,Amber Miller,Email not syncing reported by user.
264,247064,Kimberly Smith,Performance,Computer running slow,Restart computer,Pending,21-10-2024,21-10-2024,Lisa Peterson,Computer running slow reported by user.
265,813322,Amy Schmidt,Performance,High CPU usage,Scan for malware,Escalated,11-01-2026,11-01-2026,Jessica Wu,High CPU usage reported by user.
266,847492,Andrea Walsh,Requests,Request new monitor,Deliver and test monitor,Escalated,06-02-2025,06-02-2025,Terry Carr,Request new monitor reported by user.
267,601600,Sean Kramer,Storage,Cannot save to network drive,Check disk space,Escalated,30-03-2025,30-03-2025,Bianca Dillon,Cannot save to network drive reported by user.
268,909960,Ricky Cunningham,Storage,Backup not completing,Verify storage availability,Pending,16-06-2025,16-06-2025,Robert Smith,Backup not completing reported by user.
269,39972,Michael Miller,Hardware,Battery draining fast,Update power driver,Escalated,22-03-2024,22-03-2024,Donna Santiago,Battery draining fast reported by user.
270,243753,Victoria Williams,Service,Cannot access email from mobile,Check server settings,Pending,14-01-2025,14-01-2025,Melanie Jimenez,Cannot access email from mobile reported by user.
271,12883,Michael Rodriguez,Security,Forgotten password,Use self-service portal for reset,Resolved,21-06-2024,21-10-2025,Ashley Simmons,Forgotten password reported by user.
272,634620,Juan Carter,Performance,High CPU usage,Adjust performance settings,Escalated,14-11-2025,14-11-2025,Christopher Hodge,High CPU usage reported by user.
273,662200,Stephanie Frederick,Hardware,Battery draining fast,Reduce screen brightness,Resolved,28-08-2025,30-08-2025,David Bryant,Battery draining fast reported by user.
274,632037,Julia Huber,Service,Email not syncing,Check mailbox size,Pending,15-08-2024,15-08-2024,Amy Wilson,Email not syncing reported by user.
275,425513,Jessica Robinson,Performance,Application freezing,Check for updates,Escalated,07-03-2025,07-03-2025,Herbert Murray,Application freezing reported by user.
276,900369,Peter Murillo,Incident,Power outage,Log incident,Escalated,07-02-2025,07-02-2025,Jennifer Snyder,Power outage reported by user.
277,310780,Trevor Carter,Security,Account locked,Unlock account via admin console,Pending,27-06-2024,27-06-2024,Lisa Ford,Account locked reported by user.
278,447973,Brian Moreno,Configuration,Wi-Fi setup for new office,Update router firmware,Escalated,28-08-2025,28-08-2025,Herbert James,Wi-Fi setup for new office reported by user.
279,424904,Douglas Duke,Hardware,Battery draining fast,Disable unnecessary background apps,Escalated,25-08-2024,25-08-2024,Timothy Byrd,Battery draining fast reported by user.
280,288681,Michael Johnson,Service,Cloud service down,Check service status page,Pending,11-07-2024,11-07-2024,Colton Griffin,Cloud service down reported by user.
281,413114,Erik Pope,Service,Software update failed,Clear update cache,Resolved,03-08-2025,29-12-2025,Jessica Flores,Software update failed reported by user.
282,601108,Jonathan White,Hardware,Laptop not starting,Check power cable and adapter,Escalated,20-03-2024,20-03-2024,Latasha Johnson,Laptop not starting reported by user.
283,463037,Robert Rodriguez,Hardware,Frequent network dropouts,Update router firmware,Pending,21-09-2024,21-09-2024,Michael Smith,Frequent network dropouts reported by user.
284,522701,Morgan Tran,Storage,Cannot access shared drive,Map network drive again,Pending,13-09-2024,13-09-2024,Andrea Pearson,Cannot access shared drive reported by user.
285,295950,Robert Wright,Configuration,Wi-Fi setup for new office,Set up VLANs if needed,Escalated,04-08-2024,04-08-2024,Christina Hood,Wi-Fi setup for new office reported by user.
286,237442,Randy Goodman,Network,Printer jam,Clean rollers,Escalated,10-09-2024,10-09-2024,Kristen Gibson,Printer jam reported by user.
287,236381,David Moore,Storage,Cannot access shared drive,Verify credentials,Resolved,20-04-2025,06-07-2025,Michael Collins,Cannot access shared drive reported by user.
288,722892,Thomas Wong,Requests,Request new monitor,Approve request,Escalated,05-07-2024,05-07-2024,Jennifer Pena,Request new monitor reported by user.
289,33149,Christopher Mcdaniel,Network,Internet not working,Reset network adapter,Pending,12-04-2024,12-04-2024,Benjamin Webb,Internet not working reported by user.
290,603937,Richard Kennedy,Service,Cannot access email from mobile,Re-add account,Resolved,30-05-2025,25-06-2025,Christina Bryant,Cannot access email from mobile reported by user.
291,282504,Daryl Brown,Requests,Hardware request,Notify user,Pending,23-02-2026,23-02-2026,Frank Lawrence,Hardware request reported by user.
292,563643,Suzanne Chapman,Network,IP conflict,Check for duplicate device IPs,Pending,05-04-2024,05-04-2024,Brent Rodriguez,IP conflict reported by user.
293,586184,Jamie James,Requests,Request new software license,Verify system requirements,Escalated,19-01-2025,19-01-2025,Dustin Pena,Request new software license reported by user.
294,882594,William Hunt,Incident,Power outage,Verify safety protocols,Escalated,27-01-2026,27-01-2026,Latasha Nunez,Power outage reported by user.
295,539498,David Hartman,Incident,Power outage,Escalate if prolonged,Pending,03-06-2024,03-06-2024,Derrick Velez,Power outage reported by user.
296,601852,Kara Booker,Network,IP conflict,Restart router,Pending,19-03-2025,19-03-2025,Kevin Stewart,IP conflict reported by user.
297,110146,Seth Franklin,Performance,Slow login times,Verify account permissions,Resolved,20-10-2024,05-02-2025,Shawna Hansen,Slow login times reported by user.
298,14757,Heidi Butler,Configuration,Printer setup,Install printer driver,Escalated,02-03-2024,02-03-2024,Lisa Cain,Printer setup reported by user.
299,455160,Maria Farrell,Requests,Access request for shared folder,Test access,Escalated,19-02-2026,19-02-2026,Diane Heath,Access request for shared folder reported by user.
300,588779,Kelly Adams,Security,Unauthorized USB device,Notify user,Pending,11-09-2025,11-09-2025,Scott Combs,Unauthorized USB device reported by user.
301,200241,Sarah Hawkins,Storage,Backup failed,Check network connection,Escalated,20-01-2025,20-01-2025,Margaret Harding,Backup failed reported by user.
302,212481,Kristen Washington,Service,Cloud storage syncing issue,Restart sync client,Pending,10-10-2024,10-10-2024,Miss Tamara Ryan PhD,Cloud storage syncing issue reported by user.
303,372954,Karla Brewer,Hardware,Ethernet cable not detected,Update network driver,Escalated,05-02-2025,05-02-2025,Danielle Ferrell,Ethernet cable not detected reported by user.
304,587069,Timothy Garcia,Hardware,Cannot connect to Wi-Fi network,Restart router,Pending,05-06-2024,05-06-2024,Ruben Collins,Cannot connect to Wi-Fi network reported by user.
305,602824,Jordan Cantu,Service,Internal web portal not opening,Check portal URL,Escalated,27-08-2025,27-08-2025,Ann Henry,Internal web portal not opening reported by user.
306,416929,Jasmine Robinson,Hardware,Ethernet cable not detected,Restart network adapter,Pending,25-05-2024,25-05-2024,Calvin Perry,Ethernet cable not detected reported by user.
307,273737,Jennifer Gonzalez,Hardware,Laptop not starting,Remove battery and retry,Pending,22-03-2024,22-03-2024,Crystal Young,Laptop not starting reported by user.
308,453293,Kelly Hughes,Service,Cloud storage syncing issue,Check internet connection,Escalated,15-12-2024,15-12-2024,Alexandra Mason,Cloud storage syncing issue reported by user.
309,725920,Christopher Lozano,Configuration,Wi-Fi setup for new office,Configure router SSID and password,Pending,24-09-2025,24-09-2025,Amanda Jordan,Wi-Fi setup for new office reported by user.
310,604175,Michelle Cox,Requests,Access request for shared folder,Verify permissions,Escalated,12-09-2024,12-09-2024,Julie Erickson,Access request for shared folder reported by user.
311,437536,Ryan Rose,Hardware,Keyboard not working,Check connection,Escalated,16-01-2025,16-01-2025,Alejandro Cruz,Keyboard not working reported by user.
312,267146,Donald Taylor,Service,Email not syncing,Update email client,Escalated,29-12-2025,29-12-2025,Jaime Terry,Email not syncing reported by user.
313,211217,Anthony Foster,Incident,Printer malfunction in office,Update driver,Escalated,14-11-2024,14-11-2024,Carolyn Butler,Printer malfunction in office reported by user.
314,241814,Sally Garcia,Performance,Slow login times,Clear cached credentials,Pending,15-09-2025,15-09-2025,David Martinez,Slow login times reported by user.
315,501326,Charles Greene,Incident,Power outage,Check equipment after restart,Escalated,30-09-2025,30-09-2025,John Jackson,Power outage reported by user.
316,733839,Denise Jones,Hardware,Monitor flickering,Check HDMI/Display cable,Resolved,18-01-2026,03-02-2026,Carolyn Farley,Monitor flickering reported by user.
317,291257,Heather Dodson,Storage,Shared folder access denied,Contact folder owner,Resolved,10-01-2025,30-11-2025,Nichole Shaffer,Shared folder access denied reported by user.
318,992239,Robin Gutierrez,Security,Phishing email reported,Check mail server logs,Escalated,18-07-2025,18-07-2025,Beth Duke,Phishing email reported reported by user.
319,276742,Mary Martinez,Performance,Slow login times,Check domain controller status,Resolved,06-01-2026,10-02-2026,Brandy Barker,Slow login times reported by user.
320,483407,Andrew Lucas,Hardware,Keyboard not working,Restart computer,Pending,01-10-2025,01-10-2025,Darin Hendricks,Keyboard not working reported by user.
321,544101,William Hull,Hardware,Cannot connect to Wi-Fi network,Restart router,Escalated,22-10-2024,22-10-2024,Tammy Clark,Cannot connect to Wi-Fi network reported by user.
322,310584,Sarah Garcia,Network,Cannot access internal portal,Test on another device,Resolved,04-05-2024,15-12-2024,Miss Cynthia King PhD,Cannot access internal portal reported by user.
323,18086,Mr. Dwayne Moore,Security,User account compromised,Escalate to security team,Pending,10-06-2025,10-06-2025,Dr. Chelsea Davenport,User account compromised reported by user.
324,187373,Yolanda Smith,Requests,Software installation,Document installation,Pending,16-10-2024,16-10-2024,Bobby Fisher,Software installation reported by user.
325,41068,Nicole Ayala,Storage,Backup not completing,Check network connection,Pending,17-08-2024,17-08-2024,Samuel Lee,Backup not completing reported by user.
326,293052,Betty Miller,Configuration,Email client configuration,Restart client,Escalated,10-12-2024,10-12-2024,Amanda Santana,Email client configuration reported by user.
327,208711,Anthony Burns,Service,Cloud service down,Escalate to vendor support,Pending,03-08-2024,03-08-2024,Brian Molina II,Cloud service down reported by user.
328,453304,James Hansen,Configuration,New device setup,Install OS and updates,Pending,01-08-2025,01-08-2025,Randy Brown,New device setup reported by user.
329,878329,Phillip Solis,Security,Forgotten password,Use self-service portal for reset,Resolved,17-02-2025,05-04-2025,Rachael Leonard,Forgotten password reported by user.
330,620381,Brian Hodges,Hardware,Battery draining fast,Disable unnecessary background apps,Escalated,28-10-2025,28-10-2025,Melissa Miles,Battery draining fast reported by user.
331,712657,Joseph King,Security,Suspicious login,Review login history,Escalated,06-12-2024,06-12-2024,Meredith Macias,Suspicious login reported by user.
332,497498,Michael Houston,Configuration,Printer setup,Check printer IP,Resolved,20-10-2024,22-01-2026,Jessica Moss,Printer setup reported by user.
333,932448,Richard Gilbert,Performance,Computer overheating,Adjust power settings,Pending,05-12-2025,05-12-2025,Angela Jones,Computer overheating reported by user.
334,162882,Matthew James,Configuration,Printer setup,Verify permissions,Resolved,29-09-2024,12-11-2024,Michelle Pham,Printer setup reported by user.
335,286537,Jonathan Lopez,Hardware,Laptop not starting,Test with another power outlet,Resolved,25-06-2025,21-08-2025,Kyle Watkins,Laptop not starting reported by user.
336,774144,Brandon Robbins,Requests,Hardware request,Verify model compatibility,Pending,19-12-2024,19-12-2024,Ryan Young,Hardware request reported by user.
337,175433,Daniel Jackson,Network,Wi-Fi slow,Switch to 5GHz band,Escalated,15-08-2025,15-08-2025,Leslie Banks,Wi-Fi slow reported by user.
338,607049,Shawn Foster,Hardware,Monitor flickering,Check power connection,Resolved,28-08-2024,19-09-2025,Shannon Roberts,Monitor flickering reported by user.
339,265927,Pamela Ramirez,Network,Internet not working,Check cable connections,Pending,14-12-2024,14-12-2024,Scott Garrett,Internet not working reported by user.
340,339857,Arthur White,Security,Unauthorized USB device,Block USB device,Pending,04-04-2025,04-04-2025,Vickie Wilcox,Unauthorized USB device reported by user.
341,200822,Stacey Hernandez,Storage,Low disk space,Uninstall unused programs,Escalated,10-10-2024,10-10-2024,Tina Beard,Low disk space reported by user.
342,961126,Jimmy Blackburn,Performance,Computer running slow,Restart computer,Pending,25-07-2024,25-07-2024,Tony Parks,Computer running slow reported by user.
343,416079,Peter Powell,Configuration,New device setup,Create user profile,Resolved,11-01-2026,18-02-2026,Thomas Lloyd,New device setup reported by user.
344,969704,Tammy Wood,Network,Printer jam,Test printer with another PC,Escalated,07-01-2026,07-01-2026,Michael Williams,Printer jam reported by user.
345,934324,Tina Newton,Network,Wi-Fi slow,Check for interference from other devices,Pending,07-07-2024,07-07-2024,Ryan Klein,Wi-Fi slow reported by user.
346,28881,Keith Becker,Performance,Slow login times,Verify account permissions,Resolved,26-05-2024,17-02-2025,Joel Juarez,Slow login times reported by user.
347,672201,Theresa Soto,Configuration,Wi-Fi setup for new office,Set up VLANs if needed,Resolved,25-07-2024,25-04-2025,Jennifer Young,Wi-Fi setup for new office reported by user.
348,228686,Nancy Mcdonald,Configuration,New device setup,Configure peripherals,Escalated,27-03-2025,27-03-2025,Michelle Kim,New device setup reported by user.
349,709109,Jessica Brewer,Security,Phishing email reported,Update spam filters,Resolved,04-10-2024,26-08-2025,Ashley Marsh,Phishing email reported reported by user.
350,418976,Kelly Meyer,Requests,Request new software license,Check compliance,Resolved,03-11-2024,04-12-2024,Robert Hicks,Request new software license reported by user.
351,530650,Dr. Carolyn Fleming,Storage,Backup not completing,Verify storage availability,Resolved,25-02-2026,25-02-2026,Pedro Adkins,Backup not completing reported by user.
352,232800,Ryan Jones,Requests,Request new software license,Document license key,Escalated,17-01-2025,17-01-2025,Tonya Leonard,Request new software license reported by user.
353,663598,Austin Johnson,Network,Cannot access internal portal,Clear browser cache,Pending,06-07-2025,06-07-2025,Kimberly Martinez,Cannot access internal portal reported by user.
354,769489,Jennifer Wells,Requests,Access request for shared folder,Update access records,Escalated,18-10-2025,18-10-2025,Paige Miller,Access request for shared folder reported by user.
355,850746,Jean Parsons,Performance,Slow login times,Check system resources,Resolved,25-09-2024,19-11-2025,Philip Figueroa,Slow login times reported by user.
356,287392,Claudia Carter,Incident,Server outage,Communicate downtime to users,Resolved,15-10-2024,20-09-2025,Brian Lee,Server outage reported by user.
357,536970,Alyssa Gonzalez,Hardware,Monitor flickering,Replace cable,Escalated,29-03-2024,29-03-2024,Kristi Patton,Monitor flickering reported by user.
358,943025,Elizabeth Riley,Configuration,Wi-Fi setup for new office,Configure router SSID and password,Escalated,17-02-2026,17-02-2026,Henry Rodriguez,Wi-Fi setup for new office reported by user.
359,114487,Michael Rodriguez,Configuration,New printer installation,Check permissions,Resolved,22-07-2024,31-07-2024,Joshua Frank,New printer installation reported by user.
360,745391,Shane Nielsen,Configuration,Printer setup,Verify permissions,Resolved,08-11-2025,17-11-2025,Lisa Wilson,Printer setup reported by user.
361,67391,Jacob Sims,Network,Cannot access internal portal,Check VPN connection,Pending,17-07-2025,17-07-2025,Kelsey Rogers,Cannot access internal portal reported by user.
362,846237,Lori Jackson,Incident,Printer malfunction in office,Test print,Resolved,16-07-2025,25-09-2025,Wayne Johnson,Printer malfunction in office reported by user.
363,596301,John Williamson,Performance,Computer overheating,Check for malware,Escalated,18-11-2024,18-11-2024,Laura Ingram,Computer overheating reported by user.
364,572719,Matthew Olson,Incident,Power outage,Log incident,Pending,22-08-2024,22-08-2024,Angela Ritter,Power outage reported by user.
365,288744,Christopher Branch,Hardware,Frequent network dropouts,Check signal strength,Escalated,28-06-2025,28-06-2025,James Richards,Frequent network dropouts reported by user.
366,935489,Mary Jacobs,Security,Phishing email reported,Update spam filters,Escalated,01-05-2024,01-05-2024,Benjamin Reeves,Phishing email reported reported by user.
367,813104,Theresa Joseph,Requests,Access request for shared folder,Grant access rights,Pending,27-02-2024,27-02-2024,Joseph Gregory,Access request for shared folder reported by user.
368,411633,Michael Sharp,Service,Cannot access email from mobile,Verify credentials,Pending,19-03-2024,19-03-2024,Justin Jones,Cannot access email from mobile reported by user.
369,74012,Mrs. Tiffany Wiggins,Incident,Server outage,Document incident,Resolved,25-11-2025,03-02-2026,Nicholas Harrington,Server outage reported by user.
370,170056,Ashley Sanchez,Security,User account compromised,Check for malware,Resolved,01-12-2025,10-12-2025,Karen Beltran,User account compromised reported by user.
371,252272,Derrick Stewart,Storage,Backup failed,Check network connection,Pending,14-06-2024,14-06-2024,Diane Elliott,Backup failed reported by user.
372,971894,Jennifer Lee,Performance,Computer running slow,Run malware scan,Resolved,21-03-2025,13-01-2026,Michael Monroe,Computer running slow reported by user.
373,947691,Laura Campbell MD,Incident,Printer malfunction in office,Document issue,Pending,09-10-2024,09-10-2024,Ricky Wright,Printer malfunction in office reported by user.
374,670483,Claire Mendez,Performance,Application freezing,Run malware scan,Escalated,22-10-2025,22-10-2025,Alicia Lee,Application freezing reported by user.
375,642817,Traci Day,Service,Internal web portal not opening,Verify VPN connection,Pending,28-03-2024,28-03-2024,Rebecca Griffin,Internal web portal not opening reported by user.
376,508764,Joshua Parker,Incident,Power outage,Verify safety protocols,Pending,10-12-2025,10-12-2025,Sarah Vasquez,Power outage reported by user.
377,642147,Rhonda Peters,Storage,Shared folder access denied,Remap network drive,Escalated,26-10-2025,26-10-2025,James Kirby,Shared folder access denied reported by user.
378,720414,Mary Taylor,Security,User account compromised,Enable MFA,Escalated,06-10-2024,06-10-2024,Christine Davis,User account compromised reported by user.
379,987621,Anthony Williams,Configuration,Wi-Fi setup for new office,Update router firmware,Pending,23-05-2024,23-05-2024,Timothy Miller,Wi-Fi setup for new office reported by user.
380,368186,Joshua Nelson,Incident,Server outage,Document incident,Resolved,25-02-2025,15-08-2025,Robin Alexander,Server outage reported by user.
381,312681,Bryan Swanson,Storage,Backup not completing,Check logs for errors,Resolved,25-01-2026,20-02-2026,James Taylor,Backup not completing reported by user.
382,789938,Mary Sullivan,Hardware,Battery draining fast,Update power driver,Resolved,13-03-2024,05-03-2025,Andrew Deleon,Battery draining fast reported by user.
383,807762,Laurie Smith,Storage,Shared folder access denied,Remap network drive,Pending,19-06-2025,19-06-2025,Elizabeth Walton,Shared folder access denied reported by user.
384,120780,Matthew Alvarez,Incident,Server outage,Escalate to admin if needed,Resolved,31-07-2025,16-08-2025,Gerald Brown,Server outage reported by user.
385,239089,Thomas Steele,Incident,Printer malfunction in office,Document issue,Escalated,02-05-2025,02-05-2025,Hannah Mason,Printer malfunction in office reported by user.
386,708469,Lacey Griffin,Service,Email not syncing,Update email client,Escalated,04-08-2024,04-08-2024,Sally Clayton,Email not syncing reported by user.
387,366535,Ryan Webb,Incident,Power outage,Notify facilities team,Escalated,20-07-2024,20-07-2024,Cynthia Hansen,Power outage reported by user.
388,118339,Leslie Meyer,Requests,Access request for shared folder,Document request,Escalated,16-12-2024,16-12-2024,William Lopez MD,Access request for shared folder reported by user.
389,819005,Tracy Moon,Security,Forgotten password,Unlock account temporarily,Escalated,29-08-2025,29-08-2025,Jordan Gutierrez,Forgotten password reported by user.
390,869465,Kenneth Sanchez,Network,DNS not resolving,Restart network adapter,Escalated,06-03-2025,06-03-2025,Amber Webster,DNS not resolving reported by user.
391,150915,Debbie Brown,Security,User account compromised,Review login history,Pending,04-10-2025,04-10-2025,Crystal Russell,User account compromised reported by user.
392,237775,Diana Michael,Requests,Request new monitor,Deliver and test monitor,Pending,16-07-2025,16-07-2025,Brianna Vaughan,Request new monitor reported by user.
393,515107,Andrea Morales,Security,Phishing email reported,Warn user not to click links,Pending,27-02-2025,27-02-2025,Fernando Stokes,Phishing email reported reported by user.
394,864092,Dr. Henry Garcia,Hardware,Battery draining fast,Close unused programs,Pending,05-02-2026,05-02-2026,Steven Mccormick,Battery draining fast reported by user.
395,410085,Isabel Butler,Hardware,Ethernet cable not detected,Try a different port,Escalated,06-10-2024,06-10-2024,Carol Short,Ethernet cable not detected reported by user.
396,239691,Edward Clark,Security,Unauthorized USB device,Block USB device,Pending,28-02-2024,28-02-2024,Brooke Ramirez,Unauthorized USB device reported by user.
397,661606,Ms. Melissa Mann MD,Hardware,Laptop not starting,Check power cable and adapter,Escalated,24-09-2024,24-09-2024,Derrick Daniel,Laptop not starting reported by user.
398,709334,Donna Benjamin,Storage,Shared folder access denied,Check group policies,Resolved,11-04-2025,17-07-2025,Marissa Stephens,Shared folder access denied reported by user.
399,669497,Robin Huff,Service,Cloud storage syncing issue,Reinstall sync client,Pending,06-10-2024,06-10-2024,Michael Boyd,Cloud storage syncing issue reported by user.
400,523299,Daniel Barnes,Performance,Slow internet speed,Check for bandwidth hogs,Escalated,13-06-2025,13-06-2025,Tyler Ortiz,Slow internet speed reported by user.
401,405750,Angela Taylor,Security,Phishing email reported,Scan system for malware,Pending,09-12-2025,09-12-2025,Scott Pratt,Phishing email reported reported by user.
402,244477,Victoria Morrison,Performance,Slow internet speed,Contact ISP if persistent,Resolved,05-08-2024,24-01-2025,Anthony Campbell,Slow internet speed reported by user.
403,305077,Terry Ross,Performance,Slow internet speed,Check for interference,Resolved,18-05-2025,11-07-2025,Mallory Brown,Slow internet speed reported by user.
404,155391,Thomas Jones,Hardware,Keyboard not working,Restart computer,Pending,08-11-2024,08-11-2024,Hannah Tucker,Keyboard not working reported by user.
405,845620,Kayla Carpenter,Requests,Access request for shared folder,Notify user,Resolved,06-03-2024,10-06-2025,Jonathan Franklin,Access request for shared folder reported by user.
406,991380,Troy Cox,Requests,Request new monitor,Update asset records,Escalated,28-12-2024,28-12-2024,Jennifer King,Request new monitor reported by user.
407,861697,Frederick Irwin DVM,Performance,Computer running slow,Restart computer,Escalated,01-03-2024,01-03-2024,David Taylor DDS,Computer running slow reported by user.
408,77732,Matthew Andrews,Performance,Computer overheating,Update BIOS/firmware,Resolved,12-12-2024,17-04-2025,Heather Campbell,Computer overheating reported by user.
409,510982,Mary Shah,Configuration,Printer setup,Connect to network printer,Escalated,15-11-2024,15-11-2024,Bill Montgomery,Printer setup reported by user.
410,411424,Jeremy Clark,Configuration,Wi-Fi setup for new office,Document configuration,Escalated,07-03-2025,07-03-2025,Marcus Jones,Wi-Fi setup for new office reported by user.
411,585128,David Martinez,Requests,Software installation,Restart computer,Pending,11-02-2026,11-02-2026,Chad Oliver,Software installation reported by user.
412,67437,Kristy Carroll,Security,Forgotten password,Verify identity before reset,Resolved,26-09-2025,08-02-2026,Holly Thomas,Forgotten password reported by user.
413,896418,Kenneth Coleman,Incident,Printer malfunction in office,Document issue,Pending,06-08-2024,06-08-2024,Kelly Gregory,Printer malfunction in office reported by user.
414,758693,Peter Hanson,Configuration,New device setup,Test device connectivity,Resolved,06-09-2024,29-06-2025,Brian Lee,New device setup reported by user.
415,836500,Daniel Chavez,Incident,Server outage,Verify backups,Escalated,22-12-2025,22-12-2025,Miguel Fitzgerald,Server outage reported by user.
416,713693,Julie Ramirez,Security,Phishing email reported,Quarantine email,Escalated,12-04-2025,12-04-2025,April Dixon,Phishing email reported reported by user.
417,434609,Meredith Montgomery,Requests,Hardware request,Check warranty status,Resolved,10-07-2025,30-11-2025,Cynthia Le MD,Hardware request reported by user.
418,960738,Danielle Gomez,Hardware,Laptop not starting,Disconnect peripherals and retry,Resolved,29-05-2024,23-01-2025,John Marshall,Laptop not starting reported by user.
419,898278,Ronald Jackson,Configuration,New printer installation,Connect printer to network,Pending,05-06-2024,05-06-2024,Jeff Brown,New printer installation reported by user.
420,560166,Haley Brown,Security,User account compromised,Check for malware,Pending,03-03-2025,03-03-2025,Danielle Diaz,User account compromised reported by user.
421,639348,Elizabeth Shah,Configuration,Email client configuration,Restart client,Escalated,14-03-2024,14-03-2024,Lisa Long,Email client configuration reported by user.
422,846486,Michael Martin,Incident,Printer malfunction in office,Test print,Pending,09-04-2024,09-04-2024,Melissa Taylor,Printer malfunction in office reported by user.
423,16743,Donald Martin,Hardware,Battery draining fast,Update power driver,Resolved,25-02-2025,26-10-2025,Roberto Frazier,Battery draining fast reported by user.
424,230787,Joel Stewart,Configuration,Wi-Fi setup for new office,Enable security protocols,Resolved,31-12-2025,07-01-2026,Robin Garcia,Wi-Fi setup for new office reported by user.
425,903753,Samantha Garza,Requests,Access request for shared folder,Verify permissions,Resolved,22-12-2024,19-09-2025,Christopher Jordan,Access request for shared folder reported by user.
426,354745,Christopher Ewing,Requests,Request new monitor,Notify user,Escalated,27-10-2025,27-10-2025,Gloria Tucker,Request new monitor reported by user.
427,457011,Mrs. Debbie Dodson,Incident,Printer malfunction in office,Update driver,Pending,21-03-2025,21-03-2025,Susan Mckinney,Printer malfunction in office reported by user.
428,433406,Robert Brown,Service,Cloud service down,Restart application,Pending,26-03-2025,26-03-2025,Natalie Brown,Cloud service down reported by user.
429,673357,Kimberly York,Storage,Cannot save to network drive,Verify network connectivity,Pending,13-08-2024,13-08-2024,Matthew Martinez,Cannot save to network drive reported by user.
430,717742,Nicholas Savage,Storage,Backup not completing,Restart backup service,Resolved,28-07-2024,09-10-2025,Lori Gardner,Backup not completing reported by user.
431,900762,Elizabeth Brady,Incident,Printer malfunction in office,Update driver,Resolved,15-04-2025,07-06-2025,Michael Thomas,Printer malfunction in office reported by user.
432,178161,Kevin Patel,Security,Unauthorized USB device,Review device logs,Escalated,07-08-2024,07-08-2024,Katie Anderson,Unauthorized USB device reported by user.
433,518036,Tommy Garcia,Security,User account compromised,Check for malware,Pending,31-12-2024,31-12-2024,Douglas Clark,User account compromised reported by user.
434,914339,Robert Brown,Network,VPN not connecting,Disable/Enable network adapter,Escalated,08-09-2025,08-09-2025,Elizabeth Harper,VPN not connecting reported by user.
435,647189,Joshua Haney,Security,Phishing email reported,Notify IT security team,Resolved,17-01-2026,24-02-2026,Matthew Smith,Phishing email reported reported by user.
436,604639,Zachary Young,Configuration,New device setup,Test device connectivity,Resolved,02-10-2024,18-07-2025,Tina Burgess,New device setup reported by user.
437,480889,Brian Colon,Configuration,Email client configuration,Enable SSL/TLS,Pending,26-03-2025,26-03-2025,Teresa Hopkins,Email client configuration reported by user.
438,212440,Bonnie Lopez,Security,Phishing email reported,Scan system for malware,Pending,10-07-2025,10-07-2025,Michael Alexander,Phishing email reported reported by user.
439,247330,Elizabeth Lewis,Performance,Slow internet speed,Check for interference,Pending,21-02-2025,21-02-2025,Kathy Martin,Slow internet speed reported by user.
440,834360,Dawn Reeves,Performance,Computer overheating,Restart computer,Escalated,04-10-2025,04-10-2025,Samuel Peterson,Computer overheating reported by user.
441,415334,David Cross,Performance,Slow internet speed,Test speed on another device,Resolved,05-07-2024,29-10-2025,Katelyn Smith,Slow internet speed reported by user.
442,12832,Angela Williams,Incident,Server outage,Escalate to admin if needed,Pending,07-09-2024,07-09-2024,Anna May,Server outage reported by user.
443,468141,Patrick West,Hardware,Cannot connect to Wi-Fi network,Update Wi-Fi driver,Resolved,24-09-2025,12-12-2025,Pamela Larson,Cannot connect to Wi-Fi network reported by user.
444,129544,Lisa Roberts,Incident,Power outage,Escalate if prolonged,Pending,19-11-2025,19-11-2025,Andrew Wilson,Power outage reported by user.
445,745823,Mary Dunn,Network,VPN not connecting,Restart VPN service,Pending,26-08-2025,26-08-2025,Janet Mack,VPN not connecting reported by user.
446,178742,Mariah Rocha,Performance,High CPU usage,Scan for malware,Resolved,14-09-2024,24-03-2025,Alvin Todd,High CPU usage reported by user.
447,509538,Michael Dalton,Network,Cannot access internal portal,Check firewall settings,Resolved,13-02-2026,17-02-2026,Donna Aguilar,Cannot access internal portal reported by user.
448,637157,Brittany Grimes,Storage,Backup failed,Check file access rights,Pending,08-01-2025,08-01-2025,Kathleen Brown,Backup failed reported by user.
449,794541,Cynthia Harris,Performance,Computer running slow,Check CPU usage,Pending,11-10-2024,11-10-2024,Kimberly Waters,Computer running slow reported by user.
450,717926,Deanna Murphy,Security,Unauthorized USB device,Check security policy,Pending,23-08-2024,23-08-2024,Ms. Maria Hale,Unauthorized USB device reported by user.
451,547986,Matthew Shah,Incident,Printer malfunction in office,Replace toner or paper,Escalated,13-03-2024,13-03-2024,Tonya Odonnell,Printer malfunction in office reported by user.
452,135065,Savannah Murphy,Performance,Slow login times,Restart computer,Resolved,11-09-2025,24-02-2026,Andrew Jones,Slow login times reported by user.
453,222269,Justin Griffin,Requests,Request new software license,Notify user,Pending,23-06-2024,23-06-2024,Adrian Pearson,Request new software license reported by user.
454,348599,Brenda Mendez,Configuration,New device setup,Install OS and updates,Pending,28-10-2025,28-10-2025,James Frazier,New device setup reported by user.
455,878915,Kevin Watts,Security,Suspicious login,Check for malware on device,Pending,30-05-2024,30-05-2024,Justin Bell,Suspicious login reported by user.
456,727590,David Valdez,Service,Software update failed,Manually download update,Resolved,03-01-2025,07-02-2025,Vanessa Castro,Software update failed reported by user.
457,406120,William Smith,Network,Scanner not working,Verify scanner permissions,Resolved,10-05-2024,07-11-2025,Lauren Oconnor,Scanner not working reported by user.
458,361896,Melissa Hernandez,Requests,Software installation,Check compatibility,Pending,22-02-2025,22-02-2025,Alexandra Taylor,Software installation reported by user.
459,159737,Marisa Brown,Requests,Access request for shared folder,Verify permissions,Resolved,16-08-2025,25-10-2025,Ryan Campbell,Access request for shared folder reported by user.
460,435258,Austin Peterson,Incident,Power outage,Verify safety protocols,Escalated,27-10-2025,27-10-2025,Steven Nielsen,Power outage reported by user.
461,743298,Michael Owen,Configuration,New device setup,Create user profile,Pending,18-10-2024,18-10-2024,Kirsten Galloway,New device setup reported by user.
462,120073,Kevin Rivera,Requests,Request new monitor,Check inventory,Resolved,28-08-2024,17-09-2025,Ronnie Oconnor,Request new monitor reported by user.
463,188287,Ryan Hughes,Configuration,New printer installation,Restart printer,Pending,08-06-2025,08-06-2025,Dana Buckley,New printer installation reported by user.
464,120065,Penny Prince,Hardware,Laptop not starting,Test with another power outlet,Escalated,27-04-2024,27-04-2024,Brett Ramos,Laptop not starting reported by user.
465,599662,Laura Hood,Hardware,Frequent network dropouts,Restart router,Resolved,03-01-2026,11-02-2026,Elizabeth Robinson,Frequent network dropouts reported by user.
466,768727,William Randall,Security,Phishing email reported,Update spam filters,Escalated,09-11-2024,09-11-2024,Megan Palmer,Phishing email reported reported by user.
467,29854,Daniel Roberts,Network,Scanner not working,Verify scanner permissions,Escalated,29-12-2024,29-12-2024,Jack Anderson,Scanner not working reported by user.
468,884026,Arthur Davila,Hardware,Monitor flickering,Replace cable,Resolved,21-06-2025,28-10-2025,Eric Parker,Monitor flickering reported by user.
469,728504,Kathleen Bullock,Performance,Application freezing,Close other programs,Pending,26-10-2025,26-10-2025,Nathaniel Wells,Application freezing reported by user.
470,89209,Amber Stevenson,Performance,Computer overheating,Update BIOS/firmware,Resolved,11-11-2024,03-06-2025,Patricia Johnston,Computer overheating reported by user.
471,881569,Eric Taylor MD,Service,Email not syncing,Restart computer,Pending,24-05-2025,24-05-2025,Justin Rose,Email not syncing reported by user.
472,716282,Heather Lee,Incident,Printer malfunction in office,Replace toner or paper,Resolved,06-04-2025,22-04-2025,Robin Singh,Printer malfunction in office reported by user.
473,571127,Matthew Sullivan,Requests,Software installation,Install approved software,Pending,18-05-2025,18-05-2025,Alan Leon,Software installation reported by user.
474,947172,Danielle Kaufman,Hardware,Frequent network dropouts,Change Wi-Fi channel,Pending,16-09-2024,16-09-2024,Patrick Arroyo,Frequent network dropouts reported by user.
475,775202,Audrey Price,Security,User account compromised,Escalate to security team,Pending,02-01-2025,02-01-2025,Tracey Woods,User account compromised reported by user.
476,363560,Cynthia White,Requests,Access request for shared folder,Verify permissions,Pending,16-10-2024,16-10-2024,Pamela King,Access request for shared folder reported by user.
477,302248,Paula Harris,Incident,Power outage,Resume work once power restored,Pending,24-04-2025,24-04-2025,Tiffany Wilson,Power outage reported by user.
478,967800,Evan Diaz,Incident,Printer malfunction in office,Test print,Resolved,18-02-2026,23-02-2026,Savannah Walsh,Printer malfunction in office reported by user.
479,527086,Mallory Martin,Network,Printer jam,Restart printer,Resolved,20-07-2025,12-10-2025,Douglas Barnett,Printer jam reported by user.
480,533116,Javier Davis,Requests,Request new software license,Check compliance,Escalated,04-02-2026,04-02-2026,Rodney Williams,Request new software license reported by user.
481,904459,Mr. William Davidson,Requests,Request new software license,Document license key,Resolved,14-02-2025,17-11-2025,Jon Campbell,Request new software license reported by user.
482,302941,Ariana Griffin,Configuration,Email client configuration,Enter correct server settings,Escalated,08-11-2025,08-11-2025,Suzanne Harris,Email client configuration reported by user.
483,546156,Megan Norman,Service,Cloud service down,Escalate to vendor support,Pending,27-02-2024,27-02-2024,Keith Robinson,Cloud service down reported by user.
484,899606,Jennifer Mcdonald,Hardware,Ethernet cable not detected,Check cable connection,Escalated,25-02-2025,25-02-2025,Kristine Sanchez,Ethernet cable not detected reported by user.
485,738011,Catherine Garcia,Performance,High CPU usage,Restart computer,Escalated,06-04-2024,06-04-2024,Marie Kelley,High CPU usage reported by user.
486,592966,Jesus Young,Incident,Printer malfunction in office,Contact vendor support,Pending,24-11-2024,24-11-2024,David Johnson,Printer malfunction in office reported by user.
487,180456,Jake Roy,Network,Wi-Fi slow,Update Wi-Fi driver,Escalated,19-09-2024,19-09-2024,Jodi Mann,Wi-Fi slow reported by user.
488,397195,Matthew Reynolds,Service,Cloud service down,Restart application,Escalated,22-07-2025,22-07-2025,Lauren Clements,Cloud service down reported by user.
489,181046,Brittany Guzman,Service,Software update failed,Manually download update,Escalated,24-02-2026,24-02-2026,Dr. Clinton Combs DVM,Software update failed reported by user.
490,230016,Pamela Perez,Incident,Power outage,Notify facilities team,Resolved,25-08-2025,13-12-2025,Jill Thomas,Power outage reported by user.
491,66545,Charlene Foster,Hardware,Ethernet cable not detected,Replace faulty cable,Resolved,09-11-2024,18-11-2025,Dorothy Howard,Ethernet cable not detected reported by user.
492,923586,Christian Rios,Storage,Cannot save to network drive,Restart computer,Resolved,30-09-2024,27-12-2025,Kimberly Wilson,Cannot save to network drive reported by user.
493,988588,Judith Riddle,Requests,Request new monitor,Update asset records,Escalated,03-03-2024,03-03-2024,Emily Cline,Request new monitor reported by user.
494,209315,Troy Mccarthy,Hardware,Monitor flickering,Adjust refresh rate,Pending,14-10-2025,14-10-2025,Lauren Hicks,Monitor flickering reported by user.
495,678839,Ronald Moreno,Network,DNS not resolving,Restart router,Escalated,21-12-2025,21-12-2025,Rebecca Spencer,DNS not resolving reported by user.
496,764209,Maria Ruiz,Requests,Request new monitor,Check inventory,Resolved,18-10-2025,28-01-2026,Deborah Bishop,Request new monitor reported by user.
497,740652,Tamara Wilson,Security,Forgotten password,Send password reset email,Escalated,15-08-2025,15-08-2025,Jacqueline Carrillo,Forgotten password reported by user.
498,424147,Alexandra Robbins,Hardware,Keyboard not working,Replace keyboard,Resolved,30-04-2025,13-12-2025,Krista Mcdaniel,Keyboard not working reported by user.
499,326716,Jeffery Castillo,Security,User account compromised,Notify user of suspicious activity,Escalated,27-04-2025,27-04-2025,Victoria Villanueva,User account compromised reported by user.
500,467433,Linda Williams,Security,Suspicious login,Block suspicious IP,Pending,31-10-2025,31-10-2025,Jennifer Cochran,Suspicious login reported by user.
501,709667,Danielle Dickson,Hardware,Battery draining fast,Reduce screen brightness,Resolved,01-12-2025,12-01-2026,Eric Holloway,Battery draining fast reported by user.
502,498783,Thomas Moore,Security,Forgotten password,Send password reset email,Pending,12-08-2025,12-08-2025,Mark Cruz,Forgotten password reported by user.
503,863204,Meghan Franklin,Security,User account compromised,Force password reset,Resolved,08-02-2026,13-02-2026,Mr. Mitchell Gray,User account compromised reported by user.
504,885605,Robin Fuller,Hardware,Laptop not starting,Check power cable and adapter,Pending,13-07-2024,13-07-2024,Jill Martin,Laptop not starting reported by user.
505,355350,Christine Dennis,Hardware,Frequent network dropouts,Update router firmware,Resolved,26-10-2025,14-12-2025,Mark Blake,Frequent network dropouts reported by user.
506,655645,Cynthia Price,Requests,Hardware request,Deliver hardware to user,Escalated,16-03-2024,16-03-2024,Kristina Carter,Hardware request reported by user.
507,195667,Robert Carpenter,Storage,Low disk space,Uninstall unused programs,Resolved,29-04-2025,27-05-2025,Amanda White,Low disk space reported by user.
508,997342,Brian Obrien,Requests,Request new monitor,Update asset records,Pending,19-08-2024,19-08-2024,Kari Mccoy,Request new monitor reported by user.
509,860615,Brian Austin,Hardware,Frequent network dropouts,Restart router,Resolved,08-05-2025,30-12-2025,Joshua Howard,Frequent network dropouts reported by user.
510,269958,Mark Patel,Configuration,New device setup,Create user profile,Resolved,15-11-2024,02-07-2025,Tracy Tapia DDS,New device setup reported by user.
511,93635,Lisa Baker,Storage,Shared folder access denied,Check group policies,Pending,28-01-2025,28-01-2025,Adam Vargas,Shared folder access denied reported by user.
512,884256,Bob Bennett,Performance,Computer running slow,Check CPU usage,Pending,04-08-2024,04-08-2024,Stephanie Robinson,Computer running slow reported by user.
513,186612,Amanda Owens,Performance,Slow login times,Restart computer,Escalated,18-12-2024,18-12-2024,Joshua Dalton,Slow login times reported by user.
514,80678,Mr. Vincent Calderon,Incident,Printer malfunction in office,Check printer connection,Resolved,08-04-2024,21-04-2025,John Hill,Printer malfunction in office reported by user.
515,788728,Elijah English,Storage,Shared folder access denied,Check folder permissions,Escalated,24-01-2025,24-01-2025,Bryan Best,Shared folder access denied reported by user.
516,774276,Alex Cole,Performance,High CPU usage,Check running processes,Pending,18-02-2026,18-02-2026,Daniel Martin,High CPU usage reported by user.
517,372641,Mark Charles,Hardware,Cannot connect to Wi-Fi network,Disable VPN temporarily,Pending,06-05-2025,06-05-2025,Charles Miller,Cannot connect to Wi-Fi network reported by user.
518,751808,Daniel Nolan,Security,Phishing email reported,Warn user not to click links,Resolved,09-08-2025,04-02-2026,Christopher Lee,Phishing email reported reported by user.
519,287785,Renee Clarke,Storage,Cannot save to network drive,Restart computer,Resolved,20-08-2024,07-10-2025,Fred King,Cannot save to network drive reported by user.
520,311625,Jennifer King,Storage,Cannot access shared drive,Check network connectivity,Escalated,18-08-2024,18-08-2024,Linda Thompson,Cannot access shared drive reported by user.
521,625548,Jessica Simon,Requests,Request new software license,Check compliance,Resolved,14-06-2025,28-11-2025,Lauren Bentley,Request new software license reported by user.
522,295912,Lucas Sosa,Configuration,Printer setup,Restart printer,Pending,02-11-2025,02-11-2025,Lisa Hays,Printer setup reported by user.
523,227481,Benjamin Smith,Storage,Shared folder access denied,Remap network drive,Pending,05-12-2025,05-12-2025,Ryan Andrews,Shared folder access denied reported by user.
524,587570,Jason Spencer,Storage,Low disk space,Delete temporary files,Resolved,02-11-2024,28-09-2025,Barbara Bell,Low disk space reported by user.
525,225731,Michael Lopez,Performance,Slow internet speed,Check for interference,Resolved,01-10-2024,13-07-2025,Michael Wilson,Slow internet speed reported by user.
526,34462,Barbara Smith,Hardware,Keyboard not working,Check connection,Resolved,19-02-2026,21-02-2026,Kyle Alvarado,Keyboard not working reported by user.
527,103369,Christopher Moore,Incident,Power outage,Escalate if prolonged,Resolved,05-09-2025,25-09-2025,Christopher Morales,Power outage reported by user.
528,977978,Tammy Moreno,Configuration,New printer installation,Map printer on all devices,Escalated,30-01-2026,30-01-2026,Michele Fletcher,New printer installation reported by user.
529,146646,Karen Rios,Incident,Printer malfunction in office,Update driver,Resolved,25-06-2025,22-10-2025,Christopher Fox,Printer malfunction in office reported by user.
530,769170,Theresa Pena,Storage,Low disk space,Compress files,Pending,13-01-2026,13-01-2026,Mrs. Kimberly Deleon,Low disk space reported by user.
531,860837,Cynthia Eaton,Incident,Power outage,Check equipment after restart,Resolved,25-02-2026,25-02-2026,Stephanie Valdez,Power outage reported by user.
532,138228,Sandra Carpenter,Requests,Software installation,Restart computer,Pending,22-12-2024,22-12-2024,Samantha Lucas,Software installation reported by user.
533,562591,Jason Cameron,Requests,Access request for shared folder,Document request,Pending,20-02-2026,20-02-2026,Jill Bell,Access request for shared folder reported by user.
534,692496,Traci Conley,Hardware,Monitor flickering,Check HDMI/Display cable,Pending,24-03-2025,24-03-2025,Jacob Burnett,Monitor flickering reported by user.
535,684551,David Williams,Hardware,Monitor flickering,Test monitor on another device,Resolved,18-01-2026,02-02-2026,Larry Gallagher,Monitor flickering reported by user.
536,547582,Courtney Haney,Configuration,Wi-Fi setup for new office,Enable security protocols,Escalated,25-11-2024,25-11-2024,David Johnson,Wi-Fi setup for new office reported by user.
537,29930,Deanna Johnson,Hardware,Battery draining fast,Reduce screen brightness,Resolved,07-09-2025,19-11-2025,Rachel Burke,Battery draining fast reported by user.
538,325360,Kenneth Hunt,Requests,Software installation,Notify user,Pending,15-07-2025,15-07-2025,Anthony Watson,Software installation reported by user.
539,800325,Thomas Humphrey,Incident,Power outage,Log incident,Pending,23-03-2024,23-03-2024,Amy Martin,Power outage reported by user.
540,372647,Scott Hawkins,Service,Software update failed,Retry update,Escalated,13-09-2024,13-09-2024,Kimberly Nelson,Software update failed reported by user.
541,548882,Justin Kelly,Hardware,Battery draining fast,Replace battery,Resolved,16-12-2024,08-02-2026,Kevin Wilcox DVM,Battery draining fast reported by user.
542,975003,Tiffany Allen,Service,Cloud storage syncing issue,Restart sync client,Resolved,28-01-2025,04-04-2025,Angelica Keller DDS,Cloud storage syncing issue reported by user.
543,504006,Andre Rios,Security,Phishing email reported,Check mail server logs,Pending,19-10-2025,19-10-2025,Christopher Patel,Phishing email reported reported by user.
544,99424,Miss Alexandria Howard,Hardware,Cannot connect to Wi-Fi network,Check for MAC address filtering,Escalated,20-06-2025,20-06-2025,Ryan Foster,Cannot connect to Wi-Fi network reported by user.
545,348621,Stephanie Dunn,Storage,Backup not completing,Test backup on another machine,Resolved,12-06-2024,29-01-2025,Robin Hester DVM,Backup not completing reported by user.
546,862794,Joan Obrien,Storage,Cannot access shared drive,Check permissions,Escalated,23-04-2025,23-04-2025,Christopher Flynn,Cannot access shared drive reported by user.
547,72264,Louis Cook,Configuration,Email client configuration,Restart client,Pending,28-01-2025,28-01-2025,Stephen Armstrong,Email client configuration reported by user.
548,47761,John Bass,Performance,High CPU usage,Adjust performance settings,Resolved,08-12-2025,08-02-2026,Anthony Dixon,High CPU usage reported by user.
549,401669,David Perry,Performance,Slow login times,Check domain controller status,Pending,08-04-2025,08-04-2025,Dr. Michael Hill PhD,Slow login times reported by user.
550,326752,Jennifer Barrett,Hardware,Frequent network dropouts,Check interference from devices,Pending,02-12-2024,02-12-2024,Bethany Sanders,Frequent network dropouts reported by user.
551,152746,Dr. Diane Anderson,Hardware,Battery draining fast,Close unused programs,Resolved,27-03-2025,16-02-2026,Felicia Reed,Battery draining fast reported by user.
552,203492,Sharon Stewart,Security,Unauthorized USB device,Review device logs,Pending,14-12-2025,14-12-2025,Scott Reyes,Unauthorized USB device reported by user.
553,314416,Jennifer Mcgee,Storage,Low disk space,Delete temporary files,Resolved,08-12-2024,10-07-2025,Bill Bradford,Low disk space reported by user.
554,300042,Virginia Rowe,Security,Suspicious login,Check for malware on device,Escalated,23-02-2025,23-02-2025,Shane Thompson,Suspicious login reported by user.
555,278535,Lance Flores,Security,Forgotten password,Check security questions,Resolved,07-07-2024,02-02-2025,Troy Hamilton,Forgotten password reported by user.
556,307650,Shannon Obrien,Storage,Backup failed,Check backup software logs,Escalated,27-12-2025,27-12-2025,Rachel Martin,Backup failed reported by user.
557,231549,Mrs. Hailey Fisher,Hardware,Battery draining fast,Update power driver,Escalated,06-07-2025,06-07-2025,Jonathan Jones,Battery draining fast reported by user.
558,663353,Sarah Fletcher,Service,Cloud storage syncing issue,Update client software,Resolved,17-06-2025,10-10-2025,Kelli Ruiz,Cloud storage syncing issue reported by user.
559,364001,Rebecca Taylor,Security,User account compromised,Review login history,Pending,26-02-2024,26-02-2024,Joshua Cobb,User account compromised reported by user.
560,989135,Bryan Ayala,Service,Cannot access email from mobile,Update email app,Pending,11-08-2025,11-08-2025,James Holland,Cannot access email from mobile reported by user.
561,294997,Richard Sanders,Requests,Access request for shared folder,Update access records,Pending,12-10-2025,12-10-2025,Tammy Martin,Access request for shared folder reported by user.
562,399962,Donald Woods,Incident,Power outage,Resume work once power restored,Escalated,09-10-2024,09-10-2024,John Edwards,Power outage reported by user.
563,483105,Casey Colon,Performance,High CPU usage,Close unnecessary apps,Pending,30-01-2025,30-01-2025,Edward Fischer,High CPU usage reported by user.
564,148454,Steven Meyer MD,Service,Internal web portal not opening,Clear browser cache,Pending,28-03-2025,28-03-2025,Brian Jordan,Internal web portal not opening reported by user.
565,818851,William Smith,Incident,Power outage,Notify facilities team,Resolved,10-07-2025,18-01-2026,Joshua Bailey,Power outage reported by user.
566,442037,Karen Walton,Hardware,Ethernet cable not detected,Reboot computer,Resolved,10-04-2025,25-04-2025,Danielle Jones,Ethernet cable not detected reported by user.
567,586911,Randy Beasley,Storage,Backup not completing,Retry backup manually,Escalated,03-12-2024,03-12-2024,Cynthia Valenzuela,Backup not completing reported by user.
568,598881,Dennis Maldonado,Incident,Server outage,Verify backups,Pending,16-10-2025,16-10-2025,William Marshall,Server outage reported by user.
569,212284,Tyler Daniels,Storage,Low disk space,Uninstall unused programs,Resolved,18-10-2024,20-10-2024,Carmen Nelson,Low disk space reported by user.
570,932578,Ricardo Bennett,Incident,Power outage,Resume work once power restored,Resolved,29-04-2024,14-06-2025,Aaron Foley,Power outage reported by user.
571,739401,Donald Taylor,Security,Account locked,Verify MFA settings,Resolved,20-05-2025,12-11-2025,Matthew Dennis,Account locked reported by user.
572,265940,Alan Crosby,Service,Cloud storage syncing issue,Restart sync client,Pending,11-01-2026,11-01-2026,Allison Smith,Cloud storage syncing issue reported by user.
573,471760,Laura Myers,Incident,Printer malfunction in office,Restart printer,Resolved,22-04-2024,21-09-2024,Dawn Diaz,Printer malfunction in office reported by user.
574,792210,Ms. Anna Olson,Configuration,Wi-Fi setup for new office,Test signal coverage,Pending,03-04-2025,03-04-2025,Brittany Weaver,Wi-Fi setup for new office reported by user.
575,677614,Benjamin Shaw,Requests,Request new software license,Notify user,Pending,11-01-2025,11-01-2025,James White,Request new software license reported by user.
576,435825,Diane Robinson,Configuration,Email client configuration,Check firewall settings,Pending,13-06-2024,13-06-2024,Joy Ingram,Email client configuration reported by user.
577,837481,Lisa Hines,Hardware,Keyboard not working,Test with external keyboard,Pending,23-01-2025,23-01-2025,Michelle Riley,Keyboard not working reported by user.
578,625772,Jody Oliver,Requests,Hardware request,Approve request,Escalated,31-01-2026,31-01-2026,Kevin Nolan,Hardware request reported by user.
579,332454,Lori Garcia,Storage,Cannot access shared drive,Map network drive again,Resolved,25-03-2024,26-07-2024,Renee Foley,Cannot access shared drive reported by user.
580,603639,Christopher Johnson,Storage,Shared folder access denied,Restart computer,Escalated,11-01-2025,11-01-2025,Rachel Brennan,Shared folder access denied reported by user.
581,219385,George Thomas,Network,Cannot access internal portal,Test on another device,Pending,06-07-2024,06-07-2024,Dennis Donaldson,Cannot access internal portal reported by user.
582,670018,Zachary Dickson,Service,Cloud service down,Check service status page,Resolved,17-03-2024,11-09-2024,Kathy Obrien,Cloud service down reported by user.
583,56417,Tara Ellison,Security,Forgotten password,Escalate to admin if needed,Resolved,05-07-2025,22-07-2025,Brianna Payne,Forgotten password reported by user.
584,611048,Betty Warren,Performance,Computer running slow,Check CPU usage,Escalated,18-04-2025,18-04-2025,Ian Reed,Computer running slow reported by user.
585,325707,Alison Meza,Performance,Application freezing,Reinstall application,Resolved,16-08-2024,15-05-2025,Evan Hunt,Application freezing reported by user.
586,741566,Gary Schroeder,Network,Printer jam,Update printer driver,Pending,26-04-2025,26-04-2025,Michael Williams,Printer jam reported by user.
587,645067,Tyrone Hampton,Performance,High CPU usage,Update drivers,Resolved,12-11-2024,29-04-2025,Bobby Fuller,High CPU usage reported by user.
588,464903,Clayton Castro,Configuration,New device setup,Configure peripherals,Resolved,18-05-2024,21-12-2024,Randy Brown,New device setup reported by user.
589,864232,David Livingston,Service,Cloud storage syncing issue,Verify account login,Pending,07-10-2024,07-10-2024,Alexandra Serrano,Cloud storage syncing issue reported by user.
590,309828,John Goodwin,Incident,Printer malfunction in office,Check printer connection,Escalated,31-05-2024,31-05-2024,James Carpenter,Printer malfunction in office reported by user.
591,990879,Erin Jordan,Requests,Hardware request,Verify model compatibility,Pending,08-08-2024,08-08-2024,Alexandra Casey,Hardware request reported by user.
592,735496,Michael Reed,Incident,Printer malfunction in office,Test print,Resolved,26-01-2025,24-07-2025,Michael Smith,Printer malfunction in office reported by user.
593,698688,Anthony Potts,Hardware,Keyboard not working,Check connection,Escalated,20-08-2024,20-08-2024,Michael Jackson,Keyboard not working reported by user.
594,39152,Krystal Edwards,Service,Internal web portal not opening,Verify VPN connection,Resolved,08-12-2025,13-02-2026,Sabrina Perez,Internal web portal not opening reported by user.
595,393511,Matthew Warren,Service,Software update failed,Check for sufficient disk space,Resolved,30-09-2024,13-03-2025,Craig Scott,Software update failed reported by user.
596,83012,Paula Norton,Configuration,Email client configuration,Restart client,Escalated,17-06-2025,17-06-2025,Jennifer Ballard,Email client configuration reported by user.
597,125487,Kayla Franklin,Incident,Printer malfunction in office,Test print,Pending,09-06-2024,09-06-2024,Michael Hays,Printer malfunction in office reported by user.
598,266284,Brian Clark,Service,Cloud storage syncing issue,Check firewall settings,Resolved,09-01-2025,23-04-2025,Jeff Townsend,Cloud storage syncing issue reported by user.
599,618879,Randy Harris,Security,Suspicious login,Check for malware on device,Resolved,10-01-2026,12-02-2026,Randy Mcintosh,Suspicious login reported by user.
600,381344,Jose Smith,Requests,Request new monitor,Approve request,Resolved,03-01-2026,05-01-2026,Dana Walker,Request new monitor reported by user.
601,497353,Carlos Garcia,Storage,Cannot access shared drive,Verify credentials,Pending,24-04-2025,24-04-2025,Rachel Barron,Cannot access shared drive reported by user.
602,336645,Jennifer Vargas,Security,Account locked,Force password reset,Escalated,05-09-2024,05-09-2024,Christian Hensley MD,Account locked reported by user.
603,762499,Kathryn Bell,Configuration,Email client configuration,Restart client,Resolved,26-11-2025,20-02-2026,Heather Welch,Email client configuration reported by user.
604,470902,John Scott,Performance,High CPU usage,Scan for malware,Resolved,17-08-2025,12-11-2025,Amanda Lee,High CPU usage reported by user.
605,114402,Joshua Gibson,Performance,Slow login times,Restart computer,Pending,05-07-2025,05-07-2025,Jason Davenport,Slow login times reported by user.
606,18685,Kevin Hernandez,Configuration,Email client configuration,Enter correct server settings,Pending,25-09-2025,25-09-2025,Kayla Chambers,Email client configuration reported by user.
607,267253,Julie Cain,Incident,Power outage,Verify safety protocols,Pending,08-10-2024,08-10-2024,Tim Thomas,Power outage reported by user.
608,320017,Shawn Barnes,Requests,Request new monitor,Check inventory,Pending,28-10-2025,28-10-2025,Michael Johnson,Request new monitor reported by user.
609,261631,Brandy Mendoza,Security,Phishing email reported,Quarantine email,Resolved,09-06-2024,04-07-2025,Curtis Holloway,Phishing email reported reported by user.
610,568589,Donna Wright,Network,DNS not resolving,Verify IP configuration,Pending,10-03-2025,10-03-2025,Scott Young,DNS not resolving reported by user.
611,324036,Lisa Griffin,Requests,Access request for shared folder,Update access records,Pending,05-04-2024,05-04-2024,Sharon Chambers,Access request for shared folder reported by user.
612,277997,Alicia Shepard,Hardware,Battery draining fast,Disable unnecessary background apps,Resolved,03-10-2024,25-02-2025,Richard Phillips,Battery draining fast reported by user.
613,283270,Natalie Bradford,Service,Cloud service down,Verify firewall settings,Pending,01-06-2025,01-06-2025,Alisha Abbott,Cloud service down reported by user.
614,982983,Bruce Horton,Performance,High CPU usage,Scan for malware,Pending,18-06-2024,18-06-2024,Ryan Johnson,High CPU usage reported by user.
615,300573,Tina Stevens,Incident,Server outage,Verify backups,Pending,14-12-2025,14-12-2025,Mark Leonard,Server outage reported by user.
616,752677,Jimmy Wilson,Hardware,Laptop not starting,Test with another power outlet,Resolved,17-06-2025,18-08-2025,Cathy Becker,Laptop not starting reported by user.
617,586938,Lauren Fuller,Performance,Slow login times,Check domain controller status,Escalated,30-07-2024,30-07-2024,Mary Gibson,Slow login times reported by user.
618,64929,Jason Vega,Incident,Server outage,Restart server,Escalated,20-04-2024,20-04-2024,Victoria King,Server outage reported by user.
619,595365,Phillip Snyder,Requests,Hardware request,Update inventory record,Escalated,11-07-2024,11-07-2024,Lorraine Wong DVM,Hardware request reported by user.
620,47205,Matthew Adams,Incident,Printer malfunction in office,Document issue,Pending,27-10-2024,27-10-2024,Tamara Salas,Printer malfunction in office reported by user.
621,156435,Sydney Fletcher,Requests,Request new monitor,Notify user,Escalated,25-06-2025,25-06-2025,Justin Sanchez DDS,Request new monitor reported by user.
622,870237,Brandon Thompson,Storage,Cannot access shared drive,Map network drive again,Pending,28-09-2024,28-09-2024,Robert Holt,Cannot access shared drive reported by user.
623,947098,Shelly Gillespie,Storage,Backup not completing,Check network connection,Pending,20-01-2026,20-01-2026,Felicia Howell,Backup not completing reported by user.
624,125881,Nicholas Martin,Network,Printer jam,Restart printer,Resolved,04-07-2024,09-02-2025,Joshua Ingram,Printer jam reported by user.
625,373562,Audrey Wilson,Configuration,Wi-Fi setup for new office,Enable security protocols,Escalated,10-11-2025,10-11-2025,Jennifer Martin,Wi-Fi setup for new office reported by user.
626,126959,Bobby Henry,Configuration,Email client configuration,Update email client,Resolved,24-08-2025,21-11-2025,Robert Adams,Email client configuration reported by user.
627,891935,Joseph Phelps,Hardware,Frequent network dropouts,Replace faulty router,Escalated,08-06-2025,08-06-2025,Misty Grimes,Frequent network dropouts reported by user.
628,36912,Nicole Mcclain,Configuration,New device setup,Create user profile,Pending,16-08-2025,16-08-2025,Kathleen Carlson,New device setup reported by user.
629,744679,Reginald Brown,Service,Cannot access email from mobile,Check server settings,Pending,25-03-2025,25-03-2025,Shannon Lewis DVM,Cannot access email from mobile reported by user.
630,133816,Veronica Eaton,Storage,Low disk space,Compress files,Pending,28-07-2024,28-07-2024,Larry Pierce,Low disk space reported by user.
631,86740,Misty Palmer,Service,Email not syncing,Check mailbox size,Resolved,29-05-2025,05-02-2026,Lauren Barnett,Email not syncing reported by user.
632,609028,Martha Gonzales,Network,DNS not resolving,Ping DNS to test,Escalated,28-09-2025,28-09-2025,Chad Peterson,DNS not resolving reported by user.
633,528396,Patricia Adams,Security,Forgotten password,Use self-service portal for reset,Resolved,21-09-2024,27-10-2025,Diana Miller,Forgotten password reported by user.
634,372268,April Adams,Storage,Shared folder access denied,Restart computer,Escalated,31-05-2025,31-05-2025,Becky Taylor,Shared folder access denied reported by user.
635,76054,Susan Rogers,Network,Wi-Fi slow,Disable background downloads,Pending,22-03-2025,22-03-2025,Michael Smith,Wi-Fi slow reported by user.
636,833402,Jenny Freeman,Incident,Power outage,Use UPS,Resolved,24-02-2026,24-02-2026,Danny Thomas,Power outage reported by user.
637,506485,Donna Carr,Incident,Printer malfunction in office,Replace toner or paper,Escalated,05-09-2025,05-09-2025,Sara Smith,Printer malfunction in office reported by user.
638,829160,Danny Morris,Network,DNS not resolving,Change DNS server to Google/OpenDNS,Pending,27-11-2025,27-11-2025,Kathryn Powell,DNS not resolving reported by user.
639,770568,Jordan Rose,Hardware,Ethernet cable not detected,Update network driver,Resolved,08-12-2024,29-03-2025,Wendy Nicholson,Ethernet cable not detected reported by user.
640,738535,Nicholas Paul,Network,Scanner not working,Reinstall scanner software,Escalated,04-02-2026,04-02-2026,Renee Bass,Scanner not working reported by user.
641,255706,Paula Palmer,Network,Cannot access internal portal,Clear browser cache,Pending,23-09-2025,23-09-2025,Anthony Banks,Cannot access internal portal reported by user.
642,890480,David Mccann,Hardware,Laptop not starting,Disconnect peripherals and retry,Escalated,19-12-2024,19-12-2024,Kenneth Suarez,Laptop not starting reported by user.
643,345723,John Young,Network,Mouse not responding,Clean mouse sensor,Escalated,24-09-2024,24-09-2024,Christopher Duncan,Mouse not responding reported by user.
644,864551,David Sparks,Security,Account locked,Reset password,Pending,09-10-2024,09-10-2024,Angela Carter,Account locked reported by user.
645,704990,Debra Knight,Requests,Request new software license,Install software,Pending,14-01-2025,14-01-2025,Caitlin Braun,Request new software license reported by user.
646,353926,Laura Cook,Incident,Power outage,Verify safety protocols,Escalated,15-06-2024,15-06-2024,Daniel Black,Power outage reported by user.
647,181383,Matthew Sullivan,Requests,Software installation,Verify license activation,Resolved,28-06-2025,22-08-2025,Chad Wilkinson,Software installation reported by user.
648,560642,Michael Nash,Security,Suspicious login,Enable MFA,Escalated,03-04-2025,03-04-2025,Benjamin Nelson,Suspicious login reported by user.
649,846048,Charles Barton,Storage,Low disk space,Compress files,Pending,16-05-2024,16-05-2024,Amanda Webb,Low disk space reported by user.
650,172070,Michael Alvarez,Configuration,Email client configuration,Restart client,Pending,12-09-2025,12-09-2025,Leslie Taylor MD,Email client configuration reported by user.
651,121012,Warren Logan,Network,Mouse not responding,Try a different port,Resolved,17-07-2024,03-02-2026,Sara Zimmerman,Mouse not responding reported by user.
652,927450,Thomas Grant,Incident,Server outage,Document incident,Pending,12-06-2024,12-06-2024,Chelsea Sullivan,Server outage reported by user.
653,413266,Dean Lane,Service,Cloud service down,Verify account access,Pending,30-08-2024,30-08-2024,Alyssa Mendez,Cloud service down reported by user.
654,606556,Ellen Duncan,Performance,High CPU usage,Close unnecessary apps,Escalated,22-01-2025,22-01-2025,Lynn Smith,High CPU usage reported by user.
655,434828,Mike Smith,Storage,Cannot save to network drive,Verify network connectivity,Escalated,31-10-2024,31-10-2024,Brad Fuller,Cannot save to network drive reported by user.
656,821951,Heather Davis,Configuration,Wi-Fi setup for new office,Update router firmware,Resolved,14-11-2025,16-12-2025,Jesse Parrish,Wi-Fi setup for new office reported by user.
657,760418,Amy Jordan,Configuration,Email client configuration,Check firewall settings,Escalated,01-01-2026,01-01-2026,Denise Doyle,Email client configuration reported by user.
658,553095,Robert Campbell,Hardware,Battery draining fast,Update power driver,Pending,15-06-2024,15-06-2024,Jose Phillips,Battery draining fast reported by user.
659,564097,Edward Fisher,Security,Phishing email reported,Update spam filters,Pending,04-02-2026,04-02-2026,Nicole Brock,Phishing email reported reported by user.
660,324608,William Nichols,Performance,Computer overheating,Clean fans and vents,Escalated,29-03-2024,29-03-2024,Robert Mcfarland,Computer overheating reported by user.
661,403830,Matthew Smith,Configuration,Printer setup,Update firmware,Escalated,09-02-2025,09-02-2025,Keith Barnes,Printer setup reported by user.
662,130509,Amy Kim,Configuration,New printer installation,Update firmware,Pending,10-02-2026,10-02-2026,Jacob Peck,New printer installation reported by user.
663,266837,Karen Watkins,Performance,Computer overheating,Check for malware,Pending,02-04-2024,02-04-2024,Jean Allen,Computer overheating reported by user.
664,357723,Thomas Stokes,Hardware,Battery draining fast,Calibrate battery,Pending,06-01-2025,06-01-2025,Kevin Avila,Battery draining fast reported by user.
665,348882,Wesley Hendricks,Configuration,Wi-Fi setup for new office,Update router firmware,Pending,07-02-2026,07-02-2026,Jennifer Aguirre,Wi-Fi setup for new office reported by user.
666,742575,Dennis Anderson,Requests,Request new software license,Document license key,Pending,25-07-2025,25-07-2025,Paul Vargas,Request new software license reported by user.
667,390630,Jennifer Adkins,Security,Forgotten password,Send password reset email,Escalated,15-09-2024,15-09-2024,Cynthia Carter,Forgotten password reported by user.
668,123875,David Beck,Configuration,Wi-Fi setup for new office,Set up VLANs if needed,Escalated,25-08-2024,25-08-2024,Tammy Sparks,Wi-Fi setup for new office reported by user.
669,279233,Troy Jackson,Storage,Shared folder access denied,Check group policies,Escalated,22-08-2024,22-08-2024,David Blair,Shared folder access denied reported by user.
670,287272,David Espinoza,Performance,Computer running slow,Defragment disk,Pending,17-06-2024,17-06-2024,Luis Allen,Computer running slow reported by user.
671,916014,Austin Rocha,Storage,Cannot save to network drive,Restart computer,Resolved,25-05-2024,13-02-2026,Christopher Owens,Cannot save to network drive reported by user.
672,97874,Benjamin Cherry,Requests,Request new software license,Check compliance,Pending,06-10-2025,06-10-2025,Marie Kelly,Request new software license reported by user.
673,425689,Rebecca Bates,Performance,Computer overheating,Check for malware,Pending,19-09-2024,19-09-2024,Charles Turner,Computer overheating reported by user.
674,96120,Gregory Proctor,Hardware,Ethernet cable not detected,Check cable connection,Resolved,13-12-2024,07-10-2025,Debra Blair,Ethernet cable not detected reported by user.
675,366661,Jeffrey Rodriguez,Storage,Low disk space,Use disk cleanup utility,Escalated,20-04-2025,20-04-2025,Joshua Meyers,Low disk space reported by user.
676,168004,John Solomon,Incident,Server outage,Verify backups,Pending,27-08-2025,27-08-2025,Jose Winters,Server outage reported by user.
677,81130,Craig Cameron,Performance,Slow login times,Check network speed,Escalated,29-08-2024,29-08-2024,Mary Lambert,Slow login times reported by user.
678,578428,Beth Fisher,Performance,Application freezing,Close other programs,Escalated,06-06-2024,06-06-2024,Samuel Garcia,Application freezing reported by user.
679,1623,James Santos,Configuration,Wi-Fi setup for new office,Enable security protocols,Pending,13-05-2025,13-05-2025,Brian Hampton,Wi-Fi setup for new office reported by user.
680,164489,Aaron Campbell,Performance,Computer overheating,Check for malware,Pending,16-11-2025,16-11-2025,Brenda Glenn,Computer overheating reported by user.
681,904078,Daniel Murray,Performance,Slow internet speed,Check for interference,Escalated,06-05-2024,06-05-2024,Joseph Smith,Slow internet speed reported by user.
682,739384,Trevor Luna,Service,Cannot access email from mobile,Update email app,Resolved,08-12-2025,02-01-2026,Bruce Jones,Cannot access email from mobile reported by user.
683,568994,Henry Coleman,Performance,High CPU usage,Restart computer,Resolved,28-06-2025,29-11-2025,Jacqueline Johnson,High CPU usage reported by user.
684,861971,Jennifer Anderson,Service,Cloud service down,Verify account access,Resolved,17-03-2025,13-04-2025,Karen Duncan,Cloud service down reported by user.
685,347026,Rachel Collins,Network,Printer jam,Update printer driver,Resolved,15-07-2024,28-01-2025,Michelle Goodwin,Printer jam reported by user.
686,361853,Mrs. Julie Salazar,Configuration,New printer installation,Install driver software,Pending,13-08-2024,13-08-2024,Justin Wilson,New printer installation reported by user.
687,235723,Thomas Evans,Network,Mouse not responding,Test with another mouse,Pending,10-06-2025,10-06-2025,Kathy Hanson,Mouse not responding reported by user.
688,247265,John Garcia,Network,Wi-Fi slow,Switch to 5GHz band,Escalated,09-06-2024,09-06-2024,Brian Mueller,Wi-Fi slow reported by user.
689,995908,Christopher Kirk,Configuration,New printer installation,Restart printer,Resolved,09-03-2024,11-12-2025,Barbara Russell,New printer installation reported by user.
690,518072,Hailey Bishop,Incident,Printer malfunction in office,Replace toner or paper,Pending,29-05-2024,29-05-2024,Samantha Nixon,Printer malfunction in office reported by user.
691,419068,Amanda Hoover,Storage,Low disk space,Delete temporary files,Escalated,25-11-2024,25-11-2024,Brianna Cruz,Low disk space reported by user.
692,312939,David Rodgers,Incident,Server outage,Document incident,Pending,19-03-2024,19-03-2024,Jessica Clark,Server outage reported by user.
693,80376,Lisa Jones,Security,Unauthorized USB device,Educate user on policy,Pending,23-12-2025,23-12-2025,Virginia Brooks,Unauthorized USB device reported by user.
694,575713,Denise Cobb,Requests,Request new monitor,Assign monitor to user,Pending,24-10-2024,24-10-2024,Christopher Davis,Request new monitor reported by user.
695,986748,Michael Lee,Hardware,Frequent network dropouts,Change Wi-Fi channel,Resolved,21-09-2025,27-10-2025,Ryan Jones,Frequent network dropouts reported by user.
696,934619,Aaron Bridges,Service,Cloud storage syncing issue,Verify account login,Escalated,08-03-2025,08-03-2025,Bryce Schultz,Cloud storage syncing issue reported by user.
697,724036,Jessica Anderson,Incident,Printer malfunction in office,Test print,Resolved,07-02-2026,25-02-2026,Lauren Sims,Printer malfunction in office reported by user.
698,443498,Anthony Flores,Security,Forgotten password,Verify identity before reset,Resolved,27-12-2025,29-12-2025,Joseph Stone,Forgotten password reported by user.
699,833248,Daniel Shaw,Storage,Cannot save to network drive,Contact IT admin,Resolved,06-10-2025,19-12-2025,Andrew Gomez,Cannot save to network drive reported by user.
700,175552,Bernard Garrett,Security,User account compromised,Enable MFA,Pending,15-05-2025,15-05-2025,Jason Dorsey,User account compromised reported by user.
701,238162,Anne Morales,Security,Forgotten password,Check security questions,Resolved,07-03-2025,06-02-2026,Mr. Gregory Donovan MD,Forgotten password reported by user.
702,480099,Justin Davis,Configuration,New device setup,Install required applications,Resolved,10-05-2025,07-01-2026,Steven Rogers,New device setup reported by user.
703,738495,Scott Henderson,Security,Forgotten password,Verify identity before reset,Resolved,30-01-2026,08-02-2026,Erica Moran,Forgotten password reported by user.
704,477148,Shaun Collins,Service,Software update failed,Clear update cache,Pending,01-06-2025,01-06-2025,Eric Russell,Software update failed reported by user.
705,612461,Erica Grant,Performance,Slow login times,Check domain controller status,Resolved,10-09-2025,03-10-2025,Lawrence Baker,Slow login times reported by user.
706,727889,Paula Nelson,Network,Wi-Fi slow,Check for interference from other devices,Pending,02-01-2025,02-01-2025,Sean Duncan,Wi-Fi slow reported by user.
707,989389,Wayne Figueroa,Configuration,Wi-Fi setup for new office,Test signal coverage,Resolved,22-07-2024,09-06-2025,Mark Rose,Wi-Fi setup for new office reported by user.
708,69072,Alexander Davis,Incident,Server outage,Check server logs,Resolved,22-02-2025,21-02-2026,Tamara Huerta,Server outage reported by user.
709,87501,Eric Carpenter,Configuration,Wi-Fi setup for new office,Test connectivity on multiple devices,Resolved,14-09-2024,08-12-2024,Emily Robinson,Wi-Fi setup for new office reported by user.
710,298321,Dillon Miller,Configuration,Email client configuration,Restart client,Escalated,30-01-2026,30-01-2026,Amanda Bradford,Email client configuration reported by user.
711,879679,Nicholas Parks,Incident,Power outage,Log incident,Pending,24-05-2024,24-05-2024,Lauren Welch,Power outage reported by user.
712,322795,Jesse Hicks,Configuration,Printer setup,Test print,Pending,05-12-2024,05-12-2024,Melissa Jones,Printer setup reported by user.
713,184184,Courtney Jackson,Incident,Printer malfunction in office,Contact vendor support,Resolved,12-03-2024,12-01-2026,James Jackson,Printer malfunction in office reported by user.
714,965793,Paul Campbell,Security,User account compromised,Notify user of suspicious activity,Resolved,17-05-2024,27-01-2025,Kimberly Carr,User account compromised reported by user.
715,796428,Dustin Pacheco,Service,Software update failed,Check internet connection,Pending,24-04-2025,24-04-2025,Alexis Ramirez,Software update failed reported by user.
716,13258,Jennifer Schwartz,Storage,Shared folder access denied,Verify network connectivity,Resolved,24-06-2025,12-01-2026,Lisa Gordon,Shared folder access denied reported by user.
717,36803,Victoria Stone,Performance,Computer overheating,Update BIOS/firmware,Escalated,04-11-2024,04-11-2024,Connie Thomas,Computer overheating reported by user.
718,419933,Mark Morgan,Security,Suspicious login,Notify user,Escalated,09-11-2024,09-11-2024,Heidi Lopez,Suspicious login reported by user.
719,245125,Alejandro Rogers,Incident,Power outage,Verify safety protocols,Escalated,08-07-2025,08-07-2025,Victoria Vazquez,Power outage reported by user.
720,34798,Bethany Gray MD,Requests,Request new monitor,Verify warranty,Escalated,30-03-2025,30-03-2025,Raymond Rodriguez,Request new monitor reported by user.
721,935050,James Griffin,Performance,High CPU usage,Update drivers,Escalated,12-03-2024,12-03-2024,Zachary Anderson,High CPU usage reported by user.
722,642168,Savannah Robinson,Incident,Server outage,Escalate to admin if needed,Resolved,07-11-2024,14-12-2024,Mrs. Joyce Chapman,Server outage reported by user.
723,755917,Jordan Hawkins,Storage,Backup failed,Retry backup,Pending,20-09-2024,20-09-2024,James Brown,Backup failed reported by user.
724,249769,Shawna Reynolds,Requests,Request new software license,Approve request,Pending,22-06-2025,22-06-2025,Mary Estes,Request new software license reported by user.
725,558964,Taylor Spencer,Requests,Hardware request,Update inventory record,Resolved,02-11-2024,11-11-2025,Michael Young,Hardware request reported by user.
726,117308,Mariah Davis,Hardware,Keyboard not working,Update keyboard driver,Pending,06-05-2024,06-05-2024,James Jones,Keyboard not working reported by user.
727,257853,Becky Martinez,Security,Account locked,Clear browser cache,Escalated,04-05-2025,04-05-2025,Leslie Tucker,Account locked reported by user.
728,328776,Mary Robinson,Security,Unauthorized USB device,Block USB device,Resolved,23-05-2025,30-05-2025,Jordan Taylor,Unauthorized USB device reported by user.
729,775239,Justin Bennett,Security,Forgotten password,Issue temporary password,Escalated,02-05-2024,02-05-2024,Ashley Stanley,Forgotten password reported by user.
730,520323,Nancy Holmes,Service,Cloud service down,Check service status page,Resolved,15-09-2025,11-10-2025,Melinda Bennett,Cloud service down reported by user.
731,298523,Dawn Byrd,Service,Internal web portal not opening,Contact IT support,Resolved,15-01-2026,04-02-2026,Christopher Garcia,Internal web portal not opening reported by user.
732,784600,John Burns,Performance,Computer running slow,Restart computer,Pending,28-01-2026,28-01-2026,Debra Johnson,Computer running slow reported by user.
733,572999,Kaitlin Joseph,Storage,Cannot save to network drive,Verify network connectivity,Escalated,22-04-2025,22-04-2025,Paula Peterson,Cannot save to network drive reported by user.
734,601486,Brian Taylor,Service,Software update failed,Manually download update,Pending,01-02-2025,01-02-2025,Robert Davis,Software update failed reported by user.
735,533855,John Davis,Hardware,Cannot connect to Wi-Fi network,Update Wi-Fi driver,Resolved,26-02-2025,11-12-2025,Tammy Rodriguez,Cannot connect to Wi-Fi network reported by user.
736,562202,Maria Smith,Requests,Software installation,Check compatibility,Escalated,08-02-2025,08-02-2025,Gregory Medina,Software installation reported by user.
737,389932,Cynthia Guerra,Storage,Backup failed,Verify storage availability,Resolved,13-11-2024,15-02-2025,Sergio Kelly,Backup failed reported by user.
738,336351,Stacey Brown,Network,Cannot access internal portal,Check firewall settings,Pending,11-09-2024,11-09-2024,Nathan Giles,Cannot access internal portal reported by user.
739,936081,Cody Pruitt,Incident,Server outage,Check server logs,Pending,25-07-2024,25-07-2024,Alexandra Grimes,Server outage reported by user.
740,388986,Amy Hensley,Hardware,Battery draining fast,Reduce screen brightness,Resolved,29-06-2025,17-02-2026,Kimberly Mason,Battery draining fast reported by user.
741,679726,Tiffany Miller,Service,Cloud storage syncing issue,Update client software,Pending,03-05-2024,03-05-2024,Michele Cruz,Cloud storage syncing issue reported by user.
742,27895,Erica Kerr,Requests,Hardware request,Check warranty status,Resolved,12-10-2024,26-12-2025,Linda Gibson,Hardware request reported by user.
743,616731,Stephanie Hart,Service,Cloud service down,Verify firewall settings,Escalated,24-10-2024,24-10-2024,Jill Goodwin,Cloud service down reported by user.
744,602395,Kenneth Hicks,Service,Software update failed,Restart update service,Resolved,07-09-2024,21-02-2026,Christine Alexander,Software update failed reported by user.
745,169455,Roberta Martin,Service,Internal web portal not opening,Verify VPN connection,Pending,15-07-2024,15-07-2024,Deborah Griffin,Internal web portal not opening reported by user.
746,904768,Darryl Brady,Hardware,Laptop not starting,Reset CMOS/BIOS,Resolved,24-04-2024,14-08-2025,Jasmin Davis,Laptop not starting reported by user.
747,647762,Mathew Matthews,Hardware,Frequent network dropouts,Check interference from devices,Escalated,20-02-2025,20-02-2025,Nicholas Hensley,Frequent network dropouts reported by user.
748,2577,Melissa Johnson,Network,Printer jam,Test printer with another PC,Resolved,25-06-2024,26-08-2025,Tammy Rojas,Printer jam reported by user.
749,700650,Zachary Warren,Storage,Cannot access shared drive,Restart computer,Pending,06-06-2025,06-06-2025,Jamie Thomas,Cannot access shared drive reported by user.
750,398625,Heather Hernandez,Hardware,Frequent network dropouts,Replace faulty router,Escalated,18-01-2025,18-01-2025,John White,Frequent network dropouts reported by user.
751,891742,William Grant,Incident,Server outage,Notify IT team,Pending,16-02-2025,16-02-2025,Kimberly Mclaughlin,Server outage reported by user.
752,700423,Jennifer Norman,Security,Account locked,Clear browser cache,Escalated,27-09-2024,27-09-2024,Donald Fisher,Account locked reported by user.
753,238249,Dale Hughes,Performance,Application freezing,Check for updates,Pending,15-09-2024,15-09-2024,Isabella Quinn,Application freezing reported by user.
754,206901,William Sanchez,Security,Account locked,Contact security team,Pending,04-05-2025,04-05-2025,Steven Olson,Account locked reported by user.
755,335312,James Miller,Storage,Cannot access shared drive,Check permissions,Pending,27-03-2025,27-03-2025,James Murphy,Cannot access shared drive reported by user.
756,82193,Christopher Avila,Requests,Request new software license,Verify system requirements,Pending,04-04-2024,04-04-2024,Brian West,Request new software license reported by user.
757,594798,Cassandra Potter,Storage,Cannot access shared drive,Restart computer,Escalated,19-04-2025,19-04-2025,Theresa Smith,Cannot access shared drive reported by user.
758,801254,Wendy Williams,Incident,Power outage,Log incident,Resolved,08-04-2025,14-12-2025,Kimberly Collins,Power outage reported by user.
759,297280,Amy Williams,Incident,Server outage,Notify IT team,Escalated,12-09-2025,12-09-2025,Michele Martinez,Server outage reported by user.
760,19107,Marcus Collins,Hardware,Monitor flickering,Restart computer,Pending,20-08-2025,20-08-2025,Mr. John Page,Monitor flickering reported by user.
761,809246,Denise Lee,Network,VPN not connecting,Reinstall VPN profile,Escalated,18-01-2026,18-01-2026,Dr. Gina Thomas MD,VPN not connecting reported by user.
762,824493,Jay Wilson,Security,Forgotten password,Escalate to admin if needed,Escalated,22-01-2025,22-01-2025,Jaclyn Bell,Forgotten password reported by user.
763,201901,Thomas Fisher,Network,Internet not working,Ping gateway to test,Escalated,11-07-2025,11-07-2025,Mary Hart,Internet not working reported by user.
764,658563,Christian Francis,Requests,Software installation,Install approved software,Pending,17-07-2024,17-07-2024,Brady Gilbert,Software installation reported by user.
765,798840,Brandon Mccall,Requests,Request new software license,Notify user,Escalated,12-02-2025,12-02-2025,Melissa Daugherty,Request new software license reported by user.
766,502967,Cynthia Perez,Security,Unauthorized USB device,Scan for malware,Escalated,22-04-2025,22-04-2025,Lindsey Stewart,Unauthorized USB device reported by user.
767,418574,Jessica Lee,Configuration,Printer setup,Update firmware,Pending,24-04-2025,24-04-2025,Debra Wright,Printer setup reported by user.
768,350049,Shannon Harris,Storage,Low disk space,Delete temporary files,Escalated,22-02-2025,22-02-2025,Amber Tucker,Low disk space reported by user.
769,249291,Martin Gomez,Service,Software update failed,Retry update,Escalated,18-04-2025,18-04-2025,Jeffrey Richardson,Software update failed reported by user.
770,818655,Maria Rogers,Service,Email not syncing,Check mailbox size,Escalated,24-11-2024,24-11-2024,Jillian Myers,Email not syncing reported by user.
771,38739,Nicholas Andrews,Performance,Computer overheating,Adjust power settings,Escalated,11-09-2025,11-09-2025,Keith Conway,Computer overheating reported by user.
772,96630,Jay Maxwell,Storage,Low disk space,Delete temporary files,Pending,30-03-2025,30-03-2025,Wayne Hines,Low disk space reported by user.
773,416059,Kevin Clark,Requests,Access request for shared folder,Notify user,Resolved,27-04-2025,18-06-2025,William Brown PhD,Access request for shared folder reported by user.
774,151939,Heather Perez,Hardware,Ethernet cable not detected,Check cable connection,Resolved,28-02-2024,21-02-2025,Albert Kirby,Ethernet cable not detected reported by user.
775,469077,Steven Dillon,Performance,Computer overheating,Check for malware,Pending,15-10-2025,15-10-2025,Stephen Barnes,Computer overheating reported by user.
776,896162,James Bryant,Performance,High CPU usage,Adjust performance settings,Resolved,23-09-2025,25-09-2025,Stacey Johnson,High CPU usage reported by user.
777,230771,Louis Williams,Performance,Slow login times,Restart computer,Pending,11-01-2025,11-01-2025,Kelly Martin,Slow login times reported by user.
778,356808,Anne Cameron,Hardware,Cannot connect to Wi-Fi network,Restart router,Resolved,09-08-2024,21-03-2025,Jeanette Vang,Cannot connect to Wi-Fi network reported by user.
779,327921,Audrey Lyons,Performance,Application freezing,Update software,Pending,20-09-2025,20-09-2025,Alexandra Johnson,Application freezing reported by user.
780,846658,Timothy Soto,Configuration,Email client configuration,Enter correct server settings,Escalated,15-03-2024,15-03-2024,Richard Acosta,Email client configuration reported by user.
781,505295,Danielle Montgomery,Network,Wi-Fi slow,Disable background downloads,Pending,10-04-2025,10-04-2025,Bethany Holland,Wi-Fi slow reported by user.
782,977425,Scott Perez,Storage,Backup failed,Verify storage availability,Escalated,21-08-2024,21-08-2024,Emily Liu,Backup failed reported by user.
783,440628,Lisa Hartman,Configuration,Printer setup,Check printer IP,Pending,16-03-2025,16-03-2025,Charles Brooks,Printer setup reported by user.
784,514535,Eric Davis,Incident,Printer malfunction in office,Update driver,Pending,30-05-2024,30-05-2024,Michele May,Printer malfunction in office reported by user.
785,646761,Harold Young,Performance,Application freezing,Reinstall application,Pending,05-06-2024,05-06-2024,Donald Snyder,Application freezing reported by user.
786,318084,Christopher Perez,Network,IP conflict,Assign static IP,Pending,09-02-2026,09-02-2026,Sandra Carney,IP conflict reported by user.
787,612038,Jose Joseph,Storage,Cannot save to network drive,Restart computer,Resolved,08-09-2025,15-01-2026,Julie Valencia,Cannot save to network drive reported by user.
788,75442,Cole Cantrell,Network,Wi-Fi slow,Update Wi-Fi driver,Pending,16-02-2026,16-02-2026,Thomas Gray,Wi-Fi slow reported by user.
789,321330,Shelia Hanson,Performance,Computer running slow,Disable startup apps,Escalated,09-08-2025,09-08-2025,Melissa Bartlett,Computer running slow reported by user.
790,583758,Tina Smith,Service,Internal web portal not opening,Verify VPN connection,Pending,25-05-2025,25-05-2025,Marissa Floyd,Internal web portal not opening reported by user.
791,498199,Rebecca Gibson,Storage,Backup failed,Check network connection,Pending,23-04-2024,23-04-2024,Sara Farmer,Backup failed reported by user.
792,957509,Paul Stevens,Incident,Printer malfunction in office,Document issue,Escalated,07-08-2024,07-08-2024,Haley Ramirez,Printer malfunction in office reported by user.
793,241771,Eric Scott,Storage,Cannot save to network drive,Check for file locks,Resolved,14-01-2026,19-01-2026,Julie Richards,Cannot save to network drive reported by user.
794,241458,Paul Smith,Network,Printer jam,Test printer with another PC,Resolved,16-09-2024,12-11-2025,Darrell Watson,Printer jam reported by user.
795,459082,Brian Castro,Requests,Access request for shared folder,Notify user,Resolved,29-06-2024,25-11-2025,Ann Martinez,Access request for shared folder reported by user.
796,678236,Sharon Brown,Storage,Cannot access shared drive,Contact file owner,Resolved,07-10-2025,18-02-2026,Daniel Blackburn,Cannot access shared drive reported by user.
797,201733,Anne White,Performance,High CPU usage,Close unnecessary apps,Resolved,12-04-2025,25-09-2025,Kevin Navarro,High CPU usage reported by user.
798,273419,Cristina Hernandez,Network,Cannot access internal portal,Check VPN connection,Escalated,03-06-2024,03-06-2024,Todd Foley,Cannot access internal portal reported by user.
799,395796,James Sutton,Configuration,Wi-Fi setup for new office,Configure router SSID and password,Escalated,30-05-2024,30-05-2024,Robert Rosales,Wi-Fi setup for new office reported by user.
800,548060,Angela Lee,Configuration,Wi-Fi setup for new office,Test signal coverage,Pending,23-07-2024,23-07-2024,Gregory Fuller,Wi-Fi setup for new office reported by user.
801,815813,Roy Page,Hardware,Keyboard not working,Replace keyboard,Escalated,19-05-2025,19-05-2025,Shelby Jensen,Keyboard not working reported by user.
802,188704,Marcia Myers,Hardware,Cannot connect to Wi-Fi network,Forget and reconnect network,Resolved,31-03-2025,09-01-2026,Samuel Keith,Cannot connect to Wi-Fi network reported by user.
803,306313,Jeremy Hubbard,Hardware,Monitor flickering,Test monitor on another device,Escalated,29-02-2024,29-02-2024,Alan Allen,Monitor flickering reported by user.
804,246366,Jesse Reynolds,Incident,Server outage,Document incident,Escalated,17-06-2024,17-06-2024,Jeffrey Hartman,Server outage reported by user.
805,493084,Alyssa Williams,Security,Phishing email reported,Notify IT security team,Escalated,20-12-2025,20-12-2025,Michaela Carter,Phishing email reported reported by user.
806,643228,Adam Jones,Security,Unauthorized USB device,Notify user,Escalated,23-03-2025,23-03-2025,John May,Unauthorized USB device reported by user.
807,125183,Ronnie Wilson,Requests,Software installation,Install approved software,Pending,01-01-2025,01-01-2025,Judy Williams,Software installation reported by user.
808,197933,Tiffany Marshall,Configuration,Email client configuration,Enter correct server settings,Escalated,10-06-2024,10-06-2024,Tammy Jones,Email client configuration reported by user.
809,100351,Nicole Watkins,Storage,Shared folder access denied,Check group policies,Escalated,16-10-2024,16-10-2024,Calvin Nunez,Shared folder access denied reported by user.
810,406742,Mark Schmidt,Network,Internet not working,Disable firewall temporarily,Resolved,10-12-2024,26-05-2025,Amy Rogers,Internet not working reported by user.
811,668453,Barbara Nelson,Hardware,Laptop not starting,Test with another power outlet,Escalated,23-09-2025,23-09-2025,Amanda Wright,Laptop not starting reported by user.
812,327858,Jose Price,Performance,High CPU usage,Close unnecessary apps,Escalated,28-07-2025,28-07-2025,Jennifer Lester,High CPU usage reported by user.
813,82487,Bryan Thompson,Network,Wi-Fi slow,Restart router,Resolved,10-07-2024,30-12-2025,Jodi Ford,Wi-Fi slow reported by user.
814,560099,Christian Turner,Service,Cloud service down,Verify firewall settings,Pending,07-12-2024,07-12-2024,Kristin Anthony,Cloud service down reported by user.
815,867709,Sean Wilson,Configuration,Wi-Fi setup for new office,Enable security protocols,Escalated,20-12-2024,20-12-2024,David Taylor,Wi-Fi setup for new office reported by user.
816,550354,Kyle Barber,Incident,Server outage,Check server logs,Pending,17-06-2024,17-06-2024,Steven Morrison,Server outage reported by user.
817,147366,Steven Woods,Storage,Low disk space,Move data to network drive,Escalated,12-06-2025,12-06-2025,Michael Ward,Low disk space reported by user.
818,788468,Nathan Knight Jr.,Storage,Backup not completing,Verify storage availability,Escalated,03-08-2024,03-08-2024,Aaron Summers,Backup not completing reported by user.
819,404413,Anthony Monroe,Security,User account compromised,Check for malware,Escalated,29-03-2024,29-03-2024,Steven Boyd,User account compromised reported by user.
820,555788,Elizabeth Fitzgerald,Configuration,Email client configuration,Enable SSL/TLS,Escalated,03-01-2025,03-01-2025,Denise Medina,Email client configuration reported by user.
821,285810,Curtis Morris,Incident,Printer malfunction in office,Restart printer,Escalated,04-02-2026,04-02-2026,Sharon Tucker,Printer malfunction in office reported by user.
822,416229,Stephen James,Incident,Power outage,Escalate if prolonged,Escalated,15-04-2025,15-04-2025,Sharon Hunter,Power outage reported by user.
823,636256,Meredith Weiss,Service,Cannot access email from mobile,Check network connectivity,Resolved,01-01-2026,18-02-2026,Alexandra Santiago,Cannot access email from mobile reported by user.
824,327399,Michael Vasquez,Performance,High CPU usage,Update drivers,Resolved,01-07-2024,16-12-2024,Cynthia Murray,High CPU usage reported by user.
825,572654,Melanie Torres,Incident,Server outage,Escalate to admin if needed,Pending,08-05-2024,08-05-2024,Michele Burns,Server outage reported by user.
826,702638,Bianca Bush,Requests,Request new software license,Document license key,Escalated,01-12-2024,01-12-2024,Charles Suarez,Request new software license reported by user.
827,864348,Kevin Silva,Service,Email not syncing,Check network connectivity,Escalated,01-04-2024,01-04-2024,Vanessa Jordan,Email not syncing reported by user.
828,948879,Megan Vance,Configuration,New device setup,Install required applications,Resolved,10-01-2026,20-01-2026,Kimberly Walls,New device setup reported by user.
829,352022,Adriana Martin,Performance,Computer running slow,Run malware scan,Resolved,25-11-2024,04-01-2025,Peter Butler,Computer running slow reported by user.
830,845465,Renee Taylor,Service,Software update failed,Clear update cache,Escalated,14-07-2025,14-07-2025,Kelsey Hawkins,Software update failed reported by user.
831,918060,Timothy Simmons,Requests,Hardware request,Update inventory record,Resolved,24-02-2026,25-02-2026,Timothy James,Hardware request reported by user.
832,782252,Alexander Powell,Requests,Request new software license,Install software,Pending,30-04-2024,30-04-2024,Gloria Black,Request new software license reported by user.
833,465600,Melissa Mathis,Performance,Application freezing,Increase system memory,Escalated,24-09-2024,24-09-2024,Anthony Bonilla,Application freezing reported by user.
834,889232,Beverly Garcia,Requests,Request new software license,Activate license,Pending,05-12-2024,05-12-2024,Warren Acosta,Request new software license reported by user.
835,906649,Jack Davidson,Storage,Low disk space,Request additional storage,Pending,12-03-2024,12-03-2024,Chad Case,Low disk space reported by user.
836,723130,Carmen Brown,Security,Suspicious login,Block suspicious IP,Escalated,01-03-2024,01-03-2024,Angela Lyons,Suspicious login reported by user.
837,690199,Donna Perez,Hardware,Frequent network dropouts,Restart router,Resolved,09-02-2026,25-02-2026,Mr. Ronnie Hobbs,Frequent network dropouts reported by user.
838,564163,Stacey Jones,Incident,Printer malfunction in office,Check printer connection,Escalated,15-07-2024,15-07-2024,Lisa Williams,Printer malfunction in office reported by user.
839,669227,Robin Campbell,Performance,High CPU usage,Update drivers,Resolved,19-01-2025,05-01-2026,Nicholas Adams,High CPU usage reported by user.
840,117241,Richard Melendez,Performance,High CPU usage,Scan for malware,Resolved,01-02-2026,22-02-2026,Daniel Dunn,High CPU usage reported by user.
841,363045,Joseph Gentry,Requests,Access request for shared folder,Grant access rights,Resolved,13-04-2024,22-08-2025,Jennifer Moss,Access request for shared folder reported by user.
842,91269,Kaitlyn Rodriguez,Storage,Backup failed,Update backup software,Resolved,05-04-2024,01-09-2024,Nicholas Smith,Backup failed reported by user.
843,466295,Adam Garcia,Network,Scanner not working,Update scanner driver,Pending,14-07-2024,14-07-2024,Richard White DDS,Scanner not working reported by user.
844,981875,Denise Hall,Configuration,Email client configuration,Enable SSL/TLS,Pending,07-04-2024,07-04-2024,Douglas Montgomery,Email client configuration reported by user.
845,372898,Mary Cox,Hardware,Cannot connect to Wi-Fi network,Verify Wi-Fi password,Escalated,06-06-2025,06-06-2025,David Harris,Cannot connect to Wi-Fi network reported by user.
846,447230,William Williams,Incident,Server outage,Verify backups,Pending,07-05-2024,07-05-2024,William Smith,Server outage reported by user.
847,393625,John Powers,Incident,Server outage,Document incident,Pending,21-08-2024,21-08-2024,Christopher Wade,Server outage reported by user.
848,883973,Ashley Prince,Storage,Backup not completing,Retry backup manually,Escalated,07-04-2025,07-04-2025,David Brown,Backup not completing reported by user.
849,77396,James Pierce,Service,Cannot access email from mobile,Verify credentials,Escalated,30-12-2024,30-12-2024,Melissa Martin,Cannot access email from mobile reported by user.
850,780978,Scott Lynch,Service,Cannot access email from mobile,Check server settings,Pending,16-06-2025,16-06-2025,Jessica Smith,Cannot access email from mobile reported by user.
851,342340,James Gregory,Storage,Low disk space,Move data to network drive,Escalated,08-09-2024,08-09-2024,Keith Costa,Low disk space reported by user.
852,442713,Brendan Moore MD,Storage,Shared folder access denied,Restart computer,Pending,07-11-2025,07-11-2025,Shannon Jacobs,Shared folder access denied reported by user.
853,112021,Brenda Turner,Incident,Power outage,Log incident,Pending,27-03-2025,27-03-2025,Paula Fletcher,Power outage reported by user.
854,723990,Christine Stevens,Requests,Access request for shared folder,Update access records,Escalated,27-09-2025,27-09-2025,Amy Ross,Access request for shared folder reported by user.
855,146475,David Boyer,Storage,Cannot access shared drive,Check firewall settings,Resolved,02-02-2025,30-05-2025,Marcia Smith,Cannot access shared drive reported by user.
856,176456,Linda Ford MD,Configuration,New printer installation,Connect printer to network,Resolved,01-01-2025,17-04-2025,Corey Weaver,New printer installation reported by user.
857,64059,Mark Burgess,Incident,Printer malfunction in office,Update driver,Resolved,12-09-2025,15-12-2025,Elizabeth Frost,Printer malfunction in office reported by user.
858,973001,Mark Mccullough,Security,Suspicious login,Block suspicious IP,Escalated,14-04-2024,14-04-2024,Russell Hunt,Suspicious login reported by user.
859,760522,Sarah Frye,Performance,High CPU usage,Scan for malware,Resolved,24-12-2024,26-04-2025,Michael Andrews,High CPU usage reported by user.
860,193240,Catherine Davis,Security,Account locked,Clear browser cache,Resolved,31-07-2024,28-04-2025,Mark Martin,Account locked reported by user.
861,66351,Joseph Larson,Storage,Backup failed,Retry backup,Escalated,07-05-2025,07-05-2025,Carrie Lynn,Backup failed reported by user.
862,657978,Jeffrey Johnson,Incident,Power outage,Verify safety protocols,Pending,28-06-2025,28-06-2025,Mr. David Haas,Power outage reported by user.
863,17516,Patrick Allen,Performance,Computer overheating,Check for blocked airflow,Resolved,16-05-2024,23-10-2024,Mr. Carlos Wright II,Computer overheating reported by user.
864,297946,Caitlyn Patterson,Security,Forgotten password,Issue temporary password,Resolved,25-11-2025,02-01-2026,Daniel Graham,Forgotten password reported by user.
865,80033,Ruth Saunders,Requests,Request new monitor,Deliver and test monitor,Pending,04-01-2025,04-01-2025,Christopher Fisher,Request new monitor reported by user.
866,821769,Alison Johnson,Configuration,New device setup,Configure peripherals,Escalated,31-05-2025,31-05-2025,Noah Reeves,New device setup reported by user.
867,286603,Timothy Elliott,Security,Unauthorized USB device,Notify user,Resolved,24-11-2024,28-06-2025,William Richards,Unauthorized USB device reported by user.
868,735588,Brittany Martinez,Service,Cloud storage syncing issue,Verify account login,Resolved,27-09-2025,02-01-2026,Brent Fleming,Cloud storage syncing issue reported by user.
869,34716,Joshua Mercado,Service,Cloud storage syncing issue,Verify account login,Pending,15-03-2025,15-03-2025,Daniel Schneider,Cloud storage syncing issue reported by user.
870,540241,Paul Rodriguez,Security,Phishing email reported,Update spam filters,Pending,11-02-2025,11-02-2025,Madeline Romero,Phishing email reported reported by user.
871,574290,Brenda Bennett,Performance,Slow login times,Update login client,Pending,09-05-2024,09-05-2024,Courtney Kennedy,Slow login times reported by user.
872,293551,Bruce Gonzales,Storage,Low disk space,Compress files,Escalated,16-04-2024,16-04-2024,Lisa Warner,Low disk space reported by user.
873,797507,Robert Gentry,Hardware,Monitor flickering,Check power connection,Escalated,05-07-2025,05-07-2025,Anne Baker,Monitor flickering reported by user.
874,556531,Francisco Novak,Requests,Request new software license,Document license key,Pending,04-12-2025,04-12-2025,Kathleen Ware,Request new software license reported by user.
875,372803,Ryan Walker,Configuration,Email client configuration,Verify credentials,Resolved,15-03-2024,05-10-2025,Paula Cox,Email client configuration reported by user.
876,230900,Paula Lopez,Hardware,Frequent network dropouts,Reset network settings,Resolved,01-04-2025,08-11-2025,Deborah French,Frequent network dropouts reported by user.
877,755290,Shannon Juarez,Network,Scanner not working,Restart scanner service,Escalated,30-08-2024,30-08-2024,Jennifer Jones,Scanner not working reported by user.
878,964522,Donald Barton,Performance,Slow internet speed,Contact ISP if persistent,Pending,20-06-2024,20-06-2024,Zachary Martinez,Slow internet speed reported by user.
879,360286,Andrew Gates,Security,Phishing email reported,Report to security compliance,Pending,10-01-2025,10-01-2025,Bailey Ramirez,Phishing email reported reported by user.
880,783350,Tammie Koch,Incident,Power outage,Check equipment after restart,Escalated,01-10-2025,01-10-2025,Katherine Olson,Power outage reported by user.
881,775759,Candace Richard,Performance,Application freezing,Run malware scan,Resolved,18-08-2024,26-10-2024,Veronica Lewis,Application freezing reported by user.
882,96679,James Torres,Incident,Server outage,Escalate to admin if needed,Escalated,04-11-2024,04-11-2024,Gregory Munoz,Server outage reported by user.
883,352823,Crystal Estrada,Requests,Request new monitor,Deliver and test monitor,Pending,13-06-2024,13-06-2024,Rebecca Schneider,Request new monitor reported by user.
884,547150,Yolanda Dennis,Storage,Low disk space,Move data to network drive,Pending,21-02-2025,21-02-2025,Bethany Kent,Low disk space reported by user.
885,931855,Joseph Gill,Hardware,Ethernet cable not detected,Check NIC settings,Resolved,26-09-2024,03-10-2025,Kyle Hughes,Ethernet cable not detected reported by user.
886,600191,Shari Petersen,Security,User account compromised,Enable MFA,Pending,13-07-2025,13-07-2025,Christina Kemp,User account compromised reported by user.
887,545466,Devin Acosta,Configuration,Printer setup,Connect to network printer,Resolved,27-01-2026,07-02-2026,Diana Moss,Printer setup reported by user.
888,336402,Jacqueline Watson,Storage,Shared folder access denied,Restart computer,Escalated,07-04-2025,07-04-2025,Steven Rios,Shared folder access denied reported by user.
889,341349,Rachel Hill,Performance,Slow login times,Check network speed,Pending,30-11-2025,30-11-2025,Dawn Rivera,Slow login times reported by user.
890,60940,Donald Christian,Configuration,New device setup,Test device connectivity,Escalated,20-03-2025,20-03-2025,Francis Potter,New device setup reported by user.
891,262396,Angela Harrison,Security,Account locked,Reset password,Pending,12-07-2025,12-07-2025,William Hernandez MD,Account locked reported by user.
892,12120,Allen Cobb,Requests,Access request for shared folder,Test access,Escalated,26-04-2024,26-04-2024,Samuel Cherry,Access request for shared folder reported by user.
893,262774,Sherry Graham,Incident,Printer malfunction in office,Contact vendor support,Resolved,05-06-2024,01-11-2025,Kenneth Nguyen,Printer malfunction in office reported by user.
894,368329,Joe Thompson,Incident,Server outage,Notify IT team,Pending,22-04-2024,22-04-2024,Robert Hernandez,Server outage reported by user.
895,293979,Chelsea Adams,Service,Cloud storage syncing issue,Restart sync client,Resolved,02-07-2025,10-07-2025,James Banks,Cloud storage syncing issue reported by user.
896,512488,Mark Roach,Network,Cannot access internal portal,Check firewall settings,Pending,14-06-2025,14-06-2025,Alex Keller,Cannot access internal portal reported by user.
897,437546,Sara Miller,Requests,Hardware request,Check warranty status,Escalated,31-01-2025,31-01-2025,Crystal Jones,Hardware request reported by user.
898,385879,Christina Harrington,Incident,Server outage,Notify IT team,Resolved,15-01-2026,16-02-2026,Jordan Garcia,Server outage reported by user.
899,575263,Sharon Brown,Requests,Software installation,Verify license activation,Pending,23-07-2025,23-07-2025,Richard Ali,Software installation reported by user.
900,36596,Michelle Robertson MD,Configuration,Wi-Fi setup for new office,Document configuration,Resolved,24-03-2024,17-02-2026,Nancy Mitchell,Wi-Fi setup for new office reported by user.
901,822232,Jennifer Martin,Configuration,New device setup,Install OS and updates,Pending,19-09-2024,19-09-2024,Susan Johnson,New device setup reported by user.
902,434035,Barbara Clark,Hardware,Monitor flickering,Adjust refresh rate,Escalated,17-02-2025,17-02-2025,Edward Gordon DVM,Monitor flickering reported by user.
903,47900,Christine Adams,Storage,Low disk space,Request additional storage,Resolved,23-09-2024,17-10-2025,Christopher Kelly,Low disk space reported by user.
904,126808,Wesley Lawson,Hardware,Frequent network dropouts,Update router firmware,Pending,11-02-2026,11-02-2026,Shirley Swanson,Frequent network dropouts reported by user.
905,686283,Elizabeth Norton,Requests,Access request for shared folder,Document request,Escalated,13-10-2024,13-10-2024,Dan Young,Access request for shared folder reported by user.
906,467505,Margaret Smith,Performance,Slow login times,Check domain controller status,Resolved,12-03-2025,14-08-2025,Alexis Hardy,Slow login times reported by user.
907,773161,Kimberly Brooks,Service,Cannot access email from mobile,Clear cache,Escalated,01-06-2024,01-06-2024,Victoria Williams,Cannot access email from mobile reported by user.
908,590818,Dana Burns,Service,Email not syncing,Check server settings,Pending,06-04-2025,06-04-2025,Kristine Thompson,Email not syncing reported by user.
909,308356,Robert Woods,Security,Unauthorized USB device,Restrict future device access,Pending,04-10-2025,04-10-2025,Holly Ayala,Unauthorized USB device reported by user.
910,527727,Rachel Reyes,Service,Cannot access email from mobile,Check network connectivity,Pending,05-07-2025,05-07-2025,Briana Avila,Cannot access email from mobile reported by user.
911,69405,Erika Sanders,Network,Mouse not responding,Clean mouse sensor,Resolved,01-12-2024,28-02-2025,Patricia Mcconnell,Mouse not responding reported by user.
912,635653,James Dixon,Configuration,New printer installation,Check permissions,Pending,11-09-2024,11-09-2024,Ryan Shields,New printer installation reported by user.
913,423812,Valerie Ayala,Network,Printer jam,Update printer driver,Pending,01-08-2024,01-08-2024,Devin Rosales,Printer jam reported by user.
914,843342,Frank Johnson,Configuration,New printer installation,Install driver software,Pending,09-04-2024,09-04-2024,Mario Cain,New printer installation reported by user.
915,684102,Brooke Leblanc,Storage,Backup not completing,Check network connection,Escalated,29-07-2024,29-07-2024,Meredith Evans,Backup not completing reported by user.
916,420213,Seth Lewis,Storage,Backup failed,Check backup software logs,Resolved,06-09-2025,25-01-2026,Patrick Morse,Backup failed reported by user.
917,465567,Nicole Lopez,Requests,Request new monitor,Notify user,Pending,10-08-2024,10-08-2024,Heather Mercado,Request new monitor reported by user.
918,437796,Kelly Carpenter,Service,Internal web portal not opening,Contact IT support,Resolved,13-11-2025,05-02-2026,Michael Cooper,Internal web portal not opening reported by user.
919,308947,William Duffy,Security,User account compromised,Check for malware,Resolved,20-06-2024,19-02-2025,Bonnie Torres,User account compromised reported by user.
920,206407,Joshua Holloway,Performance,Application freezing,Reinstall application,Resolved,02-05-2024,29-03-2025,Joseph Green,Application freezing reported by user.
921,458577,Gerald Smith,Security,Phishing email reported,Notify IT security team,Resolved,09-07-2024,11-09-2025,Juan Benson,Phishing email reported reported by user.
922,565915,Stephanie Aguilar,Network,Cannot access internal portal,Check network connectivity,Resolved,25-03-2025,12-04-2025,Mark Johnson,Cannot access internal portal reported by user.
923,162851,Victoria Russo,Service,Email not syncing,Check mailbox size,Resolved,21-09-2025,25-12-2025,Elizabeth Wilson,Email not syncing reported by user.
924,275979,Jeffery Harding,Network,Wi-Fi slow,Move closer to access point,Pending,01-09-2024,01-09-2024,Joseph Sanchez,Wi-Fi slow reported by user.
925,59432,Chelsea Grant,Configuration,New device setup,Configure peripherals,Resolved,29-01-2025,06-10-2025,Tracy Chang,New device setup reported by user.
926,853994,Tyrone Williams,Requests,Request new monitor,Deliver and test monitor,Pending,26-01-2026,26-01-2026,Allison Fletcher,Request new monitor reported by user.
927,897683,Daniel Ayala,Configuration,New printer installation,Connect printer to network,Resolved,16-07-2024,26-03-2025,Gary Drake,New printer installation reported by user.
928,598874,Daniel Odom,Hardware,Frequent network dropouts,Restart router,Pending,20-07-2025,20-07-2025,Frederick Hall,Frequent network dropouts reported by user.
929,582867,Brian Walls,Requests,Software installation,Verify license activation,Escalated,26-07-2024,26-07-2024,William Weaver,Software installation reported by user.
930,323467,Emily Garcia,Network,Internet not working,Ping gateway to test,Escalated,30-01-2026,30-01-2026,Brent Lewis,Internet not working reported by user.
931,752147,Brandon Morton,Configuration,Wi-Fi setup for new office,Enable security protocols,Pending,15-08-2025,15-08-2025,Matthew Ballard,Wi-Fi setup for new office reported by user.
932,970717,Rachel Underwood,Security,Forgotten password,Verify identity before reset,Escalated,12-02-2025,12-02-2025,Julie Holmes,Forgotten password reported by user.
933,205972,Mary Curry,Network,VPN not connecting,Verify VPN server address,Resolved,28-03-2024,03-02-2026,Dennis Franklin,VPN not connecting reported by user.
934,565105,Joel Anderson,Security,Unauthorized USB device,Educate user on policy,Pending,12-11-2024,12-11-2024,Shelby Webb,Unauthorized USB device reported by user.
935,64742,Angel Lewis,Hardware,Frequent network dropouts,Check interference from devices,Escalated,28-12-2025,28-12-2025,Curtis Horton,Frequent network dropouts reported by user.
936,933022,Kelly Thomas,Network,DNS not resolving,Ping DNS to test,Resolved,28-12-2025,20-01-2026,Catherine Jones,DNS not resolving reported by user.
937,772667,Michael Hendricks,Incident,Power outage,Verify safety protocols,Pending,22-06-2024,22-06-2024,Jimmy Ferrell,Power outage reported by user.
938,548163,Christopher Harris,Hardware,Battery draining fast,Replace battery,Pending,04-02-2025,04-02-2025,Elizabeth Walsh,Battery draining fast reported by user.
939,295546,Gary Sanchez,Security,User account compromised,Force password reset,Escalated,24-10-2024,24-10-2024,Katrina Jennings,User account compromised reported by user.
940,949624,Jimmy Campbell,Security,User account compromised,Block suspicious IPs,Pending,10-06-2025,10-06-2025,Logan Hopkins,User account compromised reported by user.
941,4804,Peter Sullivan,Service,Email not syncing,Restart computer,Escalated,04-02-2025,04-02-2025,Michelle Johnson,Email not syncing reported by user.
942,425060,Adam Alvarez,Incident,Server outage,Restart server,Pending,04-06-2024,04-06-2024,Andrew Moore,Server outage reported by user.
943,274625,Shelly Robertson,Storage,Backup not completing,Verify storage availability,Pending,08-12-2025,08-12-2025,Lindsay Gonzalez,Backup not completing reported by user.
944,876404,Allison Hardin,Storage,Shared folder access denied,Verify user credentials,Pending,30-08-2025,30-08-2025,James Schmitt,Shared folder access denied reported by user.
945,973589,Deanna Lyons,Incident,Power outage,Verify safety protocols,Escalated,20-04-2025,20-04-2025,Andrea Little,Power outage reported by user.
946,395820,Tiffany Avila,Incident,Printer malfunction in office,Document issue,Escalated,24-08-2024,24-08-2024,Theresa Fox,Printer malfunction in office reported by user.
947,682030,Julian Smith,Incident,Power outage,Verify safety protocols,Escalated,06-11-2025,06-11-2025,David Simpson,Power outage reported by user.
948,919700,Kurt Burnett,Incident,Server outage,Notify IT team,Resolved,07-10-2024,01-01-2025,John Trujillo,Server outage reported by user.
949,574020,Aaron Lawrence,Security,Suspicious login,Notify user,Escalated,21-10-2025,21-10-2025,Michael Rodriguez,Suspicious login reported by user.
950,813608,Ashley Ramos,Hardware,Battery draining fast,Update power driver,Pending,22-03-2024,22-03-2024,Hannah Guzman,Battery draining fast reported by user.
951,778806,Penny Simmons,Service,Email not syncing,Check mailbox size,Pending,02-01-2026,02-01-2026,Michael Vega,Email not syncing reported by user.
952,177096,Susan Schwartz,Requests,Request new monitor,Check inventory,Pending,18-03-2025,18-03-2025,Brandi Perez,Request new monitor reported by user.
953,587655,Jacob House,Storage,Backup not completing,Verify storage availability,Resolved,20-10-2024,26-12-2024,Sheila Charles,Backup not completing reported by user.
954,172029,Amber Smith,Requests,Request new software license,Check compliance,Escalated,14-05-2025,14-05-2025,Jeffrey Brown,Request new software license reported by user.
955,452060,Kimberly Campbell,Performance,High CPU usage,Check running processes,Pending,27-10-2025,27-10-2025,Joshua Oliver,High CPU usage reported by user.
956,682082,James Nguyen,Configuration,Printer setup,Update firmware,Escalated,04-02-2025,04-02-2025,Anna Vaughn,Printer setup reported by user.
957,270008,Nicole James DDS,Network,DNS not resolving,Flush DNS cache,Pending,13-07-2025,13-07-2025,Lisa Berg,DNS not resolving reported by user.
958,832895,Jordan Small,Storage,Cannot access shared drive,Map network drive again,Escalated,12-05-2024,12-05-2024,Holly Mason,Cannot access shared drive reported by user.
959,750120,Molly Arroyo,Service,Cloud storage syncing issue,Check firewall settings,Escalated,25-11-2024,25-11-2024,Timothy Newman,Cloud storage syncing issue reported by user.
960,439883,Amber Holland,Configuration,Printer setup,Test print,Resolved,08-10-2024,06-10-2025,Mr. James Chavez,Printer setup reported by user.
961,507852,Lori Bean,Service,Internal web portal not opening,Clear browser cache,Pending,03-06-2024,03-06-2024,Bobby Hudson,Internal web portal not opening reported by user.
962,184766,Joseph Carney,Performance,Application freezing,Increase system memory,Escalated,03-01-2026,03-01-2026,Kevin Sanchez,Application freezing reported by user.
963,127206,Matthew Wise,Configuration,Wi-Fi setup for new office,Document configuration,Pending,01-09-2025,01-09-2025,Brooke Mullen,Wi-Fi setup for new office reported by user.
964,367360,Alejandra Martinez,Configuration,Email client configuration,Enable SSL/TLS,Resolved,04-08-2025,29-09-2025,Eric Hansen,Email client configuration reported by user.
965,668982,Sherri Little,Network,Cannot access internal portal,Test on another device,Resolved,05-09-2025,19-09-2025,James Stone,Cannot access internal portal reported by user.
966,526875,Ryan Banks,Storage,Backup not completing,Restart backup service,Escalated,25-10-2025,25-10-2025,Amber Gutierrez,Backup not completing reported by user.
967,673579,James Rivas,Security,Suspicious login,Review login history,Resolved,29-10-2024,04-05-2025,Mary Roberts,Suspicious login reported by user.
968,319461,Rebecca Wells,Security,Suspicious login,Force password reset,Resolved,21-06-2025,11-09-2025,Zachary Houston,Suspicious login reported by user.
969,647597,Christina Smith,Security,Account locked,Verify MFA settings,Escalated,25-08-2024,25-08-2024,Anita Dickson,Account locked reported by user.
970,590439,Michelle Stanton,Requests,Hardware request,Verify model compatibility,Escalated,25-03-2025,25-03-2025,Derek Williams,Hardware request reported by user.
971,784054,Marisa Brown DDS,Storage,Cannot save to network drive,Check disk space,Escalated,19-05-2025,19-05-2025,Marcia Hudson,Cannot save to network drive reported by user.
972,653437,Laura Smith,Network,Internet not working,Reset network adapter,Pending,03-02-2025,03-02-2025,Thomas Whitney,Internet not working reported by user.
973,822397,Alyssa Mahoney,Requests,Access request for shared folder,Review audit logs,Pending,16-08-2025,16-08-2025,Samantha Jones,Access request for shared folder reported by user.
974,49938,Justin Ramsey,Security,Suspicious login,Enable MFA,Escalated,08-09-2024,08-09-2024,Marissa Walls,Suspicious login reported by user.
975,986075,Caitlin Hayes,Hardware,Battery draining fast,Replace battery,Pending,01-02-2026,01-02-2026,Brendan Perez,Battery draining fast reported by user.
976,430693,Peter Jones,Performance,Computer running slow,Defragment disk,Resolved,26-04-2024,08-06-2024,Brett Clark,Computer running slow reported by user.
977,528830,Ashley Briggs,Requests,Request new software license,Activate license,Escalated,06-10-2025,06-10-2025,Jason Montoya,Request new software license reported by user.
978,248400,Alexander Diaz,Storage,Low disk space,Use disk cleanup utility,Resolved,14-05-2025,15-09-2025,Sherry Parks,Low disk space reported by user.
979,442849,Eric Watts,Incident,Printer malfunction in office,Update driver,Escalated,10-12-2024,10-12-2024,Billy Armstrong,Printer malfunction in office reported by user.
980,744346,Clayton Obrien,Requests,Software installation,Notify user,Escalated,07-04-2024,07-04-2024,Eileen Murphy,Software installation reported by user.
981,94695,Whitney Harper,Hardware,Monitor flickering,Replace cable,Pending,08-10-2025,08-10-2025,Samantha Bruce,Monitor flickering reported by user.
982,158755,James Hill,Storage,Backup not completing,Restart backup service,Pending,26-09-2024,26-09-2024,Jason Peterson,Backup not completing reported by user.
983,354789,Mary Marshall,Storage,Backup failed,Restart backup service,Escalated,19-03-2025,19-03-2025,Tom Crosby,Backup failed reported by user.
984,666321,Kristie Williams,Storage,Backup failed,Retry backup,Pending,19-12-2025,19-12-2025,Matthew Duran,Backup failed reported by user.
985,911342,Tina Brady,Storage,Cannot save to network drive,Verify network connectivity,Escalated,31-05-2024,31-05-2024,Stephanie Morales,Cannot save to network drive reported by user.
986,791080,Gregory Schroeder,Service,Cloud storage syncing issue,Check internet connection,Pending,07-10-2025,07-10-2025,Dana Gates,Cloud storage syncing issue reported by user.
987,435156,Patrick Rodriguez,Service,Internal web portal not opening,Restart computer,Pending,19-07-2024,19-07-2024,Thomas Riggs,Internal web portal not opening reported by user.
988,358331,Amanda Thomas,Configuration,Printer setup,Verify permissions,Resolved,06-07-2025,02-10-2025,Shawn Chapman,Printer setup reported by user.
989,816413,James Logan,Requests,Software installation,Check compatibility,Pending,16-09-2025,16-09-2025,Karen Riley,Software installation reported by user.
990,562155,Arthur Ramirez,Performance,High CPU usage,Adjust performance settings,Resolved,06-03-2024,19-12-2024,John White MD,High CPU usage reported by user.
991,168276,Gregory Sanders,Requests,Request new monitor,Verify warranty,Pending,02-01-2026,02-01-2026,John Koch,Request new monitor reported by user.
992,713804,Keith Parks,Incident,Printer malfunction in office,Replace toner or paper,Pending,26-03-2025,26-03-2025,Jose Lee,Printer malfunction in office reported by user.
993,43766,Laura Watkins,Security,Account locked,Check login attempts,Escalated,12-06-2025,12-06-2025,Philip Vargas,Account locked reported by user.
994,655834,Christina Hansen,Configuration,New device setup,Install OS and updates,Resolved,04-11-2024,17-02-2026,Dylan Harris,New device setup reported by user.
995,907010,James Harrison,Incident,Server outage,Check server logs,Escalated,02-01-2025,02-01-2025,Timothy Montoya,Server outage reported by user.
996,933492,Jeffrey Whitehead,Hardware,Laptop not starting,Remove battery and retry,Escalated,17-06-2025,17-06-2025,Angela Gonzalez,Laptop not starting reported by user.
997,646976,Natasha Vega,Performance,Application freezing,Increase system memory,Escalated,06-04-2024,06-04-2024,Jeffrey David,Application freezing reported by user.
998,769686,Michael Chen,Performance,Slow internet speed,Contact ISP if persistent,Resolved,29-03-2024,08-04-2024,Joshua Allison,Slow internet speed reported by user.
999,171267,Karen Jackson,Security,Suspicious login,Force password reset,Resolved,09-07-2024,30-09-2025,Dustin Fernandez,Suspicious login reported by user.
1000,270560,Nathaniel Johnston,Requests,Software installation,Check compatibility,Pending,04-07-2024,04-07-2024,Jessica Armstrong,Software installation reported by user.
1001,16472,Emma Dennis,Security,Account locked,Check login attempts,Resolved,29-11-2025,01-12-2025,Jeffrey Kelly,Account locked reported by user.
1002,219172,Austin Luna,Performance,Computer running slow,Check CPU usage,Resolved,04-12-2024,27-01-2026,Richard Chambers,Computer running slow reported by user.
1003,564530,Julie Contreras,Configuration,Email client configuration,Restart client,Pending,08-11-2025,08-11-2025,John Key,Email client configuration reported by user.
1004,858301,Isabel Thompson,Service,Cannot access email from mobile,Check server settings,Resolved,08-01-2026,08-01-2026,Jennifer Osborn,Cannot access email from mobile reported by user.
1005,208838,Diamond Adams,Performance,High CPU usage,Check running processes,Escalated,09-11-2024,09-11-2024,Steven Peters,High CPU usage reported by user.
1006,201953,Nicholas Christian,Network,Internet not working,Restart modem and router,Pending,22-08-2025,22-08-2025,Anthony Brown,Internet not working reported by user.
1007,492353,Linda Long,Incident,Power outage,Check equipment after restart,Resolved,27-09-2024,07-05-2025,Toni Dunn,Power outage reported by user.
1008,285801,Andrea Nelson,Incident,Power outage,Check equipment after restart,Escalated,25-08-2025,25-08-2025,Melissa Cohen,Power outage reported by user.
1009,634097,Jessica Palmer,Configuration,New printer installation,Update firmware,Pending,30-11-2025,30-11-2025,Kimberly Anderson,New printer installation reported by user.
1010,664263,Jennifer Vaughn,Network,Printer jam,Check paper tray alignment,Escalated,18-08-2024,18-08-2024,Colton Neal,Printer jam reported by user.
1011,902450,Anita Mccarthy,Configuration,New device setup,Configure network settings,Resolved,08-03-2024,28-01-2026,Cheryl Walter,New device setup reported by user.
1012,711828,Caleb Moore,Hardware,Monitor flickering,Check HDMI/Display cable,Escalated,25-01-2026,25-01-2026,Sarah Weber,Monitor flickering reported by user.
1013,833278,Richard Cooke,Configuration,Wi-Fi setup for new office,Configure router SSID and password,Pending,05-11-2024,05-11-2024,Jerry Graham,Wi-Fi setup for new office reported by user.
1014,30310,Lisa Morris,Storage,Cannot access shared drive,Check firewall settings,Resolved,14-11-2025,18-01-2026,Kristen Livingston,Cannot access shared drive reported by user.
1015,866441,Holly Espinoza,Incident,Printer malfunction in office,Replace toner or paper,Resolved,15-11-2025,15-01-2026,Carol Gray,Printer malfunction in office reported by user.
1016,121255,Ronald Jimenez,Service,Internal web portal not opening,Check network connectivity,Escalated,16-12-2024,16-12-2024,James Hunt,Internal web portal not opening reported by user.
1017,614348,Robert Townsend,Network,Cannot access internal portal,Check firewall settings,Pending,18-08-2024,18-08-2024,Allison Yoder,Cannot access internal portal reported by user.
1018,416003,Bryan Perez,Security,Suspicious login,Block suspicious IP,Resolved,06-10-2024,05-12-2025,Christopher Collins,Suspicious login reported by user.
1019,809929,Roy Rodriguez,Service,Email not syncing,Re-add account,Escalated,01-10-2025,01-10-2025,Jackson Case,Email not syncing reported by user.
1020,350136,Travis Ochoa,Requests,Request new monitor,Notify user,Resolved,13-07-2025,29-01-2026,Mary Hoffman,Request new monitor reported by user.
1021,24253,Laura Williams,Requests,Software installation,Notify user,Escalated,10-08-2024,10-08-2024,Alyssa Bonilla,Software installation reported by user.
1022,514553,Jacob Brewer,Security,Account locked,Force password reset,Resolved,02-10-2025,07-10-2025,Carl Silva,Account locked reported by user.
1023,75219,Courtney Woodard,Hardware,Ethernet cable not detected,Try a different port,Resolved,28-10-2024,29-11-2025,Lisa Galloway,Ethernet cable not detected reported by user.
1024,802948,Andrew Peterson,Configuration,New printer installation,Update firmware,Pending,18-12-2025,18-12-2025,Audrey Jones,New printer installation reported by user.
1025,629708,April Tucker,Requests,Hardware request,Assign hardware from inventory,Pending,28-09-2024,28-09-2024,Tiffany Diaz,Hardware request reported by user.
1026,71295,Ashley Garcia,Storage,Shared folder access denied,Verify user credentials,Resolved,05-05-2024,01-12-2025,Andrew Peck,Shared folder access denied reported by user.
1027,450295,Bruce Park,Requests,Software installation,Install approved software,Pending,18-12-2024,18-12-2024,Pedro Nelson,Software installation reported by user.
1028,476316,Joseph Young,Service,Cloud storage syncing issue,Check internet connection,Resolved,19-04-2025,06-07-2025,Maria Johnson,Cloud storage syncing issue reported by user.
1029,384675,Tyler Williams,Hardware,Frequent network dropouts,Update router firmware,Escalated,16-10-2025,16-10-2025,Paula Coleman,Frequent network dropouts reported by user.
1030,673429,Stacey Mahoney,Configuration,New device setup,Install required applications,Escalated,23-12-2025,23-12-2025,Brittany Davis,New device setup reported by user.
1031,589789,Daniel Wilkins,Service,Cloud service down,Verify account access,Escalated,28-11-2025,28-11-2025,Mr. Christopher Kelley,Cloud service down reported by user.
1032,442877,Ariel Nichols,Storage,Cannot save to network drive,Verify network connectivity,Resolved,28-03-2025,08-07-2025,Caleb Williams,Cannot save to network drive reported by user.
1033,147387,Hannah Cannon,Requests,Hardware request,Update inventory record,Resolved,19-09-2025,29-01-2026,Robert Kelley,Hardware request reported by user.
1034,774780,Grace Lee,Requests,Access request for shared folder,Grant access rights,Resolved,07-04-2025,01-12-2025,Kevin Hammond,Access request for shared folder reported by user.
1035,165707,James Turner,Security,User account compromised,Notify user of suspicious activity,Resolved,17-05-2024,13-03-2025,Shannon Mathews,User account compromised reported by user.
1036,323663,Jessica Vasquez,Hardware,Cannot connect to Wi-Fi network,Forget and reconnect network,Pending,27-07-2024,27-07-2024,Clinton Hunter,Cannot connect to Wi-Fi network reported by user.
1037,196874,Robert Wall,Incident,Power outage,Check equipment after restart,Pending,07-10-2024,07-10-2024,Brooke Pope,Power outage reported by user.
1038,711120,Lisa Ponce,Security,User account compromised,Review login history,Resolved,19-08-2025,17-11-2025,Jessica Ramos,User account compromised reported by user.
1039,727948,Stacy Solis,Security,Phishing email reported,Quarantine email,Resolved,19-07-2024,05-11-2025,Tracy Nelson,Phishing email reported reported by user.
1040,582468,Johnny Hudson,Hardware,Monitor flickering,Update graphics driver,Pending,05-07-2024,05-07-2024,Ann Roberson,Monitor flickering reported by user.
1041,89621,Matthew Mcgrath,Service,Cloud storage syncing issue,Check storage quota,Escalated,14-06-2025,14-06-2025,Christopher Griffith,Cloud storage syncing issue reported by user.
1042,802467,Curtis Jones,Network,DNS not resolving,Change DNS server to Google/OpenDNS,Pending,12-06-2025,12-06-2025,Richard Young,DNS not resolving reported by user.
1043,554431,Ashley Villa,Security,Account locked,Unlock account via admin console,Escalated,08-02-2026,08-02-2026,Alexis Barrett,Account locked reported by user.
1044,68270,Alexander Frost,Network,Printer jam,Check paper tray alignment,Pending,18-05-2024,18-05-2024,Holly Moreno,Printer jam reported by user.
1045,151012,Heather Snyder,Storage,Backup failed,Check file access rights,Pending,21-04-2024,21-04-2024,Travis Gordon,Backup failed reported by user.
1046,913803,Louis Reed,Service,Cloud storage syncing issue,Check firewall settings,Escalated,28-07-2024,28-07-2024,Christine Adkins,Cloud storage syncing issue reported by user.
1047,147033,Corey Powers,Security,User account compromised,Notify user of suspicious activity,Resolved,27-02-2024,27-02-2024,Sonya Williams,User account compromised reported by user.
1048,717631,Brian Gutierrez,Service,Cloud storage syncing issue,Reinstall sync client,Resolved,11-07-2024,14-09-2025,Dr. Kelsey Davis,Cloud storage syncing issue reported by user.
1049,578231,Nathan Ortega,Incident,Server outage,Document incident,Pending,21-03-2025,21-03-2025,Dr. Keith Kemp,Server outage reported by user.
1050,941968,Robert Gray,Security,Suspicious login,Enable MFA,Pending,13-06-2024,13-06-2024,Lisa Valdez,Suspicious login reported by user.
1051,442231,John Craig,Performance,Computer running slow,Run malware scan,Resolved,05-02-2026,22-02-2026,Jason Payne,Computer running slow reported by user.
1052,78737,Jeremy Williams,Security,User account compromised,Escalate to security team,Pending,04-04-2025,04-04-2025,Joseph Montgomery,User account compromised reported by user.
1053,519721,Elizabeth Hall,Security,User account compromised,Enable MFA,Pending,19-10-2025,19-10-2025,Peggy Monroe,User account compromised reported by user.
1054,464869,Laura Rowland,Configuration,Email client configuration,Verify credentials,Pending,03-03-2024,03-03-2024,Lisa Holmes,Email client configuration reported by user.
1055,677321,Paige Hughes,Hardware,Monitor flickering,Update graphics driver,Pending,16-11-2025,16-11-2025,Rodney Reilly,Monitor flickering reported by user.
1056,644653,Angela Harris,Storage,Low disk space,Uninstall unused programs,Pending,03-01-2025,03-01-2025,Jessica Blackwell,Low disk space reported by user.
1057,593621,Sean Smith,Incident,Server outage,Restart server,Pending,30-11-2024,30-11-2024,Justin Heath,Server outage reported by user.
1058,449496,Lauren Thompson,Storage,Cannot save to network drive,Check write permissions,Pending,16-05-2025,16-05-2025,Daniel Ramos,Cannot save to network drive reported by user.
1059,700552,Sherry Lee,Storage,Backup failed,Restart backup service,Resolved,16-10-2025,21-02-2026,Amanda Valencia,Backup failed reported by user.
1060,875625,Allison Bryant,Storage,Backup not completing,Verify storage availability,Resolved,02-07-2024,17-11-2025,William Miller,Backup not completing reported by user.
1061,550871,Troy Stephens,Performance,High CPU usage,Check running processes,Resolved,14-03-2024,01-10-2024,William Bennett,High CPU usage reported by user.
1062,513187,David Mays,Security,Suspicious login,Check for malware on device,Pending,12-12-2024,12-12-2024,Hannah Small,Suspicious login reported by user.
1063,767221,Melissa Cross,Requests,Hardware request,Verify model compatibility,Resolved,19-07-2025,19-08-2025,Michelle Jacobs,Hardware request reported by user.
1064,207253,Alisha Wilson,Configuration,New printer installation,Map printer on all devices,Resolved,05-08-2025,11-11-2025,Tara Zavala,New printer installation reported by user.
1065,488410,Taylor Thornton,Service,Cloud storage syncing issue,Reinstall sync client,Resolved,28-05-2024,29-06-2024,Jonathan Graves,Cloud storage syncing issue reported by user.
1066,616695,Carly Bass,Storage,Cannot access shared drive,Restart computer,Resolved,17-12-2025,04-01-2026,Chase Bender,Cannot access shared drive reported by user.
1067,35944,Kevin Owens,Security,Account locked,Clear browser cache,Pending,15-10-2024,15-10-2024,Gerald Dunn,Account locked reported by user.
1068,30620,Alexander Figueroa,Incident,Power outage,Use UPS,Pending,05-03-2024,05-03-2024,Rebecca Cochran,Power outage reported by user.
1069,183697,Jesse Cook,Performance,Application freezing,Increase system memory,Pending,05-09-2024,05-09-2024,Stephanie Mckinney,Application freezing reported by user.
1070,294455,Michelle Walls,Service,Cloud service down,Check service status page,Escalated,18-01-2025,18-01-2025,James Harris,Cloud service down reported by user.
1071,949234,Carrie Curtis,Requests,Request new monitor,Notify user,Resolved,19-06-2025,19-01-2026,Sean Foster,Request new monitor reported by user.
1072,435013,Daniel Haynes,Security,Account locked,Verify MFA settings,Resolved,30-05-2025,17-10-2025,Mitchell Farley,Account locked reported by user.
1073,17873,Linda Martinez,Configuration,New printer installation,Restart printer,Resolved,31-03-2025,06-09-2025,Michelle Johnson,New printer installation reported by user.
1074,300480,Robert Carpenter,Performance,Slow internet speed,Test speed on another device,Escalated,07-08-2024,07-08-2024,Deborah Stevens,Slow internet speed reported by user.
1075,80292,Nicole Frazier,Hardware,Laptop not starting,Boot in safe mode,Pending,10-05-2024,10-05-2024,Timothy Potts Jr.,Laptop not starting reported by user.
1076,710420,Dennis Myers,Requests,Hardware request,Deliver hardware to user,Pending,25-01-2025,25-01-2025,Patrick Jones,Hardware request reported by user.
1077,834755,Michelle Evans,Network,Internet not working,Check IP settings,Resolved,01-07-2024,23-05-2025,Rachel Gonzalez,Internet not working reported by user.
1078,741864,Brian Wells,Incident,Server outage,Notify IT team,Resolved,15-06-2025,29-06-2025,Kristopher Johnson,Server outage reported by user.
1079,53673,Angel Fisher,Configuration,Email client configuration,Enter correct server settings,Pending,04-11-2024,04-11-2024,Brenda White,Email client configuration reported by user.
1080,89952,Scott Smith,Service,Internal web portal not opening,Check portal URL,Pending,26-03-2025,26-03-2025,John Buck,Internal web portal not opening reported by user.
1081,346909,Emma Johnson,Requests,Access request for shared folder,Document request,Resolved,28-01-2025,15-06-2025,Danny Smith,Access request for shared folder reported by user.
1082,104604,Aaron Harris,Incident,Server outage,Verify backups,Escalated,26-12-2024,26-12-2024,Stephen Griffith,Server outage reported by user.
1083,949688,Erica Choi,Requests,Software installation,Verify license activation,Pending,21-06-2024,21-06-2024,Timothy Ford,Software installation reported by user.
1084,534262,Jesse Scott,Hardware,Ethernet cable not detected,Try a different port,Escalated,17-04-2024,17-04-2024,Joshua Todd,Ethernet cable not detected reported by user.
1085,375367,Michael Simon,Incident,Server outage,Document incident,Resolved,08-04-2024,08-10-2024,Emily Miller,Server outage reported by user.
1086,840720,Kelsey Chavez,Performance,Computer overheating,Restart computer,Pending,08-01-2026,08-01-2026,Krista Miller,Computer overheating reported by user.
1087,998522,Sandra Walker,Storage,Cannot access shared drive,Contact file owner,Escalated,12-08-2025,12-08-2025,Stacey Richardson,Cannot access shared drive reported by user.
1088,876751,Brooke Wolfe,Configuration,Email client configuration,Enable SSL/TLS,Pending,24-12-2024,24-12-2024,Todd Thomas,Email client configuration reported by user.
1089,407772,Michael Harper,Network,DNS not resolving,Check DNS server settings,Pending,10-05-2025,10-05-2025,William Haley,DNS not resolving reported by user.
1090,44505,Susan Reed,Security,Unauthorized USB device,Review device logs,Resolved,14-02-2025,20-06-2025,Carrie King,Unauthorized USB device reported by user.
1091,655352,Troy Jackson,Security,User account compromised,Force password reset,Pending,26-07-2025,26-07-2025,Amy Velazquez,User account compromised reported by user.
1092,661466,Mitchell Davis,Storage,Backup failed,Check file access rights,Escalated,11-08-2025,11-08-2025,Daniel Peters,Backup failed reported by user.
1093,544291,Katherine Booker,Hardware,Monitor flickering,Check power connection,Pending,18-03-2024,18-03-2024,Misty Oconnell,Monitor flickering reported by user.
1094,162678,Matthew Howell,Hardware,Frequent network dropouts,Change Wi-Fi channel,Pending,03-12-2024,03-12-2024,Laura Sanchez,Frequent network dropouts reported by user.
1095,274402,Jacob Murray,Incident,Power outage,Verify safety protocols,Pending,04-09-2024,04-09-2024,James Hall,Power outage reported by user.
1096,736682,Amy Wilson,Incident,Server outage,Check server logs,Resolved,28-12-2025,28-12-2025,Monica Mosley,Server outage reported by user.
1097,710827,Shawna Swanson,Storage,Cannot save to network drive,Test drive mapping,Pending,10-06-2024,10-06-2024,Nicholas Powers,Cannot save to network drive reported by user.
1098,624655,Steven Wilson,Security,Unauthorized USB device,Notify user,Pending,17-03-2024,17-03-2024,Richard Guerrero,Unauthorized USB device reported by user.
1099,819648,Angelica Wright,Security,Phishing email reported,Update spam filters,Resolved,19-02-2025,03-02-2026,Emily Ferguson,Phishing email reported reported by user.
1100,968902,Jennifer Frey,Service,Cannot access email from mobile,Restart device,Pending,27-12-2025,27-12-2025,Timothy Sutton,Cannot access email from mobile reported by user.
1101,658930,Kevin Keller,Requests,Access request for shared folder,Grant access rights,Resolved,20-06-2024,07-11-2024,Natalie Morris,Access request for shared folder reported by user.
1102,704052,Susan Snyder,Security,Forgotten password,Verify identity before reset,Escalated,23-08-2025,23-08-2025,Paul Hogan,Forgotten password reported by user.
1103,864824,Matthew Galvan,Requests,Software installation,Install approved software,Pending,19-05-2024,19-05-2024,Lynn Mack,Software installation reported by user.
1104,240191,Nichole Kent,Incident,Server outage,Communicate downtime to users,Escalated,18-07-2024,18-07-2024,Andrea Tucker,Server outage reported by user.
1105,988897,Alexander Ramirez Jr.,Network,VPN not connecting,Verify VPN server address,Resolved,08-07-2025,23-02-2026,Kelly Pollard,VPN not connecting reported by user.
1106,701539,Cynthia Reyes,Incident,Power outage,Resume work once power restored,Pending,31-01-2026,31-01-2026,Peter Perez,Power outage reported by user.
1107,510722,Andrew Benitez,Configuration,Wi-Fi setup for new office,Configure router SSID and password,Resolved,14-10-2024,13-10-2025,Elizabeth West,Wi-Fi setup for new office reported by user.
1108,187934,Raymond Scott,Performance,Computer overheating,Check for blocked airflow,Resolved,16-06-2024,20-08-2025,Patricia Johnson,Computer overheating reported by user.
1109,673974,Aaron Lopez,Service,Cloud storage syncing issue,Restart sync client,Escalated,04-01-2025,04-01-2025,Joseph Hooper,Cloud storage syncing issue reported by user.
1110,389310,Brian Alvarez,Hardware,Keyboard not working,Reconnect USB port,Resolved,30-08-2024,20-02-2026,Stephanie Gray,Keyboard not working reported by user.
1111,797111,Jennifer Nichols,Network,Internet not working,Check IP settings,Pending,13-04-2024,13-04-2024,Lisa Russell,Internet not working reported by user.
1112,809714,Sarah Murphy DVM,Network,Cannot access internal portal,Check VPN connection,Resolved,02-07-2025,04-12-2025,Chloe Bass,Cannot access internal portal reported by user.
1113,970661,Kelly Brown,Service,Cannot access email from mobile,Restart device,Resolved,08-09-2025,03-10-2025,Timothy Fritz,Cannot access email from mobile reported by user.
1114,59439,Cassandra Bennett,Incident,Power outage,Resume work once power restored,Resolved,25-04-2025,24-07-2025,Bridget Patterson,Power outage reported by user.
1115,610877,Scott Avila,Service,Email not syncing,Clear cache and cookies,Resolved,17-09-2024,10-12-2025,Michael Bryant,Email not syncing reported by user.
1116,290422,Robert Price,Security,Account locked,Clear browser cache,Escalated,12-09-2024,12-09-2024,Kayla Tucker,Account locked reported by user.
1117,746942,Andrea Kelley,Requests,Hardware request,Assign hardware from inventory,Pending,01-09-2025,01-09-2025,Bobby Berry,Hardware request reported by user.
1118,587375,Amy Norris,Incident,Printer malfunction in office,Test print,Pending,22-01-2026,22-01-2026,Shelia Barnes,Printer malfunction in office reported by user.
1119,941542,Kathy Lee,Hardware,Battery draining fast,Disable unnecessary background apps,Resolved,20-12-2024,28-01-2025,Joshua Perez,Battery draining fast reported by user.
1120,301896,Matthew Davis,Incident,Power outage,Resume work once power restored,Pending,04-03-2024,04-03-2024,Brittany Wheeler,Power outage reported by user.
1121,357245,Joshua Harper,Requests,Request new monitor,Verify warranty,Resolved,12-01-2025,05-07-2025,Molly Martin,Request new monitor reported by user.
1122,437256,Robert Martinez,Incident,Printer malfunction in office,Document issue,Escalated,02-08-2024,02-08-2024,Ashley Sanchez,Printer malfunction in office reported by user.
1123,267929,Charles Bean,Security,User account compromised,Force password reset,Escalated,19-06-2024,19-06-2024,Denise Jones,User account compromised reported by user.
1124,215745,April Schroeder,Configuration,Email client configuration,Enter correct server settings,Pending,13-08-2024,13-08-2024,Andrea Warren,Email client configuration reported by user.
1125,963299,Mr. Timothy Holmes,Configuration,New printer installation,Test print,Escalated,27-11-2025,27-11-2025,Mark Lawson,New printer installation reported by user.
1126,438816,Jenna Reynolds,Performance,Application freezing,Check for updates,Pending,17-05-2024,17-05-2024,Erica Green,Application freezing reported by user.
1127,332004,Charles Grant,Security,Suspicious login,Block suspicious IP,Escalated,20-09-2025,20-09-2025,Patricia Stone,Suspicious login reported by user.
1128,96429,James Montoya,Service,Software update failed,Manually download update,Pending,13-03-2024,13-03-2024,Faith Morgan,Software update failed reported by user.
1129,218136,Ryan Nichols,Hardware,Keyboard not working,Test with external keyboard,Pending,18-05-2024,18-05-2024,Juan Edwards,Keyboard not working reported by user.
1130,90151,Jennifer Patton,Requests,Software installation,Install approved software,Pending,16-11-2024,16-11-2024,Dylan Boyd,Software installation reported by user.
1131,523947,Christine Walker,Incident,Server outage,Document incident,Pending,11-02-2026,11-02-2026,Joseph Snyder,Server outage reported by user.
1132,735265,Kayla Hansen,Incident,Server outage,Escalate to admin if needed,Pending,07-12-2024,07-12-2024,Robert Jones,Server outage reported by user.
1133,406673,Gary Cook,Performance,High CPU usage,Check running processes,Resolved,18-01-2026,31-01-2026,Jessica Tate,High CPU usage reported by user.
1134,358165,Donna Powers,Hardware,Laptop not starting,Reset CMOS/BIOS,Resolved,28-07-2025,04-10-2025,Erik Green,Laptop not starting reported by user.
1135,474975,Jennifer Wilson,Storage,Backup failed,Update backup software,Resolved,29-09-2024,20-02-2025,Samantha Jones,Backup failed reported by user.
1136,501115,Brandon Walker,Configuration,Printer setup,Check printer IP,Pending,07-10-2024,07-10-2024,Jeremy Jacobs,Printer setup reported by user.
1137,993932,Derek Brennan,Requests,Software installation,Verify license activation,Escalated,29-09-2025,29-09-2025,Lee Taylor,Software installation reported by user.
1138,78190,Christopher Mcfarland,Configuration,New printer installation,Check permissions,Escalated,10-07-2024,10-07-2024,Robert Dixon,New printer installation reported by user.
1139,243141,Austin Hansen,Incident,Power outage,Check equipment after restart,Escalated,15-11-2024,15-11-2024,Mr. Dylan Harmon,Power outage reported by user.
1140,870667,Nathan Henry,Storage,Cannot save to network drive,Test drive mapping,Escalated,25-10-2024,25-10-2024,Karen Johnson,Cannot save to network drive reported by user.
1141,388575,Lauren Phillips,Network,Internet not working,Check IP settings,Resolved,14-03-2024,16-03-2024,Ms. Shelley Williams,Internet not working reported by user.
1142,294107,Karen Ramirez,Hardware,Keyboard not working,Reconnect USB port,Resolved,13-10-2024,04-12-2024,Thomas Harris,Keyboard not working reported by user.
1143,611244,Donald Herrera,Requests,Request new monitor,Update asset records,Pending,16-01-2026,16-01-2026,Michael Thompson,Request new monitor reported by user.
1144,864595,Nathan Silva,Requests,Software installation,Verify license activation,Escalated,25-09-2025,25-09-2025,Joseph English,Software installation reported by user.
1145,200545,Sophia Carroll,Security,Phishing email reported,Quarantine email,Pending,12-12-2025,12-12-2025,Stephanie Peterson,Phishing email reported reported by user.
1146,672307,Eric Becker,Performance,Computer running slow,Disable startup apps,Pending,21-02-2026,21-02-2026,George Nelson,Computer running slow reported by user.
1147,332209,Kimberly Garcia,Configuration,New device setup,Create user profile,Escalated,02-07-2025,02-07-2025,Kevin Jones,New device setup reported by user.
1148,774934,Anthony Harris,Performance,Application freezing,Restart application,Resolved,29-11-2024,30-10-2025,Caitlin Rogers,Application freezing reported by user.
1149,651932,James Rodriguez,Configuration,Wi-Fi setup for new office,Configure router SSID and password,Resolved,19-03-2025,11-12-2025,Victoria Barnes,Wi-Fi setup for new office reported by user.
1150,190067,Tina Berry,Storage,Backup failed,Verify storage availability,Pending,15-02-2025,15-02-2025,Renee Richards,Backup failed reported by user.
1151,591699,Anthony King,Storage,Backup not completing,Retry backup manually,Pending,05-01-2026,05-01-2026,Donald Gomez,Backup not completing reported by user.
1152,695283,Timothy Johnson MD,Security,Phishing email reported,Warn user not to click links,Pending,08-09-2024,08-09-2024,Ronald Hogan,Phishing email reported reported by user.
1153,787859,Ronald Harris,Hardware,Monitor flickering,Check power connection,Pending,24-01-2026,24-01-2026,Daniel Torres,Monitor flickering reported by user.
1154,816522,Luis Rivera,Requests,Hardware request,Notify user,Pending,28-08-2024,28-08-2024,Margaret Sutton,Hardware request reported by user.
1155,672565,Jonathan Rogers,Service,Cannot access email from mobile,Re-add account,Resolved,01-05-2025,13-02-2026,Scott Simon,Cannot access email from mobile reported by user.
1156,730207,Marc Nichols,Service,Internal web portal not opening,Check portal URL,Escalated,31-07-2025,31-07-2025,Robin Rasmussen,Internal web portal not opening reported by user.
1157,547933,Mark Sparks,Incident,Printer malfunction in office,Test print,Escalated,28-03-2025,28-03-2025,Wesley Austin,Printer malfunction in office reported by user.
1158,967797,Rose White,Hardware,Cannot connect to Wi-Fi network,Forget and reconnect network,Escalated,16-07-2024,16-07-2024,Alexis Walton,Cannot connect to Wi-Fi network reported by user.
1159,576201,Carolyn Harris,Network,Wi-Fi slow,Move closer to access point,Pending,18-10-2024,18-10-2024,Jacob Soto,Wi-Fi slow reported by user.
1160,140307,William Foley,Requests,Request new monitor,Update asset records,Resolved,26-12-2024,03-10-2025,Catherine Brooks,Request new monitor reported by user.
1161,525798,Christopher Daniel,Configuration,New printer installation,Check permissions,Escalated,04-08-2025,04-08-2025,Jasmine Ramirez,New printer installation reported by user.
1162,932222,Joshua Wallace,Hardware,Battery draining fast,Replace battery,Resolved,14-06-2025,04-08-2025,Dr. Stephanie Jones,Battery draining fast reported by user.
1163,130398,James Brown,Storage,Backup not completing,Retry backup manually,Pending,14-05-2025,14-05-2025,Zachary Brown,Backup not completing reported by user.
1164,224978,Joseph Miller,Incident,Power outage,Escalate if prolonged,Escalated,15-05-2025,15-05-2025,Jesse York,Power outage reported by user.
1165,542127,Jerry Holder,Service,Cloud service down,Escalate to vendor support,Escalated,14-02-2025,14-02-2025,John Wilson,Cloud service down reported by user.
1166,648963,Dennis Hardy,Security,Phishing email reported,Warn user not to click links,Escalated,07-04-2025,07-04-2025,Robert Hobbs,Phishing email reported reported by user.
1167,739351,Andre Nguyen,Security,Unauthorized USB device,Review device logs,Resolved,15-10-2024,26-02-2025,Eric Flynn,Unauthorized USB device reported by user.
1168,431506,Dustin Jackson,Service,Cannot access email from mobile,Restart device,Pending,10-09-2025,10-09-2025,Jasmine Carney,Cannot access email from mobile reported by user.
1169,373092,Shelby Dennis,Network,Wi-Fi slow,Restart router,Escalated,18-11-2024,18-11-2024,Shawn Collins Jr.,Wi-Fi slow reported by user.
1170,835030,Connor Fox,Service,Internal web portal not opening,Try different browser,Escalated,13-10-2025,13-10-2025,Kayla Bell,Internal web portal not opening reported by user.
1171,549235,Katherine Pace,Security,Suspicious login,Enable MFA,Escalated,16-10-2025,16-10-2025,Darlene Morales,Suspicious login reported by user.
1172,992878,Christian Powell,Hardware,Ethernet cable not detected,Update network driver,Resolved,26-10-2025,21-02-2026,Norma Vazquez,Ethernet cable not detected reported by user.
1173,893666,Brent Mitchell,Requests,Hardware request,Assign hardware from inventory,Escalated,31-07-2025,31-07-2025,Kristin Tapia,Hardware request reported by user.
1174,313185,Michael Rangel,Requests,Request new software license,Notify user,Pending,26-12-2025,26-12-2025,Logan Snyder,Request new software license reported by user.
1175,199806,Amanda Ramirez,Configuration,Printer setup,Check printer IP,Escalated,23-08-2025,23-08-2025,Gloria Arnold,Printer setup reported by user.
1176,332263,Sandra Lopez,Network,Cannot access internal portal,Check VPN connection,Resolved,21-12-2025,12-02-2026,Tyler Nicholson,Cannot access internal portal reported by user.
1177,155295,James Rivera,Requests,Access request for shared folder,Document request,Pending,29-10-2025,29-10-2025,Christopher Marquez,Access request for shared folder reported by user.
1178,620312,Paul Evans,Hardware,Cannot connect to Wi-Fi network,Forget and reconnect network,Pending,29-07-2024,29-07-2024,Lauren Watts,Cannot connect to Wi-Fi network reported by user.
1179,993785,Steven Perez,Hardware,Ethernet cable not detected,Replace faulty cable,Resolved,14-09-2025,05-12-2025,Theresa Wall,Ethernet cable not detected reported by user.
1180,114697,Joshua Mills,Hardware,Cannot connect to Wi-Fi network,Forget and reconnect network,Resolved,27-01-2026,02-02-2026,Michael Barber,Cannot connect to Wi-Fi network reported by user.
1181,388609,Gina Gonzalez,Requests,Software installation,Verify license activation,Escalated,09-02-2025,09-02-2025,Dustin Clarke,Software installation reported by user.
1182,382515,Ricardo Austin,Configuration,Wi-Fi setup for new office,Test connectivity on multiple devices,Pending,23-07-2024,23-07-2024,Sara Patton,Wi-Fi setup for new office reported by user.
1183,759432,Michael Fisher,Requests,Request new software license,Activate license,Resolved,09-02-2026,20-02-2026,Ryan Wang,Request new software license reported by user.
1184,320112,Jeffrey Bishop,Incident,Server outage,Verify backups,Escalated,13-04-2025,13-04-2025,Willie Kelly,Server outage reported by user.
1185,560461,Heather Haynes,Configuration,New printer installation,Check permissions,Pending,14-04-2025,14-04-2025,Cory Willis DDS,New printer installation reported by user.
1186,512260,Michael Hernandez,Requests,Request new software license,Verify system requirements,Escalated,15-02-2025,15-02-2025,Robert Delgado,Request new software license reported by user.
1187,161301,Michelle Skinner,Network,Mouse not responding,Check USB/PS2 connection,Pending,05-10-2025,05-10-2025,Jeffrey Marquez,Mouse not responding reported by user.
1188,269115,Donna Nelson,Configuration,Email client configuration,Verify credentials,Pending,12-08-2024,12-08-2024,Roy Carr,Email client configuration reported by user.
1189,464048,April Jacobs,Performance,Slow login times,Check domain controller status,Resolved,15-09-2025,01-02-2026,Brian Reyes,Slow login times reported by user.
1190,542874,Debra Jackson,Performance,Computer overheating,Restart computer,Resolved,02-05-2025,20-10-2025,Brandon Johnson,Computer overheating reported by user.
1191,505211,Steven Martinez,Requests,Software installation,Restart computer,Resolved,27-08-2024,26-09-2025,Alyssa Banks,Software installation reported by user.
1192,880954,Kim Davila,Incident,Power outage,Log incident,Escalated,10-04-2025,10-04-2025,John Martinez,Power outage reported by user.
1193,713232,Amy Cummings,Network,Printer jam,Test printer with another PC,Pending,10-01-2025,10-01-2025,Kevin Lopez,Printer jam reported by user.
1194,987162,Miguel Parker,Configuration,Email client configuration,Verify credentials,Escalated,30-06-2025,30-06-2025,Austin Shepard,Email client configuration reported by user.
1195,279169,Amanda Rogers,Security,User account compromised,Enable MFA,Pending,08-02-2026,08-02-2026,Sarah Russell,User account compromised reported by user.
1196,736341,James Cochran,Configuration,Printer setup,Check printer IP,Pending,03-07-2025,03-07-2025,Kimberly Reed,Printer setup reported by user.
1197,394317,Kelsey Trujillo,Performance,Computer overheating,Restart computer,Escalated,20-03-2024,20-03-2024,Sarah Smith,Computer overheating reported by user.
1198,442596,Brian Barker,Storage,Shared folder access denied,Check folder permissions,Escalated,24-04-2025,24-04-2025,Vanessa Nolan,Shared folder access denied reported by user.
1199,208725,Tyler Clarke,Configuration,New device setup,Test device connectivity,Resolved,29-06-2025,24-07-2025,Connie Yates,New device setup reported by user.
1200,965026,Julie Alexander,Incident,Server outage,Verify backups,Pending,11-06-2024,11-06-2024,Evan Arnold,Server outage reported by user.
1201,255592,Charles Sanchez,Storage,Low disk space,Request additional storage,Escalated,15-06-2025,15-06-2025,Travis Kennedy,Low disk space reported by user.
1202,232891,Christine King,Network,Cannot access internal portal,Test on another device,Resolved,13-07-2025,19-02-2026,Jason Chan,Cannot access internal portal reported by user.
1203,602600,Christopher Williams,Network,Cannot access internal portal,Check network connectivity,Escalated,16-08-2025,16-08-2025,Chad Leach,Cannot access internal portal reported by user.
1204,157871,Christian Davis,Incident,Server outage,Escalate to admin if needed,Escalated,09-04-2025,09-04-2025,Marcus Medina,Server outage reported by user.
1205,26632,Jordan Oconnor,Requests,Request new monitor,Check inventory,Pending,01-03-2025,01-03-2025,Julie Jordan,Request new monitor reported by user.
1206,970222,Sean Gonzales,Storage,Low disk space,Clean recycle bin,Resolved,10-10-2024,29-06-2025,Cesar Herrera,Low disk space reported by user.
1207,564140,Hayden Williams,Requests,Request new software license,Approve request,Resolved,20-06-2024,04-02-2025,Casey Perez,Request new software license reported by user.
1208,546105,Daniel Mcfarland,Incident,Printer malfunction in office,Check printer connection,Pending,11-01-2025,11-01-2025,Douglas Thompson,Printer malfunction in office reported by user.
1209,536536,Megan Woodward,Incident,Power outage,Log incident,Pending,25-07-2025,25-07-2025,Sandra Kelly,Power outage reported by user.
1210,945808,Tara Young,Performance,Application freezing,Close other programs,Resolved,20-09-2025,03-01-2026,Jason Mckenzie,Application freezing reported by user.
1211,250324,Nicholas Brown,Incident,Power outage,Notify facilities team,Escalated,10-07-2024,10-07-2024,Nathaniel Cross,Power outage reported by user.
1212,27381,Kerry Sanchez,Hardware,Ethernet cable not detected,Replace faulty cable,Pending,17-04-2025,17-04-2025,Rodney Cortez,Ethernet cable not detected reported by user.
1213,632048,Gerald Flores,Configuration,Email client configuration,Check firewall settings,Escalated,19-09-2025,19-09-2025,Kaitlin Welch,Email client configuration reported by user.
1214,392511,Melissa Andrews,Security,Forgotten password,Unlock account temporarily,Escalated,13-09-2024,13-09-2024,Kevin Williams,Forgotten password reported by user.
1215,133040,James Foster,Service,Internal web portal not opening,Restart computer,Pending,11-10-2024,11-10-2024,Teresa Ferrell,Internal web portal not opening reported by user.
1216,393020,Mr. Robert Scott,Requests,Hardware request,Check warranty status,Resolved,11-06-2024,08-08-2024,Katie Wolfe,Hardware request reported by user.
1217,170988,Debra Peck,Requests,Request new software license,Notify user,Pending,16-08-2025,16-08-2025,Matthew Garza,Request new software license reported by user.
1218,216834,Dawn Ortiz,Storage,Backup not completing,Update backup software,Pending,29-11-2024,29-11-2024,Julie Sanchez,Backup not completing reported by user.
1219,924798,Kristin Burke,Storage,Cannot save to network drive,Test drive mapping,Escalated,27-12-2024,27-12-2024,Tracy Walters,Cannot save to network drive reported by user.
1220,452028,John Martinez,Performance,Slow internet speed,Contact ISP if persistent,Escalated,29-10-2024,29-10-2024,Michael Henry,Slow internet speed reported by user.
1221,508806,Sara Bailey,Network,Mouse not responding,Check USB/PS2 connection,Resolved,30-04-2024,23-10-2024,Amanda Richardson,Mouse not responding reported by user.
1222,574868,Anthony Douglas,Hardware,Ethernet cable not detected,Update network driver,Resolved,01-02-2025,20-04-2025,David Herring,Ethernet cable not detected reported by user.
1223,683567,Luis Lopez,Hardware,Laptop not starting,Remove battery and retry,Pending,22-10-2025,22-10-2025,Louis Russo,Laptop not starting reported by user.
1224,339820,Tracy Rodriguez,Hardware,Battery draining fast,Calibrate battery,Resolved,15-02-2026,22-02-2026,Patty Ramos,Battery draining fast reported by user.
1225,93314,Megan Rodriguez MD,Network,Scanner not working,Check power connection,Escalated,05-01-2025,05-01-2025,Jill Morris,Scanner not working reported by user.
1226,580341,Matthew Hernandez,Configuration,New printer installation,Install driver software,Resolved,22-01-2025,29-08-2025,Danielle Macdonald,New printer installation reported by user.
1227,183006,Rickey Morton,Performance,High CPU usage,Check running processes,Resolved,14-10-2025,02-12-2025,Alicia Benson,High CPU usage reported by user.
1228,223553,Kevin Harris,Performance,Slow internet speed,Contact ISP if persistent,Resolved,15-04-2025,13-07-2025,Ashley Bird,Slow internet speed reported by user.
1229,408121,Matthew Bell,Service,Software update failed,Manually download update,Pending,24-06-2025,24-06-2025,Jake Taylor,Software update failed reported by user.
1230,555240,Brittany Turner,Configuration,Email client configuration,Update email client,Pending,07-03-2025,07-03-2025,Laura Ballard,Email client configuration reported by user.
1231,419775,Angelica Baker,Incident,Printer malfunction in office,Contact vendor support,Pending,05-09-2025,05-09-2025,Joseph Martinez,Printer malfunction in office reported by user.
1232,883423,Shannon West,Hardware,Frequent network dropouts,Check interference from devices,Pending,21-09-2025,21-09-2025,Stephanie Bautista,Frequent network dropouts reported by user.
1233,174304,Jeff White,Hardware,Keyboard not working,Test with external keyboard,Resolved,17-05-2025,08-08-2025,Keith Washington,Keyboard not working reported by user.
1234,745832,Matthew Sullivan,Network,IP conflict,Assign static IP,Pending,10-06-2025,10-06-2025,Nancy Monroe,IP conflict reported by user.
1235,498084,Tamara Ballard,Hardware,Monitor flickering,Restart computer,Escalated,07-09-2025,07-09-2025,Todd Jones,Monitor flickering reported by user.
1236,738517,Susan Small,Network,VPN not connecting,Disable/Enable network adapter,Pending,27-03-2025,27-03-2025,Lindsay Reid,VPN not connecting reported by user.
1237,208399,Christine Garcia,Requests,Hardware request,Update inventory record,Escalated,23-12-2025,23-12-2025,Cassidy Dyer,Hardware request reported by user.
1238,158466,Carla Booth,Service,Cloud service down,Test on another device,Pending,16-04-2024,16-04-2024,David Kirby MD,Cloud service down reported by user.
1239,372681,Richard Kim,Storage,Backup failed,Check backup software logs,Pending,16-05-2025,16-05-2025,Nicole Rodriguez,Backup failed reported by user.
1240,158190,Christopher Sullivan,Incident,Printer malfunction in office,Restart printer,Resolved,21-12-2024,25-07-2025,Jordan Stephenson,Printer malfunction in office reported by user.
1241,554504,Terry Ramsey,Requests,Software installation,Notify user,Resolved,10-08-2024,14-12-2025,Kelsey Sullivan,Software installation reported by user.
1242,647563,William Harding,Security,Account locked,Check login attempts,Escalated,10-10-2025,10-10-2025,Steven Benson,Account locked reported by user.
1243,901035,Luis Patel,Network,Cannot access internal portal,Verify internal URL,Resolved,19-02-2025,24-09-2025,Samantha Reyes,Cannot access internal portal reported by user.
1244,550777,Rachel Henderson,Hardware,Frequent network dropouts,Replace faulty router,Escalated,17-07-2025,17-07-2025,Christopher Hart,Frequent network dropouts reported by user.
1245,483922,Christine Lloyd,Performance,High CPU usage,Scan for malware,Pending,25-04-2024,25-04-2024,Russell Campbell,High CPU usage reported by user.
1246,123902,Terry Barrera,Security,Suspicious login,Check for malware on device,Pending,11-03-2024,11-03-2024,Kara King,Suspicious login reported by user.
1247,166506,Meredith Ortiz,Configuration,Email client configuration,Update email client,Pending,09-07-2025,09-07-2025,Benjamin Wade,Email client configuration reported by user.
1248,657332,Michael Castillo,Incident,Power outage,Check equipment after restart,Resolved,20-02-2026,20-02-2026,Jonathan Hernandez,Power outage reported by user.
1249,756631,Katie Johnson,Network,Cannot access internal portal,Verify internal URL,Escalated,18-02-2025,18-02-2025,Amanda Miranda,Cannot access internal portal reported by user.
1250,168905,Isaiah Woodard,Incident,Power outage,Check equipment after restart,Escalated,05-07-2025,05-07-2025,Stephanie Thompson,Power outage reported by user.
1251,162790,Jeffery James,Storage,Low disk space,Move data to network drive,Escalated,26-09-2024,26-09-2024,Lydia Singleton,Low disk space reported by user.
1252,471446,Sonya Johnson,Network,Mouse not responding,Try a different port,Pending,05-05-2025,05-05-2025,Adam Reilly,Mouse not responding reported by user.
1253,487262,Sarah Bowen,Security,Suspicious login,Force password reset,Pending,04-09-2025,04-09-2025,Troy Martin,Suspicious login reported by user.
1254,597960,Meagan Harris,Requests,Request new monitor,Approve request,Escalated,22-10-2025,22-10-2025,Maria Bowman MD,Request new monitor reported by user.
1255,937331,Kevin Macias,Security,Unauthorized USB device,Block USB device,Resolved,01-09-2024,19-10-2025,Derrick Garcia,Unauthorized USB device reported by user.
1256,524414,Julia Preston,Security,Account locked,Verify MFA settings,Escalated,13-02-2026,13-02-2026,Grant Hoffman,Account locked reported by user.
1257,105149,Thomas Jones,Configuration,Wi-Fi setup for new office,Set up VLANs if needed,Resolved,14-09-2025,01-02-2026,Erika Walter,Wi-Fi setup for new office reported by user.
1258,706244,Holly Torres,Security,User account compromised,Escalate to security team,Escalated,18-10-2024,18-10-2024,Holly Bridges,User account compromised reported by user.
1259,533544,Robin Patterson,Service,Cloud storage syncing issue,Reinstall sync client,Pending,29-04-2025,29-04-2025,John Norton,Cloud storage syncing issue reported by user.
1260,722224,David Gomez,Requests,Hardware request,Notify user,Resolved,20-12-2024,03-04-2025,Peter Zimmerman,Hardware request reported by user.
1261,8563,David Padilla,Requests,Software installation,Verify license activation,Escalated,12-10-2024,12-10-2024,Samantha Tucker,Software installation reported by user.
1262,805760,Eric Ross,Incident,Printer malfunction in office,Check printer connection,Resolved,16-01-2026,01-02-2026,April Jones,Printer malfunction in office reported by user.
1263,399761,David Berry,Configuration,New device setup,Create user profile,Escalated,05-07-2024,05-07-2024,Brittany Campos,New device setup reported by user.
1264,407081,Benjamin Hernandez,Configuration,New printer installation,Check permissions,Resolved,27-11-2025,23-01-2026,James Williams,New printer installation reported by user.
1265,359639,Jacob Henderson,Service,Software update failed,Check for sufficient disk space,Resolved,19-06-2024,09-05-2025,Michael Perez,Software update failed reported by user.
1266,484706,Brenda Harrison,Incident,Server outage,Escalate to admin if needed,Pending,17-09-2024,17-09-2024,Martha Garcia,Server outage reported by user.
1267,422590,David Ramos,Network,Scanner not working,Restart scanner service,Escalated,28-09-2025,28-09-2025,Donald Pineda,Scanner not working reported by user.
1268,712660,Vincent Howard,Incident,Power outage,Check equipment after restart,Escalated,28-09-2025,28-09-2025,Kenneth Franco,Power outage reported by user.
1269,377947,Daniel Mills,Configuration,Email client configuration,Restart client,Escalated,21-11-2024,21-11-2024,Barbara Green,Email client configuration reported by user.
1270,3507,Andrew Fisher,Incident,Printer malfunction in office,Update driver,Escalated,13-09-2025,13-09-2025,Catherine Ayala,Printer malfunction in office reported by user.
1271,586972,Benjamin Gomez,Security,User account compromised,Escalate to security team,Escalated,17-08-2024,17-08-2024,Amber Wolf,User account compromised reported by user.
1272,205829,Donald Barnett,Service,Email not syncing,Re-add account,Pending,18-01-2026,18-01-2026,Ashley Smith,Email not syncing reported by user.
1273,774146,Peter Perkins,Configuration,Printer setup,Verify permissions,Pending,07-05-2024,07-05-2024,Anna Williamson,Printer setup reported by user.
1274,214195,Katrina Newton,Requests,Request new monitor,Assign monitor to user,Pending,02-05-2024,02-05-2024,Mark Robinson,Request new monitor reported by user.
1275,730876,Vanessa Yoder,Performance,Computer overheating,Update BIOS/firmware,Escalated,21-12-2024,21-12-2024,Tyler Turner,Computer overheating reported by user.
1276,320434,Kristen Murray,Hardware,Keyboard not working,Test with external keyboard,Escalated,12-05-2024,12-05-2024,Mark Chase,Keyboard not working reported by user.
1277,814025,Jeffrey Giles,Storage,Backup not completing,Test backup on another machine,Resolved,28-02-2024,08-09-2025,Taylor Salazar,Backup not completing reported by user.
1278,384646,Lisa Anderson,Hardware,Cannot connect to Wi-Fi network,Disable VPN temporarily,Pending,04-10-2025,04-10-2025,Eric Berger,Cannot connect to Wi-Fi network reported by user.
1279,194370,Tina Johnson,Service,Email not syncing,Check network connectivity,Resolved,25-02-2025,19-07-2025,Alyssa Allen,Email not syncing reported by user.
1280,448565,Patricia Waters,Configuration,New device setup,Install required applications,Escalated,12-07-2024,12-07-2024,Yolanda Carter,New device setup reported by user.
1281,368187,Wendy Aguirre,Network,VPN not connecting,Update VPN certificate,Pending,14-03-2024,14-03-2024,Michael Henry,VPN not connecting reported by user.
1282,87800,Christian Clark,Storage,Shared folder access denied,Verify user credentials,Escalated,26-11-2024,26-11-2024,Anthony Mcclure,Shared folder access denied reported by user.
1283,156121,Danny Poole,Security,Suspicious login,Force password reset,Resolved,24-11-2025,13-01-2026,David Johnson,Suspicious login reported by user.
1284,258788,Katherine Williams,Incident,Power outage,Resume work once power restored,Escalated,09-06-2025,09-06-2025,Jason Brown,Power outage reported by user.
1285,426957,Danielle Espinoza,Storage,Backup failed,Check backup software logs,Resolved,12-03-2024,07-11-2024,Stacey Simon,Backup failed reported by user.
1286,974219,Natalie Martinez,Security,Account locked,Verify MFA settings,Escalated,05-06-2024,05-06-2024,Dr. Tina Reyes,Account locked reported by user.
1287,256726,Lindsey Miller,Storage,Backup not completing,Check logs for errors,Pending,26-12-2025,26-12-2025,Joshua Mclean,Backup not completing reported by user.
1288,332149,Jacob Shea,Storage,Cannot access shared drive,Check network connectivity,Escalated,28-05-2025,28-05-2025,Christopher Franco,Cannot access shared drive reported by user.
1289,426709,John Baker,Requests,Hardware request,Notify user,Pending,22-01-2025,22-01-2025,Danny Martin,Hardware request reported by user.
1290,671084,Martin Bond,Service,Cloud service down,Escalate to vendor support,Resolved,06-02-2026,16-02-2026,James Graham,Cloud service down reported by user.
1291,895664,Tara Burns,Network,Scanner not working,Check USB connection,Pending,10-06-2024,10-06-2024,Lisa Moran,Scanner not working reported by user.
1292,116449,Eric Giles,Storage,Backup failed,Restart backup service,Pending,22-06-2024,22-06-2024,Jesse Riley,Backup failed reported by user.
1293,459005,Gary Curry,Performance,Computer overheating,Reduce heavy apps,Pending,06-11-2024,06-11-2024,Wesley Bryant,Computer overheating reported by user.
1294,522067,Ryan Evans,Incident,Server outage,Notify IT team,Resolved,07-05-2025,09-10-2025,Angel Sutton,Server outage reported by user.
1295,56925,Jennifer Kramer,Service,Internal web portal not opening,Try different browser,Pending,08-03-2025,08-03-2025,Patrick Chung,Internal web portal not opening reported by user.
1296,372280,Christian Tucker,Requests,Request new monitor,Verify warranty,Resolved,28-04-2025,17-06-2025,Stephanie Harris,Request new monitor reported by user.
1297,59577,Lisa Lane,Storage,Shared folder access denied,Restart computer,Resolved,08-05-2025,18-07-2025,Daniel Lopez,Shared folder access denied reported by user.
1298,903605,Connor Parsons,Configuration,Printer setup,Restart printer,Escalated,25-07-2024,25-07-2024,Mark Smith,Printer setup reported by user.
1299,496343,Hannah Roberts,Performance,Computer running slow,Disable startup apps,Escalated,20-03-2025,20-03-2025,Richard Rush Jr.,Computer running slow reported by user.
1300,181592,Patricia Walker,Storage,Shared folder access denied,Verify network connectivity,Pending,16-10-2024,16-10-2024,Nicholas Mercado,Shared folder access denied reported by user.
1301,691106,Debra Garcia,Network,Printer jam,Test printer with another PC,Escalated,09-05-2025,09-05-2025,Christopher Woods,Printer jam reported by user.
1302,493866,Angela Quinn,Security,Suspicious login,Check for malware on device,Escalated,10-03-2025,10-03-2025,Joshua Kim,Suspicious login reported by user.
1303,4314,James Allen,Performance,Computer overheating,Reduce heavy apps,Pending,19-07-2024,19-07-2024,Amber Reynolds,Computer overheating reported by user.
1304,182148,Jennifer Peterson,Requests,Hardware request,Notify user,Pending,06-04-2024,06-04-2024,Denise Harris,Hardware request reported by user.
1305,592752,Savannah Johnson,Requests,Request new software license,Check compliance,Escalated,06-07-2025,06-07-2025,Jennifer White,Request new software license reported by user.
1306,652146,Steven Lambert,Requests,Access request for shared folder,Test access,Escalated,30-08-2025,30-08-2025,Matthew Shannon,Access request for shared folder reported by user.
1307,642174,Kristen Knight,Service,Email not syncing,Check server settings,Escalated,17-04-2025,17-04-2025,Matthew Winters,Email not syncing reported by user.
1308,267962,Donna Harmon,Storage,Cannot access shared drive,Verify credentials,Resolved,05-08-2024,31-10-2025,Christine Hernandez,Cannot access shared drive reported by user.
1309,950013,Stephanie Anderson,Performance,High CPU usage,Scan for malware,Pending,27-05-2024,27-05-2024,Diana Buchanan,High CPU usage reported by user.
1310,782498,Belinda Hall,Incident,Server outage,Restart server,Resolved,08-12-2025,16-12-2025,Mario Bryant,Server outage reported by user.
1311,511347,Benjamin Peterson,Configuration,Wi-Fi setup for new office,Test signal coverage,Resolved,23-10-2025,25-10-2025,Mallory Williams,Wi-Fi setup for new office reported by user.
1312,768409,Ryan Holden,Service,Email not syncing,Restart computer,Escalated,25-03-2025,25-03-2025,Andrew Smith,Email not syncing reported by user.
1313,144386,Michael Marquez,Hardware,Ethernet cable not detected,Update network driver,Resolved,19-05-2025,25-09-2025,Terri Marshall,Ethernet cable not detected reported by user.
1314,94847,Kevin Zhang,Incident,Server outage,Restart server,Resolved,15-11-2025,10-12-2025,Shaun Marshall,Server outage reported by user.
1315,490647,Kathy Anderson,Security,Suspicious login,Review login history,Escalated,27-09-2025,27-09-2025,Alexandra Owens,Suspicious login reported by user.
1316,642361,Cheryl Taylor,Security,User account compromised,Force password reset,Pending,04-06-2024,04-06-2024,Kathleen Knight,User account compromised reported by user.
1317,519157,Elizabeth Williams,Incident,Printer malfunction in office,Document issue,Pending,21-05-2025,21-05-2025,Thomas Glenn,Printer malfunction in office reported by user.
1318,480145,Timothy Brown,Performance,Slow internet speed,Test speed on another device,Pending,03-05-2024,03-05-2024,Joe Miller,Slow internet speed reported by user.
1319,260295,Steven Gardner,Hardware,Frequent network dropouts,Restart router,Escalated,20-10-2024,20-10-2024,Lisa Berger,Frequent network dropouts reported by user.
1320,183215,Samuel King,Storage,Cannot save to network drive,Restart computer,Resolved,13-12-2024,25-06-2025,Sierra Brady,Cannot save to network drive reported by user.
1321,373957,Stephanie Hall,Storage,Backup failed,Restart backup service,Pending,22-09-2025,22-09-2025,Tyler Wright,Backup failed reported by user.
1322,553118,Richard Foley,Requests,Access request for shared folder,Notify user,Escalated,25-11-2024,25-11-2024,Thomas Myers,Access request for shared folder reported by user.
1323,254518,Nicholas Harrison,Hardware,Monitor flickering,Update graphics driver,Escalated,15-03-2024,15-03-2024,Jennifer Gamble,Monitor flickering reported by user.
1324,678289,Laura Collins,Storage,Shared folder access denied,Restart computer,Pending,19-05-2024,19-05-2024,Tracy Atkinson,Shared folder access denied reported by user.
1325,809822,Brent Johnson,Configuration,New printer installation,Restart printer,Escalated,19-04-2025,19-04-2025,Shane Peterson,New printer installation reported by user.
1326,715358,Amanda Esparza,Hardware,Monitor flickering,Adjust refresh rate,Pending,14-04-2024,14-04-2024,Charles Lambert,Monitor flickering reported by user.
1327,322495,Patrick Massey,Performance,Slow login times,Check network speed,Pending,28-07-2024,28-07-2024,Kevin Morse,Slow login times reported by user.
1328,381189,George Wright,Requests,Access request for shared folder,Notify user,Pending,29-10-2024,29-10-2024,Daniel Wood,Access request for shared folder reported by user.
1329,803432,Brenda White,Hardware,Laptop not starting,Test with another power outlet,Pending,02-08-2025,02-08-2025,Carlos Gregory,Laptop not starting reported by user.
1330,393991,Meghan Fritz,Incident,Server outage,Restart server,Pending,06-08-2025,06-08-2025,Melanie Myers,Server outage reported by user.
1331,930624,James Anderson,Storage,Backup failed,Verify storage availability,Resolved,28-01-2025,17-05-2025,Rodney Savage,Backup failed reported by user.
1332,192561,Robert Arias,Requests,Access request for shared folder,Review audit logs,Escalated,21-05-2024,21-05-2024,Charles Coleman DDS,Access request for shared folder reported by user.
1333,701559,Jeffrey Ball,Hardware,Keyboard not working,Test with external keyboard,Escalated,08-02-2025,08-02-2025,Stephanie Jarvis,Keyboard not working reported by user.
1334,5727,Lisa Brown,Requests,Access request for shared folder,Test access,Pending,27-07-2024,27-07-2024,Shelby Quinn,Access request for shared folder reported by user.
1335,965371,Brandy Taylor,Security,Suspicious login,Block suspicious IP,Escalated,05-11-2024,05-11-2024,Nathaniel Maldonado,Suspicious login reported by user.
1336,777811,Jessica Henry,Configuration,New device setup,Configure network settings,Pending,24-07-2025,24-07-2025,Wanda Jones,New device setup reported by user.
1337,141982,Rebecca Robinson,Performance,Slow internet speed,Check for interference,Pending,15-10-2024,15-10-2024,Hailey Rodriguez,Slow internet speed reported by user.
1338,734095,Timothy Fernandez,Incident,Printer malfunction in office,Contact vendor support,Escalated,07-07-2025,07-07-2025,Sandra Arias,Printer malfunction in office reported by user.
1339,638411,Ryan Morgan,Service,Cloud storage syncing issue,Check internet connection,Escalated,02-04-2025,02-04-2025,Jerry Clark,Cloud storage syncing issue reported by user.
1340,12861,Molly Jordan,Hardware,Monitor flickering,Check HDMI/Display cable,Pending,23-05-2024,23-05-2024,Charles Wilson,Monitor flickering reported by user.
1341,884741,Samantha Powell,Security,Account locked,Clear browser cache,Escalated,23-09-2025,23-09-2025,Stephen Rivas,Account locked reported by user.
1342,251263,Daniel Hawkins,Performance,Application freezing,Check for updates,Pending,28-05-2024,28-05-2024,Robert Johnson,Application freezing reported by user.
1343,843355,Scott Perry,Requests,Request new monitor,Notify user,Escalated,24-03-2025,24-03-2025,Heather Davila,Request new monitor reported by user.
1344,374476,Elizabeth Aguilar,Security,Forgotten password,Verify identity before reset,Resolved,05-05-2025,20-11-2025,Jennifer Walker,Forgotten password reported by user.
1345,204223,Michelle Oconnor,Service,Cloud service down,Clear cache,Resolved,21-09-2025,24-11-2025,Felicia Davis,Cloud service down reported by user.
1346,889087,Jordan Cooley,Incident,Printer malfunction in office,Update driver,Escalated,25-03-2024,25-03-2024,Brenda Cohen MD,Printer malfunction in office reported by user.
1347,578772,Eric Hall,Hardware,Ethernet cable not detected,Try a different port,Escalated,14-08-2025,14-08-2025,Dawn Torres,Ethernet cable not detected reported by user.
1348,775663,Keith Davis,Configuration,Email client configuration,Restart client,Resolved,11-10-2024,20-01-2026,Eric Smith,Email client configuration reported by user.
1349,790547,Cheryl Gregory,Requests,Software installation,Install approved software,Pending,23-07-2025,23-07-2025,Mary Barber,Software installation reported by user.
1350,134424,Charles Roth,Performance,Application freezing,Run malware scan,Resolved,18-09-2025,26-10-2025,Jennifer Osborne,Application freezing reported by user.
1351,108520,Dr. Victor Morse,Hardware,Cannot connect to Wi-Fi network,Forget and reconnect network,Escalated,18-01-2026,18-01-2026,Christina Lane,Cannot connect to Wi-Fi network reported by user.
1352,880295,Lisa Taylor,Performance,Computer running slow,Restart computer,Escalated,03-11-2025,03-11-2025,Jeffery Cannon,Computer running slow reported by user.
1353,549449,Roberto Davidson,Incident,Server outage,Communicate downtime to users,Resolved,24-02-2025,22-08-2025,Joel Moore,Server outage reported by user.
1354,681428,Vicki Carson,Service,Email not syncing,Restart computer,Escalated,25-06-2024,25-06-2024,Alan Jacobs,Email not syncing reported by user.
1355,170811,Thomas Parker,Network,Scanner not working,Restart scanner service,Pending,01-11-2025,01-11-2025,Craig Todd,Scanner not working reported by user.
1356,166395,Kaitlyn Obrien,Network,Wi-Fi slow,Restart router,Escalated,10-12-2024,10-12-2024,Jennifer Brown,Wi-Fi slow reported by user.
1357,574747,Tina Carlson,Requests,Software installation,Restart computer,Escalated,03-04-2025,03-04-2025,Kyle Gray,Software installation reported by user.
1358,719610,Jennifer Horn,Storage,Shared folder access denied,Restart computer,Pending,26-07-2025,26-07-2025,Marcia Washington PhD,Shared folder access denied reported by user.
1359,723535,Mia Johnson,Requests,Request new monitor,Assign monitor to user,Pending,05-11-2024,05-11-2024,Mary Serrano,Request new monitor reported by user.
1360,389014,Caitlin Cabrera,Hardware,Laptop not starting,Reset CMOS/BIOS,Resolved,11-02-2025,15-04-2025,Nicole Kline,Laptop not starting reported by user.
1361,131462,Ann Green,Service,Internal web portal not opening,Check portal URL,Escalated,25-12-2024,25-12-2024,Elizabeth Benson,Internal web portal not opening reported by user.
1362,426838,Danielle Lopez,Hardware,Monitor flickering,Replace cable,Pending,30-12-2024,30-12-2024,Donna Garcia,Monitor flickering reported by user.
1363,188431,Jessica Keller,Requests,Software installation,Notify user,Pending,31-05-2024,31-05-2024,Abigail Price,Software installation reported by user.
1364,10686,Michael Sheppard,Storage,Shared folder access denied,Contact folder owner,Escalated,16-06-2025,16-06-2025,Laura Moody,Shared folder access denied reported by user.
1365,335296,Garrett Collins,Storage,Low disk space,Uninstall unused programs,Resolved,24-04-2025,18-05-2025,Brianna Jenkins,Low disk space reported by user.
1366,566731,Joshua Kelly,Configuration,New device setup,Create user profile,Escalated,15-02-2026,15-02-2026,Cynthia Middleton MD,New device setup reported by user.
1367,442881,Benjamin Johnson,Storage,Low disk space,Use disk cleanup utility,Escalated,07-12-2024,07-12-2024,Mrs. Margaret Diaz DDS,Low disk space reported by user.
1368,441787,Darrell Ellison,Hardware,Laptop not starting,Disconnect peripherals and retry,Escalated,29-06-2024,29-06-2024,Karen Williams,Laptop not starting reported by user.
1369,219707,Jonathan Walls,Security,Account locked,Unlock account via admin console,Resolved,31-12-2025,13-02-2026,Becky Turner,Account locked reported by user.
1370,348208,Claire Jones,Incident,Printer malfunction in office,Document issue,Resolved,24-01-2026,29-01-2026,Jacqueline Ruiz,Printer malfunction in office reported by user.
1371,743588,Ryan Castro,Configuration,New printer installation,Install driver software,Pending,06-06-2025,06-06-2025,Mark Gonzales,New printer installation reported by user.
1372,880925,Donald Greer,Incident,Printer malfunction in office,Contact vendor support,Pending,08-05-2025,08-05-2025,Zachary Curry,Printer malfunction in office reported by user.
1373,837136,Daniel Merritt,Performance,Application freezing,Close other programs,Escalated,13-10-2025,13-10-2025,Dennis Green,Application freezing reported by user.
1374,919127,Meghan Townsend,Configuration,Wi-Fi setup for new office,Update router firmware,Pending,24-07-2024,24-07-2024,Emily Hebert,Wi-Fi setup for new office reported by user.
1375,370729,Dakota Whitehead,Hardware,Monitor flickering,Replace cable,Resolved,20-01-2025,27-01-2026,Thomas Oliver,Monitor flickering reported by user.
1376,205344,Carrie Lewis,Network,Scanner not working,Update scanner driver,Escalated,13-12-2024,13-12-2024,Jennifer Garcia,Scanner not working reported by user.
1377,627495,David Gordon,Security,Phishing email reported,Report to security compliance,Escalated,08-11-2024,08-11-2024,Deborah Chang,Phishing email reported reported by user.
1378,969562,Gary Bailey,Storage,Cannot access shared drive,Contact file owner,Resolved,03-03-2025,27-03-2025,Ernest Johnson,Cannot access shared drive reported by user.
1379,192338,Nicole Diaz,Network,Mouse not responding,Test with another mouse,Pending,01-02-2025,01-02-2025,Melissa Hernandez,Mouse not responding reported by user.
1380,193758,Shelby Mcgee,Incident,Printer malfunction in office,Contact vendor support,Pending,06-09-2024,06-09-2024,Juan Benton MD,Printer malfunction in office reported by user.
1381,185394,Donna Johnston,Configuration,New printer installation,Check permissions,Pending,07-08-2024,07-08-2024,Jeremiah Davis,New printer installation reported by user.
1382,85958,Melissa Strickland,Requests,Request new monitor,Verify warranty,Resolved,03-04-2025,22-11-2025,Andrew Jones,Request new monitor reported by user.
1383,779690,Luis Clark,Hardware,Laptop not starting,Boot in safe mode,Escalated,05-06-2024,05-06-2024,Christopher Weaver,Laptop not starting reported by user.
1384,609808,Traci Sparks,Performance,Computer running slow,Run malware scan,Pending,20-08-2025,20-08-2025,Ian Nguyen,Computer running slow reported by user.
1385,918414,Margaret Greene,Hardware,Cannot connect to Wi-Fi network,Disable VPN temporarily,Resolved,17-06-2025,26-11-2025,Raymond Aguilar,Cannot connect to Wi-Fi network reported by user.
1386,945705,Janet Hodges,Network,Cannot access internal portal,Test on another device,Resolved,26-03-2025,11-01-2026,Laura Brooks,Cannot access internal portal reported by user.
1387,77353,Dakota Koch,Service,Cloud service down,Clear cache,Escalated,08-07-2024,08-07-2024,Yvonne Webster,Cloud service down reported by user.
1388,475092,Haley Wood,Hardware,Battery draining fast,Close unused programs,Pending,11-05-2024,11-05-2024,Pamela Martin,Battery draining fast reported by user.
1389,869081,Eric Sanders,Incident,Server outage,Restart server,Pending,31-05-2025,31-05-2025,Ashley Clark,Server outage reported by user.
1390,24782,Allen Holt,Performance,Computer running slow,Clear temp files,Resolved,20-12-2024,17-08-2025,Kelly Johnson,Computer running slow reported by user.
1391,724095,Heather Smith,Configuration,New printer installation,Test print,Pending,19-01-2025,19-01-2025,Phillip Wilson,New printer installation reported by user.
1392,697605,Jeffrey Williams,Network,Mouse not responding,Try a different port,Escalated,08-10-2025,08-10-2025,Nicole Garcia,Mouse not responding reported by user.
1393,85545,Stephanie West,Network,Wi-Fi slow,Restart router,Escalated,22-02-2025,22-02-2025,Jennifer Miller,Wi-Fi slow reported by user.
1394,733807,Robert Morales,Service,Email not syncing,Check mailbox size,Resolved,22-04-2024,20-07-2025,Catherine Adams,Email not syncing reported by user.
1395,261086,Wesley Dillon,Performance,Slow internet speed,Check for interference,Resolved,09-05-2025,24-01-2026,Ashlee Welch,Slow internet speed reported by user.
1396,303476,Kevin Griffin,Security,Suspicious login,Notify user,Resolved,29-02-2024,25-08-2025,Eric Bailey,Suspicious login reported by user.
1397,466289,Heather Parker,Performance,Slow login times,Verify account permissions,Pending,25-01-2026,25-01-2026,Diana Sanders,Slow login times reported by user.
1398,667881,Rhonda Reed,Configuration,Printer setup,Update firmware,Escalated,18-12-2024,18-12-2024,Krista Davis,Printer setup reported by user.
1399,664570,Trevor Jones,Incident,Power outage,Escalate if prolonged,Resolved,28-12-2024,19-10-2025,Henry Landry,Power outage reported by user.
1400,957426,Mrs. Samantha Roberts DVM,Incident,Server outage,Restart server,Pending,29-03-2025,29-03-2025,Stephanie Parks,Server outage reported by user.
1401,595314,Elizabeth Smith,Service,Internal web portal not opening,Try different browser,Escalated,08-08-2024,08-08-2024,Adrian Smith,Internal web portal not opening reported by user.
1402,113371,Kimberly Mckenzie,Performance,Computer running slow,Disable startup apps,Escalated,08-05-2025,08-05-2025,Thomas Brown,Computer running slow reported by user.
1403,428900,Donald Mcfarland,Configuration,New printer installation,Install driver software,Escalated,14-06-2025,14-06-2025,Laura Sanchez,New printer installation reported by user.
1404,546702,David Webb,Incident,Printer malfunction in office,Document issue,Escalated,10-11-2025,10-11-2025,Andrew Campbell,Printer malfunction in office reported by user.
1405,387363,Kristina Tyler,Storage,Backup not completing,Verify storage availability,Escalated,21-11-2025,21-11-2025,Brandon Waller,Backup not completing reported by user.
1406,489824,Walter Beck,Network,Cannot access internal portal,Check VPN connection,Escalated,07-02-2026,07-02-2026,Courtney Williams,Cannot access internal portal reported by user.
1407,433246,Mark Saunders,Configuration,Email client configuration,Update email client,Resolved,23-09-2024,14-06-2025,Andrew Gray,Email client configuration reported by user.
1408,666016,Jacob Turner,Storage,Backup not completing,Verify storage availability,Escalated,19-03-2024,19-03-2024,Bruce Fitzgerald,Backup not completing reported by user.
1409,190978,Mr. Jonathan Jackson PhD,Configuration,Printer setup,Verify permissions,Resolved,22-09-2024,10-05-2025,Desiree Whitney,Printer setup reported by user.
1410,302743,Tamara Barker,Incident,Server outage,Notify IT team,Pending,26-06-2025,26-06-2025,Luke Sullivan,Server outage reported by user.
1411,292581,Joshua Jones,Network,VPN not connecting,Verify VPN server address,Resolved,19-04-2024,15-12-2025,Joann Carter,VPN not connecting reported by user.
1412,136136,Cynthia Hale,Service,Internal web portal not opening,Check portal URL,Resolved,25-04-2025,31-10-2025,Robert Johnson,Internal web portal not opening reported by user.
1413,762708,Ashley Conley,Hardware,Ethernet cable not detected,Replace faulty cable,Escalated,05-04-2025,05-04-2025,Ruth Watkins,Ethernet cable not detected reported by user.
1414,389345,David Bauer MD,Requests,Software installation,Notify user,Pending,09-09-2024,09-09-2024,Heather Irwin,Software installation reported by user.
1415,435492,Robert Dean,Requests,Request new software license,Approve request,Pending,23-04-2024,23-04-2024,Theodore Gilbert,Request new software license reported by user.
1416,503377,Devon Gutierrez,Network,DNS not resolving,Restart network adapter,Resolved,25-01-2025,01-05-2025,Ryan Smith,DNS not resolving reported by user.
1417,657063,Andrea Hall,Requests,Access request for shared folder,Test access,Escalated,23-11-2024,23-11-2024,Scott Brown,Access request for shared folder reported by user.
1418,28169,Austin Gray,Network,Scanner not working,Reinstall scanner software,Resolved,10-06-2025,07-09-2025,Michael Richards,Scanner not working reported by user.
1419,568766,Kristin Macdonald,Service,Cloud storage syncing issue,Check firewall settings,Escalated,02-07-2025,02-07-2025,Brian Robinson,Cloud storage syncing issue reported by user.
1420,619920,Maureen Ford,Network,VPN not connecting,Check firewall settings,Pending,29-05-2025,29-05-2025,Jessica Garcia,VPN not connecting reported by user.
1421,352923,Jennifer Collins,Incident,Printer malfunction in office,Document issue,Escalated,30-03-2024,30-03-2024,Gina Lee,Printer malfunction in office reported by user.
1422,795414,Theodore Hayes,Hardware,Ethernet cable not detected,Replace faulty cable,Escalated,31-10-2025,31-10-2025,Jose Jackson,Ethernet cable not detected reported by user.
1423,490123,Peter Walker,Performance,High CPU usage,Adjust performance settings,Resolved,27-04-2025,23-05-2025,Thomas Jones,High CPU usage reported by user.
1424,216001,Robert Torres,Incident,Printer malfunction in office,Test print,Resolved,11-10-2025,26-10-2025,Terry Morales,Printer malfunction in office reported by user.
1425,257920,Tyler Rivera,Performance,High CPU usage,Adjust performance settings,Escalated,18-09-2025,18-09-2025,Lori Gonzalez,High CPU usage reported by user.
1426,706490,Clinton Armstrong,Service,Email not syncing,Check network connectivity,Pending,29-10-2024,29-10-2024,Gary Brown,Email not syncing reported by user.
1427,172776,Andrew Martinez,Service,Internal web portal not opening,Clear browser cache,Resolved,05-10-2025,11-12-2025,Samantha Robles,Internal web portal not opening reported by user.
1428,643165,Juan Johnson,Service,Internal web portal not opening,Contact IT support,Resolved,06-05-2024,30-11-2024,Rebecca Ortiz,Internal web portal not opening reported by user.
1429,100932,Alexander Roberts,Storage,Cannot save to network drive,Check disk space,Escalated,31-12-2024,31-12-2024,Mr. James Pena,Cannot save to network drive reported by user.
1430,352123,Amanda Patel,Network,Scanner not working,Verify scanner permissions,Escalated,05-11-2024,05-11-2024,Julia Harris,Scanner not working reported by user.
1431,563901,Mathew Hancock,Performance,High CPU usage,Check for background updates,Escalated,21-04-2025,21-04-2025,Laurie Watson,High CPU usage reported by user.
1432,765031,Brendan Lopez,Incident,Power outage,Log incident,Resolved,07-08-2024,20-09-2024,Tamara Chambers,Power outage reported by user.
1433,677105,Kevin Hawkins,Hardware,Cannot connect to Wi-Fi network,Move closer to access point,Pending,27-08-2024,27-08-2024,Cory Mills,Cannot connect to Wi-Fi network reported by user.
1434,806505,Jessica Gibson,Hardware,Monitor flickering,Adjust refresh rate,Pending,28-06-2024,28-06-2024,Robert Le,Monitor flickering reported by user.
1435,684543,Tony Jones,Storage,Shared folder access denied,Check folder permissions,Resolved,29-02-2024,10-12-2025,Douglas Tate,Shared folder access denied reported by user.
1436,849611,Julie Lucero,Incident,Printer malfunction in office,Contact vendor support,Escalated,17-08-2025,17-08-2025,Stacy Moore,Printer malfunction in office reported by user.
1437,981717,Alexander Bentley,Network,Printer jam,Remove stuck paper carefully,Resolved,05-03-2024,18-09-2025,Jennifer Rodriguez,Printer jam reported by user.
1438,541739,Susan White,Incident,Printer malfunction in office,Document issue,Pending,16-04-2024,16-04-2024,James Kelly,Printer malfunction in office reported by user.
1439,387081,Pedro Mason,Incident,Printer malfunction in office,Document issue,Resolved,16-03-2024,30-11-2024,Charles Doyle,Printer malfunction in office reported by user.
1440,121241,Lori Anderson,Requests,Hardware request,Verify model compatibility,Escalated,03-12-2024,03-12-2024,Anthony Caldwell,Hardware request reported by user.
1441,741867,Matthew Ryan,Hardware,Battery draining fast,Disable unnecessary background apps,Resolved,13-09-2025,15-09-2025,Kimberly Houston,Battery draining fast reported by user.
1442,523368,Dakota Richardson,Performance,Slow internet speed,Test speed on another device,Escalated,12-11-2024,12-11-2024,Sean Wu,Slow internet speed reported by user.
1443,906881,Rebecca Hernandez,Incident,Server outage,Communicate downtime to users,Resolved,19-04-2025,14-09-2025,Mark Munoz,Server outage reported by user.
1444,983820,Jesse Gallagher,Incident,Server outage,Verify backups,Resolved,12-06-2025,23-02-2026,James Davis,Server outage reported by user.
1445,739696,Kathryn Cuevas,Hardware,Frequent network dropouts,Update router firmware,Resolved,13-08-2025,08-10-2025,Melissa Williams PhD,Frequent network dropouts reported by user.
1446,160163,George Ferrell,Security,Phishing email reported,Check mail server logs,Resolved,06-10-2024,21-12-2024,Gloria Williams,Phishing email reported reported by user.
1447,261812,Dr. Daniel Wilkerson,Service,Cannot access email from mobile,Re-add account,Escalated,18-06-2024,18-06-2024,Gregory Olson,Cannot access email from mobile reported by user.
1448,596098,Tina Collins,Hardware,Frequent network dropouts,Reset network settings,Escalated,16-04-2025,16-04-2025,Tammy Bates,Frequent network dropouts reported by user.
1449,848316,Joshua Ward,Service,Cannot access email from mobile,Check network connectivity,Resolved,30-05-2024,11-02-2025,Cynthia Shaw,Cannot access email from mobile reported by user.
1450,36645,Jennifer Jackson,Configuration,Email client configuration,Restart client,Resolved,19-08-2025,05-02-2026,Raymond Bishop,Email client configuration reported by user.
1451,541935,Amber Wu,Incident,Power outage,Verify safety protocols,Pending,03-11-2025,03-11-2025,Sarah Reid,Power outage reported by user.
1452,855696,Marcus Cooke,Requests,Request new monitor,Verify warranty,Escalated,30-07-2025,30-07-2025,David Johnson,Request new monitor reported by user.
1453,837385,Jessica Moore,Storage,Backup not completing,Restart backup service,Resolved,12-09-2025,28-09-2025,Andres White,Backup not completing reported by user.
1454,872120,Gabriel Allen,Requests,Request new monitor,Update asset records,Pending,19-07-2025,19-07-2025,Paula Carter MD,Request new monitor reported by user.
1455,722410,Aaron Johnson,Hardware,Laptop not starting,Replace faulty battery,Resolved,20-09-2025,23-11-2025,Angela Garcia,Laptop not starting reported by user.
1456,564630,Susan Munoz,Service,Cannot access email from mobile,Clear cache,Resolved,06-03-2024,05-08-2024,Amanda Townsend,Cannot access email from mobile reported by user.
1457,729045,Sean Booker,Storage,Backup failed,Retry backup,Escalated,17-08-2024,17-08-2024,Claudia Myers,Backup failed reported by user.
1458,194414,Dana Allen,Network,Internet not working,Ping gateway to test,Pending,18-05-2024,18-05-2024,Nathan Kennedy,Internet not working reported by user.
1459,504696,Kelsey Ortega,Configuration,New printer installation,Update firmware,Resolved,12-04-2024,06-04-2025,Michael Robinson,New printer installation reported by user.
1460,647976,Samuel Hendrix,Performance,Computer overheating,Check for blocked airflow,Pending,27-07-2025,27-07-2025,Sharon Peck,Computer overheating reported by user.
1461,414599,Robin Robles,Security,Suspicious login,Escalate to security team,Pending,29-07-2025,29-07-2025,Matthew Stevens,Suspicious login reported by user.
1462,706732,Brenda Mullins,Security,Unauthorized USB device,Review device logs,Resolved,24-04-2025,17-07-2025,Megan Lee,Unauthorized USB device reported by user.
1463,212798,Dawn Kelley,Configuration,New device setup,Test device connectivity,Pending,09-02-2026,09-02-2026,Victor Gomez,New device setup reported by user.
1464,96741,Ashley Doyle,Requests,Access request for shared folder,Test access,Pending,06-01-2026,06-01-2026,Laura Hall,Access request for shared folder reported by user.
1465,184059,Erin Evans,Network,Internet not working,Reset network adapter,Pending,06-04-2024,06-04-2024,Stephanie Warner,Internet not working reported by user.
1466,303052,Zachary Esparza,Performance,Slow login times,Clear cached credentials,Resolved,08-08-2024,08-10-2025,Thomas Gibson,Slow login times reported by user.
1467,480470,Jermaine Nelson,Incident,Server outage,Escalate to admin if needed,Pending,18-01-2026,18-01-2026,Nathan Mcpherson,Server outage reported by user.
1468,534581,Samuel Armstrong,Storage,Backup failed,Restart backup service,Pending,21-10-2025,21-10-2025,Jessica Hernandez,Backup failed reported by user.
1469,970089,Taylor Hall,Service,Internal web portal not opening,Clear browser cache,Resolved,15-12-2024,05-01-2026,Christina Allison,Internal web portal not opening reported by user.
1470,531468,Amanda Brown,Requests,Access request for shared folder,Test access,Resolved,28-06-2024,30-08-2024,Angela Castillo,Access request for shared folder reported by user.
1471,713182,Maria Ramos,Requests,Request new software license,Activate license,Escalated,01-03-2024,01-03-2024,Christina Page,Request new software license reported by user.
1472,816169,Janet Nguyen,Security,Forgotten password,Issue temporary password,Escalated,08-11-2025,08-11-2025,Lisa Warner,Forgotten password reported by user.
1473,821765,Laurie Lawson,Hardware,Monitor flickering,Check power connection,Resolved,09-03-2025,13-12-2025,Thomas Vargas,Monitor flickering reported by user.
1474,994980,Elizabeth Smith,Security,Account locked,Verify MFA settings,Pending,08-09-2025,08-09-2025,Tara Pittman,Account locked reported by user.
1475,260662,Rachel Yang,Configuration,New printer installation,Map printer on all devices,Pending,25-01-2026,25-01-2026,Brenda Hood,New printer installation reported by user.
1476,377624,Brittany Galloway,Storage,Shared folder access denied,Contact folder owner,Escalated,01-03-2025,01-03-2025,Dustin Knapp,Shared folder access denied reported by user.
1477,458367,Christopher Hall,Requests,Request new software license,Document license key,Resolved,24-11-2025,19-02-2026,Victoria Nash,Request new software license reported by user.
1478,741637,Joseph Brown,Service,Internal web portal not opening,Contact IT support,Resolved,07-02-2025,22-10-2025,Sharon Koch,Internal web portal not opening reported by user.
1479,722567,Patrick Ortiz,Service,Internal web portal not opening,Clear browser cache,Escalated,29-12-2025,29-12-2025,Kimberly Moore,Internal web portal not opening reported by user.
1480,853176,Alex Adams,Configuration,New printer installation,Map printer on all devices,Pending,09-05-2025,09-05-2025,Patricia Taylor,New printer installation reported by user.
1481,861020,Mark Martinez,Security,Suspicious login,Escalate to security team,Resolved,10-10-2024,14-01-2025,Melinda Serrano,Suspicious login reported by user.
1482,492562,Elizabeth Garcia,Storage,Cannot access shared drive,Map network drive again,Pending,16-05-2024,16-05-2024,Courtney Clay,Cannot access shared drive reported by user.
1483,132640,Mrs. Anita Hansen,Security,Forgotten password,Check security questions,Escalated,03-12-2024,03-12-2024,Victor Brown,Forgotten password reported by user.
1484,905317,Christopher Chen,Security,Unauthorized USB device,Block USB device,Escalated,16-05-2025,16-05-2025,Nina Wilson,Unauthorized USB device reported by user.
1485,863587,Molly Reed,Hardware,Monitor flickering,Check power connection,Escalated,11-03-2025,11-03-2025,Larry King,Monitor flickering reported by user.
1486,341736,Jacqueline Powell,Network,IP conflict,Check for duplicate device IPs,Resolved,05-11-2024,29-01-2026,Ernest Boyd,IP conflict reported by user.
1487,677859,Christopher Williams,Incident,Power outage,Log incident,Pending,26-12-2025,26-12-2025,Matthew Hart,Power outage reported by user.
1488,93702,Matthew Wells,Service,Cloud storage syncing issue,Check storage quota,Resolved,05-02-2025,22-07-2025,Christopher Clarke,Cloud storage syncing issue reported by user.
1489,389118,Melissa Buchanan,Performance,Computer running slow,Restart computer,Escalated,04-06-2025,04-06-2025,Lacey Gray,Computer running slow reported by user.
1490,742811,Connie Jimenez,Service,Cloud service down,Test on another device,Pending,03-03-2024,03-03-2024,Michael Lee,Cloud service down reported by user.
1491,788108,Scott Gutierrez,Service,Cannot access email from mobile,Clear cache,Pending,18-10-2025,18-10-2025,Stephen Whitaker,Cannot access email from mobile reported by user.
1492,206589,William Randall,Performance,Slow login times,Restart computer,Pending,01-07-2025,01-07-2025,Christine Pena,Slow login times reported by user.
1493,552549,Katherine Myers,Security,Account locked,Reset password,Resolved,24-11-2025,04-01-2026,Jessica Johnson,Account locked reported by user.
1494,820239,Scott Vasquez,Security,Phishing email reported,Warn user not to click links,Pending,23-06-2025,23-06-2025,Larry Simmons,Phishing email reported reported by user.
1495,537071,Frank Moses,Incident,Power outage,Log incident,Pending,18-11-2024,18-11-2024,Jessica Schmidt,Power outage reported by user.
1496,464980,Diana Colon,Storage,Low disk space,Uninstall unused programs,Pending,01-03-2024,01-03-2024,Diana Thomas,Low disk space reported by user.
1497,344012,Christina Valdez,Incident,Printer malfunction in office,Test print,Pending,07-07-2025,07-07-2025,Diane Williams,Printer malfunction in office reported by user.
1498,448745,Mr. Michael Spencer,Security,Unauthorized USB device,Restrict future device access,Escalated,08-02-2026,08-02-2026,Victor Morgan,Unauthorized USB device reported by user.
1499,47719,Jo Alexander,Requests,Request new monitor,Assign monitor to user,Resolved,19-07-2025,29-01-2026,Stephanie Baxter,Request new monitor reported by user.
1500,921879,Daniel Massey,Incident,Server outage,Check server logs,Pending,23-11-2025,23-11-2025,Joe Ruiz,Server outage reported by user.
1501,502301,Kimberly Butler,Performance,Computer running slow,Clear temp files,Escalated,21-04-2024,21-04-2024,Alexa Johnson,Computer running slow reported by user.
1502,533921,Patrick Mcdonald,Security,User account compromised,Check for malware,Resolved,04-02-2025,24-03-2025,Roger Jones,User account compromised reported by user.
1503,418172,Angela Lowe,Requests,Software installation,Check compatibility,Resolved,19-02-2025,25-08-2025,Christina Jones,Software installation reported by user.
1504,900199,Lauren Hendricks,Requests,Request new software license,Approve request,Resolved,14-08-2024,12-12-2024,Rachel Rodriguez,Request new software license reported by user.
1505,931785,Maria Morgan,Incident,Power outage,Escalate if prolonged,Escalated,07-09-2025,07-09-2025,Robert Avila,Power outage reported by user.
1506,407858,Christina Hernandez,Configuration,Email client configuration,Verify credentials,Escalated,21-11-2025,21-11-2025,Mary Elliott,Email client configuration reported by user.
1507,44994,Kathleen Frye,Requests,Hardware request,Notify user,Pending,10-11-2024,10-11-2024,James Singh,Hardware request reported by user.
1508,848954,James Rogers,Service,Cannot access email from mobile,Re-add account,Pending,18-01-2025,18-01-2025,Michelle Kennedy,Cannot access email from mobile reported by user.
1509,942239,Ann Woodard,Hardware,Laptop not starting,Remove battery and retry,Resolved,28-10-2025,19-11-2025,Elizabeth Strickland,Laptop not starting reported by user.
1510,764135,Nancy Smith MD,Hardware,Ethernet cable not detected,Replace faulty cable,Escalated,22-05-2025,22-05-2025,Richard Callahan,Ethernet cable not detected reported by user.
1511,929805,Derek Smith,Security,Suspicious login,Block suspicious IP,Escalated,06-03-2024,06-03-2024,Adam Velez,Suspicious login reported by user.
1512,882147,Raymond Rivera,Configuration,Email client configuration,Verify credentials,Escalated,27-11-2024,27-11-2024,Tony Hanson,Email client configuration reported by user.
1513,841536,Karen Mack,Incident,Power outage,Notify facilities team,Resolved,18-09-2024,21-10-2024,Alyssa Brown,Power outage reported by user.
1514,95693,Robert Campbell,Service,Email not syncing,Check mailbox size,Resolved,03-07-2024,10-12-2024,Lauren Jones,Email not syncing reported by user.
1515,865351,Richard Hill,Hardware,Frequent network dropouts,Check interference from devices,Escalated,15-09-2024,15-09-2024,Heather Cohen,Frequent network dropouts reported by user.
1516,159401,James Romero,Network,VPN not connecting,Disable/Enable network adapter,Escalated,19-06-2025,19-06-2025,Jennifer Russell,VPN not connecting reported by user.
1517,938225,Matthew Henderson,Incident,Printer malfunction in office,Document issue,Escalated,16-02-2025,16-02-2025,Alexander Robinson,Printer malfunction in office reported by user.
1518,574385,Virginia Larson,Configuration,Email client configuration,Enable SSL/TLS,Escalated,25-07-2025,25-07-2025,Alicia Mason,Email client configuration reported by user.
1519,764376,Kevin Luna,Requests,Hardware request,Deliver hardware to user,Escalated,16-11-2024,16-11-2024,Dr. Kathleen Gonzalez,Hardware request reported by user.
1520,527648,Timothy James,Hardware,Frequent network dropouts,Reset network settings,Pending,13-03-2025,13-03-2025,Victoria Newman,Frequent network dropouts reported by user.
1521,219360,Shannon Perez,Storage,Cannot access shared drive,Check network connectivity,Escalated,01-02-2026,01-02-2026,Scott Harmon,Cannot access shared drive reported by user.
1522,714762,April Garza,Requests,Access request for shared folder,Verify permissions,Resolved,17-11-2025,19-11-2025,Mario Reyes,Access request for shared folder reported by user.
1523,898746,Holly Burgess,Hardware,Battery draining fast,Calibrate battery,Resolved,03-06-2025,04-07-2025,Margaret Barton,Battery draining fast reported by user.
1524,618051,Kevin Morrison,Incident,Power outage,Use UPS,Resolved,13-08-2024,15-08-2025,Aaron Butler,Power outage reported by user.
1525,949339,William Beck,Storage,Cannot save to network drive,Test drive mapping,Escalated,01-08-2024,01-08-2024,Brian Johnson,Cannot save to network drive reported by user.
1526,430065,Michaela Bell,Service,Internal web portal not opening,Contact IT support,Escalated,06-04-2024,06-04-2024,Peter Harvey,Internal web portal not opening reported by user.
1527,726234,Jennifer Aguilar,Configuration,New printer installation,Check permissions,Resolved,17-04-2025,02-02-2026,Tammy Stafford,New printer installation reported by user.
1528,273091,James Warner,Security,Unauthorized USB device,Block USB device,Pending,24-02-2025,24-02-2025,Mark Davis,Unauthorized USB device reported by user.
1529,869148,Christopher Singleton,Configuration,Email client configuration,Enable SSL/TLS,Pending,26-11-2025,26-11-2025,Judith Mcdaniel,Email client configuration reported by user.
1530,852268,Christine Adams,Network,VPN not connecting,Reboot computer,Resolved,27-06-2024,20-02-2025,Lindsey Clark,VPN not connecting reported by user.
1531,496950,Joy Cole,Security,User account compromised,Escalate to security team,Escalated,10-03-2024,10-03-2024,John Hansen,User account compromised reported by user.
1532,627650,Cody Hoffman,Incident,Power outage,Use UPS,Escalated,16-03-2024,16-03-2024,Brian Lopez,Power outage reported by user.
1533,928287,Sarah Hansen,Network,Cannot access internal portal,Verify internal URL,Resolved,27-02-2024,01-01-2025,David Rodriguez,Cannot access internal portal reported by user.
1534,74387,Andrea Fry,Configuration,Wi-Fi setup for new office,Document configuration,Escalated,27-07-2025,27-07-2025,Jennifer Lowe,Wi-Fi setup for new office reported by user.
1535,864814,Amanda Berger,Service,Cloud storage syncing issue,Update client software,Resolved,09-09-2024,21-04-2025,Cynthia Fields,Cloud storage syncing issue reported by user.
1536,907877,Jasmine Grimes,Network,Scanner not working,Restart scanner service,Escalated,05-10-2025,05-10-2025,Shane Lopez,Scanner not working reported by user.
1537,396714,Laura Salinas,Configuration,Email client configuration,Check firewall settings,Resolved,18-11-2025,25-11-2025,Caleb Manning,Email client configuration reported by user.
1538,306468,Adam Collins,Configuration,New printer installation,Update firmware,Resolved,24-06-2025,21-01-2026,Kenneth Lewis,New printer installation reported by user.
1539,911513,Brenda Wilson,Hardware,Battery draining fast,Disable unnecessary background apps,Resolved,22-10-2025,27-11-2025,Ryan Clark,Battery draining fast reported by user.
1540,123005,Kathleen Smith,Service,Email not syncing,Check network connectivity,Escalated,25-10-2025,25-10-2025,Jennifer Johnson,Email not syncing reported by user.
1541,288100,Dale Alvarez,Hardware,Cannot connect to Wi-Fi network,Check for MAC address filtering,Pending,30-06-2024,30-06-2024,Janet Lopez,Cannot connect to Wi-Fi network reported by user.
1542,734611,Tami Russell,Security,Unauthorized USB device,Notify user,Pending,18-06-2024,18-06-2024,Nicole Thomas,Unauthorized USB device reported by user.
1543,403131,Eric Henderson,Requests,Access request for shared folder,Document request,Pending,07-08-2024,07-08-2024,Kim Miller,Access request for shared folder reported by user.
1544,522421,Drew Cabrera,Network,Scanner not working,Reinstall scanner software,Escalated,01-10-2024,01-10-2024,Rebecca Thompson,Scanner not working reported by user.
1545,323879,Sean Turner,Service,Email not syncing,Check mailbox size,Resolved,21-05-2024,26-07-2025,Kimberly Tucker,Email not syncing reported by user.
1546,754485,Robert Villegas,Configuration,New printer installation,Check permissions,Pending,19-07-2024,19-07-2024,Lauren Vincent,New printer installation reported by user.
1547,404071,Tiffany Davis,Service,Cloud service down,Test on another device,Resolved,12-04-2024,23-04-2025,Neil Hill,Cloud service down reported by user.
1548,665825,Lance Rodriguez,Storage,Backup failed,Check network connection,Pending,26-07-2024,26-07-2024,Angela Wright,Backup failed reported by user.
1549,882484,Jodi Wright,Incident,Server outage,Notify IT team,Resolved,13-08-2025,25-12-2025,Stacey Martinez,Server outage reported by user.
1550,852947,Deborah Walker,Incident,Printer malfunction in office,Replace toner or paper,Pending,01-01-2025,01-01-2025,Dawn Smith,Printer malfunction in office reported by user.
1551,268518,Edward Martin,Service,Internal web portal not opening,Clear browser cache,Escalated,10-07-2024,10-07-2024,Andre Norman,Internal web portal not opening reported by user.
1552,537902,Barbara Graham,Requests,Request new software license,Check compliance,Resolved,04-06-2024,15-09-2024,Thomas Tran,Request new software license reported by user.
1553,649515,Craig Wilson,Hardware,Monitor flickering,Check HDMI/Display cable,Escalated,21-08-2024,21-08-2024,Stacy Williams,Monitor flickering reported by user.
1554,827959,Natalie Brown,Service,Email not syncing,Clear cache and cookies,Resolved,04-04-2025,23-10-2025,Jessica Doyle,Email not syncing reported by user.
1555,391522,Margaret Benjamin,Network,Internet not working,Restart modem and router,Resolved,05-05-2025,13-07-2025,Barbara Khan,Internet not working reported by user.
1556,419517,Jeffery Chung,Storage,Cannot save to network drive,Test drive mapping,Resolved,26-01-2025,19-03-2025,Julie Charles,Cannot save to network drive reported by user.
1557,991003,Karen Keith,Incident,Power outage,Notify facilities team,Resolved,08-04-2024,01-07-2024,Mrs. Angel Moore,Power outage reported by user.
1558,380316,Amanda Chavez,Requests,Request new software license,Install software,Resolved,21-05-2025,13-07-2025,Jeffrey Ruiz,Request new software license reported by user.
1559,134181,Scott Smith,Configuration,Printer setup,Verify permissions,Resolved,12-11-2025,21-01-2026,Gabriel Taylor,Printer setup reported by user.
1560,626175,Mitchell Hughes,Requests,Request new monitor,Notify user,Escalated,10-03-2025,10-03-2025,Caleb Kim,Request new monitor reported by user.
1561,168325,Jeffrey Wagner,Hardware,Frequent network dropouts,Change Wi-Fi channel,Pending,18-02-2025,18-02-2025,Brittany Gordon,Frequent network dropouts reported by user.
1562,6190,Robert Rodriguez,Network,VPN not connecting,Update VPN certificate,Escalated,31-08-2024,31-08-2024,Luis Hamilton,VPN not connecting reported by user.
1563,163777,David Davis,Performance,High CPU usage,Adjust performance settings,Escalated,27-07-2025,27-07-2025,David Robinson,High CPU usage reported by user.
1564,779245,Mitchell Saunders,Network,Wi-Fi slow,Update Wi-Fi driver,Resolved,25-03-2025,12-07-2025,Tonya Morgan,Wi-Fi slow reported by user.
1565,967745,Pamela Boyer,Incident,Power outage,Notify facilities team,Escalated,15-05-2024,15-05-2024,Mr. Richard Daniels,Power outage reported by user.
1566,987688,Andrew Hughes,Performance,Application freezing,Run malware scan,Pending,10-02-2026,10-02-2026,Kristin Taylor,Application freezing reported by user.
1567,926487,Timothy Vasquez,Performance,Slow login times,Check network speed,Resolved,11-03-2024,17-02-2026,Mary Harris,Slow login times reported by user.
1568,879247,Kendra Smith,Requests,Access request for shared folder,Update access records,Resolved,24-11-2025,03-12-2025,Loretta Ferguson,Access request for shared folder reported by user.
1569,998600,Robert Baker,Configuration,Printer setup,Test print,Pending,21-12-2025,21-12-2025,Bradley Livingston,Printer setup reported by user.
1570,288898,Alexis Jenkins,Performance,Computer running slow,Defragment disk,Resolved,11-06-2025,12-06-2025,Matthew Green,Computer running slow reported by user.
1571,238543,Mr. Dylan Watkins DVM,Security,Account locked,Contact security team,Resolved,17-02-2026,19-02-2026,Paula Smith,Account locked reported by user.
1572,943181,Richard Pacheco,Configuration,New device setup,Install OS and updates,Escalated,19-04-2025,19-04-2025,Valerie Cardenas,New device setup reported by user.
1573,97499,Mary Huerta,Service,Software update failed,Retry update,Resolved,14-07-2025,01-11-2025,Jason Conway,Software update failed reported by user.
1574,552164,Ernest Walker,Performance,Application freezing,Reinstall application,Pending,17-12-2024,17-12-2024,Cynthia Lane,Application freezing reported by user.
1575,42125,Deborah Murphy,Hardware,Cannot connect to Wi-Fi network,Check for MAC address filtering,Escalated,22-02-2026,22-02-2026,Brian Harris,Cannot connect to Wi-Fi network reported by user.
1576,619413,Jeremy Jenkins,Service,Cannot access email from mobile,Clear cache,Escalated,21-12-2024,21-12-2024,Diane Ryan,Cannot access email from mobile reported by user.
1577,142825,Anne West,Hardware,Battery draining fast,Disable unnecessary background apps,Resolved,19-04-2024,31-03-2025,Jonathan Wells,Battery draining fast reported by user.
1578,867346,Patrick Brennan,Performance,High CPU usage,Check running processes,Resolved,09-03-2025,31-10-2025,Todd Simmons,High CPU usage reported by user.
1579,104162,Michael Mccann,Configuration,Email client configuration,Update email client,Resolved,09-05-2025,25-05-2025,Nicholas Holland,Email client configuration reported by user.
1580,52893,David Costa,Incident,Server outage,Escalate to admin if needed,Escalated,13-09-2024,13-09-2024,Thomas Green,Server outage reported by user.
1581,11697,John Vega,Service,Cloud storage syncing issue,Reinstall sync client,Pending,25-08-2025,25-08-2025,Tyler Gray Jr.,Cloud storage syncing issue reported by user.
1582,973323,Gabriel Lewis,Hardware,Laptop not starting,Disconnect peripherals and retry,Escalated,01-11-2024,01-11-2024,Erica Brooks,Laptop not starting reported by user.
1583,587326,Robert Rivera,Storage,Shared folder access denied,Verify network connectivity,Resolved,20-01-2025,23-06-2025,Caitlyn Reed,Shared folder access denied reported by user.
1584,864620,Laura Mitchell,Storage,Backup failed,Check network connection,Escalated,26-02-2024,26-02-2024,Ethan Dean,Backup failed reported by user.
1585,892059,Joseph Cruz,Requests,Request new software license,Activate license,Escalated,04-03-2025,04-03-2025,Stephen Snyder,Request new software license reported by user.
1586,542953,Micheal Zamora,Performance,Application freezing,Close other programs,Pending,27-02-2025,27-02-2025,Brian Atkins,Application freezing reported by user.
1587,650761,Sean Orr,Requests,Request new software license,Approve request,Resolved,31-10-2025,02-12-2025,Amber Lopez MD,Request new software license reported by user.
1588,655281,Elizabeth Johnston,Performance,Application freezing,Increase system memory,Pending,25-03-2024,25-03-2024,Alexandra Lowe,Application freezing reported by user.
1589,584785,Miranda Hall,Incident,Server outage,Escalate to admin if needed,Escalated,20-04-2024,20-04-2024,Andrew Odonnell,Server outage reported by user.
1590,970786,Brandi Walters,Service,Cloud service down,Verify firewall settings,Pending,26-11-2024,26-11-2024,Charles Johns,Cloud service down reported by user.
1591,989551,Christopher Barnett,Performance,Computer overheating,Update BIOS/firmware,Resolved,06-03-2024,16-04-2025,Amanda Benson,Computer overheating reported by user.
1592,529725,Nina Holmes,Configuration,New device setup,Create user profile,Resolved,23-03-2025,11-06-2025,Marcus Wheeler,New device setup reported by user.
1593,41317,Rebecca Tucker,Requests,Request new monitor,Update asset records,Pending,03-12-2025,03-12-2025,Katherine Roman,Request new monitor reported by user.
1594,482185,Michael Houston,Network,Internet not working,Check cable connections,Escalated,27-05-2024,27-05-2024,Donald Watts,Internet not working reported by user.
1595,202709,Amanda Morgan,Network,Internet not working,Check IP settings,Resolved,17-02-2026,24-02-2026,Chad Moody,Internet not working reported by user.
1596,800332,Chris Riley,Requests,Request new software license,Install software,Pending,01-05-2024,01-05-2024,Caroline White,Request new software license reported by user.
1597,30544,Luis Mercado,Storage,Backup not completing,Update backup software,Pending,26-03-2024,26-03-2024,Amanda Werner,Backup not completing reported by user.
1598,381213,Michael Rivera,Configuration,Email client configuration,Update email client,Resolved,24-11-2024,14-09-2025,Melissa Mcneil DDS,Email client configuration reported by user.
1599,323154,Brandon Lee,Configuration,Wi-Fi setup for new office,Set up VLANs if needed,Pending,21-11-2024,21-11-2024,John Ryan,Wi-Fi setup for new office reported by user.
1600,479845,Dylan Mckee,Configuration,New printer installation,Map printer on all devices,Pending,05-08-2024,05-08-2024,Veronica Watkins,New printer installation reported by user.
1601,453231,Alyssa Medina,Network,Printer jam,Restart printer,Escalated,07-12-2025,07-12-2025,Ariana Clark,Printer jam reported by user.
1602,22549,Susan Dorsey,Incident,Power outage,Resume work once power restored,Escalated,22-08-2025,22-08-2025,Ian Allen,Power outage reported by user.
1603,282442,Caroline Green,Performance,Computer running slow,Upgrade RAM,Pending,16-09-2025,16-09-2025,David Davis,Computer running slow reported by user.
1604,447076,Walter Ellis,Requests,Software installation,Configure settings,Resolved,12-09-2024,03-02-2025,Sherri Adams,Software installation reported by user.
1605,964517,Patrick Barber,Configuration,New printer installation,Restart printer,Resolved,12-02-2025,16-10-2025,Megan Johnson,New printer installation reported by user.
1606,665015,Kim Bates,Service,Cloud service down,Verify firewall settings,Escalated,07-08-2024,07-08-2024,Bruce Harvey,Cloud service down reported by user.
1607,38772,Charles Jones,Network,Cannot access internal portal,Test on another device,Escalated,25-05-2024,25-05-2024,Kimberly Thompson,Cannot access internal portal reported by user.
1608,280778,Connie Martin,Service,Internal web portal not opening,Try different browser,Pending,30-04-2025,30-04-2025,Crystal Roth,Internal web portal not opening reported by user.
1609,616677,Sharon Black,Security,Account locked,Contact security team,Pending,23-03-2025,23-03-2025,Bernard Chase,Account locked reported by user.
1610,489252,Jerry Griffin,Network,Internet not working,Restart modem and router,Pending,08-07-2025,08-07-2025,Jessica Osborne,Internet not working reported by user.
1611,529527,Nathan Lewis,Configuration,New device setup,Create user profile,Escalated,19-01-2025,19-01-2025,David Velasquez,New device setup reported by user.
1612,185083,Robin Mccann,Storage,Backup failed,Check network connection,Escalated,09-11-2025,09-11-2025,Sean Dominguez,Backup failed reported by user.
1613,780990,Justin Taylor,Network,Mouse not responding,Replace batteries if wireless,Pending,01-06-2025,01-06-2025,Sarah Carpenter,Mouse not responding reported by user.
1614,957618,John Parsons,Network,Wi-Fi slow,Disable background downloads,Pending,16-07-2025,16-07-2025,Pedro Cabrera,Wi-Fi slow reported by user.
1615,398211,Madison Flynn,Configuration,Email client configuration,Verify credentials,Escalated,08-01-2026,08-01-2026,Christopher Parker Jr.,Email client configuration reported by user.
1616,979263,Ashley Hernandez,Configuration,Printer setup,Check printer IP,Resolved,31-01-2025,28-12-2025,Joshua Houston,Printer setup reported by user.
1617,142093,Peter Monroe,Hardware,Keyboard not working,Update keyboard driver,Pending,28-04-2024,28-04-2024,Michael Roy,Keyboard not working reported by user.
1618,753539,David Heath,Hardware,Keyboard not working,Restart computer,Pending,12-08-2025,12-08-2025,Stacy Davis,Keyboard not working reported by user.
1619,45048,Kathy Gonzales,Security,Forgotten password,Unlock account temporarily,Escalated,31-10-2024,31-10-2024,Christine Ali,Forgotten password reported by user.
1620,121414,Dustin Wilson,Performance,High CPU usage,Check for background updates,Escalated,02-04-2025,02-04-2025,Natalie Gomez,High CPU usage reported by user.
1621,410983,Sarah Perez,Storage,Shared folder access denied,Check folder permissions,Resolved,06-05-2024,09-02-2025,John Malone,Shared folder access denied reported by user.
1622,553599,Rodney Perkins,Configuration,New printer installation,Connect printer to network,Pending,20-10-2024,20-10-2024,Paul Washington,New printer installation reported by user.
1623,149822,Craig Livingston,Incident,Power outage,Notify facilities team,Resolved,28-02-2025,13-12-2025,Rebecca Merritt,Power outage reported by user.
1624,918246,Deborah Jensen,Storage,Backup failed,Update backup software,Pending,23-08-2025,23-08-2025,Brandy Hernandez,Backup failed reported by user.
1625,792582,Laura Nunez,Performance,Computer overheating,Clean fans and vents,Resolved,16-05-2024,21-12-2024,Alexandria Underwood,Computer overheating reported by user.
1626,175755,Jessica Dawson,Service,Internal web portal not opening,Check portal URL,Resolved,12-02-2026,25-02-2026,Justin Bean,Internal web portal not opening reported by user.
1627,871337,Heather Alexander,Service,Email not syncing,Check mailbox size,Escalated,04-02-2026,04-02-2026,Robert Gordon,Email not syncing reported by user.
1628,867784,Mrs. Michele Henson,Configuration,Wi-Fi setup for new office,Test signal coverage,Pending,01-10-2024,01-10-2024,Lori Burton,Wi-Fi setup for new office reported by user.
1629,145351,Sergio Williams,Performance,Application freezing,Update software,Resolved,11-09-2024,07-11-2024,Candace Henry,Application freezing reported by user.
1630,60871,Danielle Williams,Security,Suspicious login,Enable MFA,Pending,02-02-2025,02-02-2025,Jeffrey Murray,Suspicious login reported by user.
1631,243247,Mallory Hudson,Security,Phishing email reported,Notify IT security team,Pending,27-11-2024,27-11-2024,Randy Mosley,Phishing email reported reported by user.
1632,448687,Patricia Bush,Performance,High CPU usage,Close unnecessary apps,Pending,04-03-2025,04-03-2025,Francisco Vincent,High CPU usage reported by user.
1633,839378,Tamara Clark,Hardware,Cannot connect to Wi-Fi network,Move closer to access point,Escalated,24-12-2025,24-12-2025,Robert Knight,Cannot connect to Wi-Fi network reported by user.
1634,921113,Katrina Patterson,Hardware,Laptop not starting,Reset CMOS/BIOS,Pending,16-02-2025,16-02-2025,Nathan Collins,Laptop not starting reported by user.
1635,154142,Helen Reyes,Hardware,Keyboard not working,Clean keyboard from dust,Escalated,18-09-2025,18-09-2025,Aaron Olsen,Keyboard not working reported by user.
1636,613309,Monique Carr,Service,Cloud service down,Check service status page,Resolved,14-06-2024,13-11-2024,Rodney Goodman,Cloud service down reported by user.
1637,276039,Cynthia Bridges,Requests,Request new monitor,Verify warranty,Pending,05-10-2025,05-10-2025,Bryan Hall,Request new monitor reported by user.
1638,21503,Ashley White,Configuration,New device setup,Install OS and updates,Resolved,03-12-2025,15-02-2026,Mitchell Klein,New device setup reported by user.
1639,64795,Patricia Gonzales,Configuration,New printer installation,Update firmware,Escalated,23-03-2025,23-03-2025,Rebecca Galvan,New printer installation reported by user.
1640,636076,Richard Morris,Security,Forgotten password,Check security questions,Resolved,01-02-2026,14-02-2026,Mr. Daniel Edwards,Forgotten password reported by user.
1641,635829,Kyle Roberts,Network,VPN not connecting,Verify VPN server address,Pending,05-04-2025,05-04-2025,Joshua Hill,VPN not connecting reported by user.
1642,75631,Michael White,Storage,Backup failed,Restart backup service,Resolved,29-11-2024,14-03-2025,Bryan Friedman,Backup failed reported by user.
1643,560538,Alex Jenkins,Performance,Application freezing,Check for updates,Pending,16-12-2024,16-12-2024,Danielle Lewis,Application freezing reported by user.
1644,135627,Michaela Fletcher,Service,Cloud storage syncing issue,Verify account login,Resolved,13-04-2025,22-05-2025,Craig Harper,Cloud storage syncing issue reported by user.
1645,37914,Kelly Mitchell,Storage,Backup failed,Check network connection,Pending,07-08-2024,07-08-2024,Emily Peterson,Backup failed reported by user.
1646,641035,Amber Jordan,Storage,Cannot save to network drive,Contact IT admin,Escalated,05-11-2025,05-11-2025,Lauren Bates,Cannot save to network drive reported by user.
1647,435158,Rachel Galvan,Storage,Shared folder access denied,Remap network drive,Resolved,24-05-2025,23-07-2025,Brittany Walker,Shared folder access denied reported by user.
1648,101472,Jeffrey Butler,Storage,Shared folder access denied,Contact folder owner,Escalated,10-12-2024,10-12-2024,Deanna Johnson,Shared folder access denied reported by user.
1649,43607,Willie Davis,Service,Cloud storage syncing issue,Verify account login,Pending,06-04-2024,06-04-2024,Kevin Perez,Cloud storage syncing issue reported by user.
1650,710202,Kristy Pitts,Performance,Computer running slow,Upgrade RAM,Pending,27-09-2024,27-09-2024,Kyle Hunter,Computer running slow reported by user.
1651,672294,Aaron Reed,Requests,Software installation,Document installation,Resolved,08-05-2025,11-08-2025,Dennis Martin,Software installation reported by user.
1652,291698,Richard Evans,Performance,Slow internet speed,Contact ISP if persistent,Escalated,25-10-2024,25-10-2024,Emily Bryant,Slow internet speed reported by user.
1653,319874,Jessica Meyers,Performance,Slow login times,Check domain controller status,Resolved,03-02-2025,24-03-2025,Jamie King,Slow login times reported by user.
1654,254678,Cory Martinez,Service,Cloud storage syncing issue,Check internet connection,Pending,24-09-2025,24-09-2025,Jim Jones,Cloud storage syncing issue reported by user.
1655,160931,Dr. John Vargas,Hardware,Battery draining fast,Reduce screen brightness,Escalated,30-06-2024,30-06-2024,Rebecca Curtis,Battery draining fast reported by user.
1656,600740,Donald Nelson,Network,Cannot access internal portal,Clear browser cache,Pending,07-03-2025,07-03-2025,Lisa Brown,Cannot access internal portal reported by user.
1657,86024,Brandon Miller,Security,User account compromised,Enable MFA,Pending,25-06-2024,25-06-2024,Clinton Yates,User account compromised reported by user.
1658,336789,Deborah Torres,Service,Software update failed,Retry update,Pending,04-06-2024,04-06-2024,Jessica Cooper,Software update failed reported by user.
1659,616243,Mark Maxwell,Storage,Backup failed,Verify storage availability,Pending,27-12-2025,27-12-2025,Amber Knox,Backup failed reported by user.
1660,442947,Kerry Hoover,Storage,Cannot access shared drive,Restart computer,Pending,14-10-2025,14-10-2025,Charles Gates,Cannot access shared drive reported by user.
1661,106867,Marie Anderson,Incident,Server outage,Escalate to admin if needed,Escalated,15-02-2025,15-02-2025,Debra Rice,Server outage reported by user.
1662,463239,Jordan Powell,Configuration,Printer setup,Check printer IP,Escalated,22-01-2026,22-01-2026,Ryan Yang,Printer setup reported by user.
1663,615348,Melanie Rivera,Requests,Request new monitor,Approve request,Resolved,25-02-2025,18-06-2025,William Velez,Request new monitor reported by user.
1664,879431,Mr. Jeremy Duffy,Network,Printer jam,Restart printer,Pending,02-12-2024,02-12-2024,Richard Gibson,Printer jam reported by user.
1665,598163,Kimberly Brewer,Configuration,New printer installation,Test print,Pending,19-09-2024,19-09-2024,Kevin Tran,New printer installation reported by user.
1666,763610,Heather Glass,Configuration,New printer installation,Update firmware,Resolved,05-07-2025,01-12-2025,Deborah Wise,New printer installation reported by user.
1667,663917,Gabriela Jacobs,Configuration,New printer installation,Update firmware,Pending,22-04-2025,22-04-2025,Rachel Clark,New printer installation reported by user.
1668,75035,Lisa Woods,Performance,Application freezing,Restart application,Resolved,08-09-2025,01-11-2025,Vincent Hatfield,Application freezing reported by user.
1669,878340,Alyssa Kelley,Requests,Request new monitor,Update asset records,Escalated,24-05-2024,24-05-2024,Jordan Porter,Request new monitor reported by user.
1670,54689,Mary Faulkner,Service,Cloud storage syncing issue,Check storage quota,Escalated,06-09-2025,06-09-2025,Jason Reyes,Cloud storage syncing issue reported by user.
1671,570438,Regina Berg,Hardware,Frequent network dropouts,Change Wi-Fi channel,Escalated,16-11-2025,16-11-2025,Kristie Fry,Frequent network dropouts reported by user.
1672,416459,Diana Larsen,Requests,Hardware request,Check warranty status,Resolved,08-04-2024,24-05-2025,Shannon Thomas,Hardware request reported by user.
1673,390621,Matthew Cortez,Service,Cloud storage syncing issue,Restart sync client,Escalated,27-10-2024,27-10-2024,Bradley Smith,Cloud storage syncing issue reported by user.
1674,505110,Michael Marquez,Network,Printer jam,Check for foreign objects,Pending,26-03-2025,26-03-2025,Amy Mccann,Printer jam reported by user.
1675,735378,Joseph Wong,Security,User account compromised,Force password reset,Escalated,30-01-2026,30-01-2026,Joshua Aguirre,User account compromised reported by user.
1676,987869,Terry Austin,Security,Suspicious login,Escalate to security team,Pending,14-01-2025,14-01-2025,Mr. Brian Ortiz,Suspicious login reported by user.
1677,949184,Ana Mcdonald,Hardware,Laptop not starting,Disconnect peripherals and retry,Resolved,06-08-2025,26-11-2025,Dawn Frazier,Laptop not starting reported by user.
1678,393137,Joshua Brown,Storage,Shared folder access denied,Check group policies,Escalated,27-02-2024,27-02-2024,Isaac Reynolds,Shared folder access denied reported by user.
1679,805749,Dana Jackson,Network,Cannot access internal portal,Clear browser cache,Pending,30-09-2025,30-09-2025,Charles Acosta,Cannot access internal portal reported by user.
1680,16508,Amanda Parker,Storage,Backup failed,Update backup software,Resolved,19-07-2024,17-12-2025,Joshua Walker,Backup failed reported by user.
1681,870217,Sydney Davis,Network,Internet not working,Check ISP status,Escalated,27-11-2024,27-11-2024,Karen Charles,Internet not working reported by user.
1682,484811,Julian Reid III,Requests,Software installation,Configure settings,Pending,15-09-2025,15-09-2025,Jennifer Avila,Software installation reported by user.
1683,552953,Tina Pratt,Security,Account locked,Force password reset,Pending,27-01-2026,27-01-2026,Kimberly Johnson,Account locked reported by user.
1684,664944,April Roberts,Service,Internal web portal not opening,Restart computer,Escalated,10-07-2025,10-07-2025,Hannah King,Internal web portal not opening reported by user.
1685,669278,Christopher Wagner,Requests,Request new software license,Document license key,Resolved,08-05-2024,14-07-2024,Bonnie Gilbert,Request new software license reported by user.
1686,580698,Joanne Forbes,Service,Internal web portal not opening,Restart computer,Pending,30-06-2025,30-06-2025,Maria Hooper,Internal web portal not opening reported by user.
1687,514274,Ernest Peck,Network,Mouse not responding,Replace batteries if wireless,Resolved,14-10-2024,29-12-2024,Yolanda Hale,Mouse not responding reported by user.
1688,221475,Chad Martinez,Network,VPN not connecting,Update VPN certificate,Escalated,25-01-2026,25-01-2026,Melissa Chapman,VPN not connecting reported by user.
1689,309791,Robert Hawkins,Incident,Server outage,Communicate downtime to users,Resolved,13-04-2025,20-05-2025,Tracy Robbins,Server outage reported by user.
1690,536124,Tammy Pearson,Requests,Request new monitor,Check inventory,Pending,19-09-2024,19-09-2024,Stephen Rodriguez,Request new monitor reported by user.
1691,58883,Sherry Thompson,Network,Mouse not responding,Update mouse driver,Pending,31-05-2025,31-05-2025,Jessica Willis,Mouse not responding reported by user.
1692,908156,Teresa Newton,Incident,Server outage,Verify backups,Escalated,01-02-2025,01-02-2025,Daniel Hayes,Server outage reported by user.
1693,452427,Cesar Rodriguez,Network,Wi-Fi slow,Clear DNS cache,Resolved,26-06-2025,24-10-2025,Jaime Moreno,Wi-Fi slow reported by user.
1694,339960,Jason Mccarthy DVM,Incident,Printer malfunction in office,Replace toner or paper,Escalated,25-11-2024,25-11-2024,Heather Fox,Printer malfunction in office reported by user.
1695,900147,Edward Alexander MD,Incident,Printer malfunction in office,Restart printer,Pending,09-06-2024,09-06-2024,Roger Phillips,Printer malfunction in office reported by user.
1696,15026,Brian Garcia,Incident,Power outage,Check equipment after restart,Pending,05-05-2024,05-05-2024,Cynthia Vance,Power outage reported by user.
1697,662173,Erika Miller,Service,Cannot access email from mobile,Restart device,Pending,05-11-2025,05-11-2025,Logan Wiley,Cannot access email from mobile reported by user.
1698,590369,Amber Russell,Hardware,Frequent network dropouts,Check interference from devices,Pending,28-06-2024,28-06-2024,Samantha Lee,Frequent network dropouts reported by user.
1699,144169,Jesse Newman,Requests,Access request for shared folder,Update access records,Escalated,26-01-2025,26-01-2025,Amanda Hays,Access request for shared folder reported by user.
1700,810200,Paul Benson,Incident,Power outage,Resume work once power restored,Pending,29-04-2024,29-04-2024,Hannah Ballard,Power outage reported by user.
1701,957970,James Gray,Hardware,Battery draining fast,Disable unnecessary background apps,Resolved,26-05-2025,29-10-2025,Katherine Horne,Battery draining fast reported by user.
1702,893401,Charles Williams,Requests,Hardware request,Notify user,Escalated,28-10-2025,28-10-2025,Gerald Gentry,Hardware request reported by user.
1703,435796,Lisa Clark,Security,Phishing email reported,Check mail server logs,Escalated,11-01-2025,11-01-2025,Stacy Barr,Phishing email reported reported by user.
1704,120195,Jamie Estes,Performance,Slow internet speed,Restart router,Pending,06-02-2025,06-02-2025,Shaun Burke,Slow internet speed reported by user.
1705,528697,Colin Kim,Hardware,Battery draining fast,Disable unnecessary background apps,Resolved,06-04-2024,13-11-2025,Shawn Carey,Battery draining fast reported by user.
1706,183993,Elizabeth Stanley,Service,Software update failed,Manually download update,Resolved,30-09-2025,17-02-2026,Steven Williams Jr.,Software update failed reported by user.
1707,559039,Janice Thompson,Incident,Server outage,Communicate downtime to users,Resolved,31-03-2025,03-10-2025,April Hart,Server outage reported by user.
1708,142115,Derek Garcia,Security,Unauthorized USB device,Scan for malware,Resolved,02-05-2024,12-11-2024,Adrian Lopez,Unauthorized USB device reported by user.
1709,961282,Kathy Leach,Performance,Computer overheating,Reduce heavy apps,Resolved,10-04-2025,06-02-2026,Kathleen Hammond,Computer overheating reported by user.
1710,721012,Beth Wells,Storage,Low disk space,Compress files,Pending,15-05-2025,15-05-2025,Matthew Berry,Low disk space reported by user.
1711,523327,Rachel Adams,Security,Unauthorized USB device,Review device logs,Resolved,16-11-2025,22-12-2025,George Fritz,Unauthorized USB device reported by user.
1712,936244,Sally Gonzalez,Network,DNS not resolving,Verify IP configuration,Escalated,17-01-2026,17-01-2026,Kristina Hurst,DNS not resolving reported by user.
1713,442560,Taylor Herring,Security,Suspicious login,Check for malware on device,Escalated,18-10-2025,18-10-2025,Andrea Torres,Suspicious login reported by user.
1714,811969,Richard Miller,Security,Account locked,Verify MFA settings,Pending,22-09-2025,22-09-2025,Carol Burns,Account locked reported by user.
1715,808801,Brandy Love,Service,Cloud storage syncing issue,Verify account login,Resolved,17-11-2024,06-01-2026,Rhonda Harding,Cloud storage syncing issue reported by user.
1716,548405,Olivia Powell,Performance,Computer running slow,Disable startup apps,Resolved,09-03-2024,24-08-2025,Kathy Lowery,Computer running slow reported by user.
1717,646032,Dennis Reid,Service,Cloud service down,Check service status page,Escalated,01-11-2025,01-11-2025,Jessica Snyder,Cloud service down reported by user.
1718,852759,Laurie Edwards,Service,Internal web portal not opening,Check portal URL,Escalated,28-05-2024,28-05-2024,Jeremy Campos,Internal web portal not opening reported by user.
1719,637365,Robert Taylor,Hardware,Ethernet cable not detected,Restart network adapter,Resolved,05-07-2024,10-02-2026,Stephanie Williams,Ethernet cable not detected reported by user.
1720,5109,Erika Gutierrez,Incident,Power outage,Verify safety protocols,Escalated,06-08-2024,06-08-2024,Steven Powell,Power outage reported by user.
1721,612585,Amy Alvarez,Performance,Computer running slow,Upgrade RAM,Pending,30-09-2025,30-09-2025,Nicole Andrade,Computer running slow reported by user.
1722,686882,Dana Sherman,Configuration,Printer setup,Update firmware,Resolved,02-11-2024,03-05-2025,Wayne Owens,Printer setup reported by user.
1723,892528,Kristine Kramer,Service,Software update failed,Check internet connection,Escalated,15-09-2024,15-09-2024,Christian Rose,Software update failed reported by user.
1724,918077,Donald Johnson,Incident,Server outage,Communicate downtime to users,Resolved,07-06-2025,08-08-2025,Michele Richardson,Server outage reported by user.
1725,840715,Christopher Yoder,Network,Mouse not responding,Restart computer,Pending,20-02-2025,20-02-2025,Judith Smith,Mouse not responding reported by user.
1726,772299,Michael Hughes,Service,Cloud storage syncing issue,Check internet connection,Escalated,01-04-2025,01-04-2025,Gregory Hudson,Cloud storage syncing issue reported by user.
1727,46410,Edward Richmond,Service,Software update failed,Clear update cache,Escalated,24-01-2026,24-01-2026,Steve Hernandez,Software update failed reported by user.
1728,921795,Bryan Marks,Network,Mouse not responding,Update mouse driver,Pending,02-01-2026,02-01-2026,Alison Thomas,Mouse not responding reported by user.
1729,616899,Jennifer Robinson,Requests,Hardware request,Check warranty status,Pending,24-03-2024,24-03-2024,Joel Day,Hardware request reported by user.
1730,869306,Steven Meyers,Network,Scanner not working,Reinstall scanner software,Pending,09-04-2024,09-04-2024,Shane Lopez,Scanner not working reported by user.
1731,673506,Melissa Brown,Requests,Hardware request,Notify user,Escalated,23-03-2024,23-03-2024,Shawn Lindsey,Hardware request reported by user.
1732,512932,Jonathan Daniels,Configuration,Printer setup,Check printer IP,Escalated,05-04-2025,05-04-2025,Kelly Johnson,Printer setup reported by user.
1733,174081,Ralph Lewis,Security,User account compromised,Block suspicious IPs,Pending,14-01-2025,14-01-2025,William Rodriguez,User account compromised reported by user.
1734,207273,Brandon Mcintyre,Incident,Power outage,Escalate if prolonged,Resolved,07-04-2025,03-10-2025,Jordan Johnson,Power outage reported by user.
1735,148303,Steve Price,Storage,Backup failed,Retry backup,Pending,02-12-2024,02-12-2024,Gregory Hooper,Backup failed reported by user.
1736,560020,Alison Mccall,Storage,Cannot save to network drive,Contact IT admin,Pending,15-01-2026,15-01-2026,Ronald Thompson,Cannot save to network drive reported by user.
1737,350852,Reginald Marshall,Storage,Cannot save to network drive,Check write permissions,Escalated,29-07-2025,29-07-2025,Maria Craig,Cannot save to network drive reported by user.
1738,672674,Rachel Davis,Network,Wi-Fi slow,Update Wi-Fi driver,Escalated,09-10-2025,09-10-2025,Steven Stewart,Wi-Fi slow reported by user.
1739,978034,James Elliott,Security,Account locked,Verify MFA settings,Escalated,27-01-2026,27-01-2026,Kathleen Martinez,Account locked reported by user.
1740,215272,Andrew Holt,Performance,Computer overheating,Check for blocked airflow,Resolved,07-05-2024,26-03-2025,James Stewart,Computer overheating reported by user.
1741,859390,Robin Simmons,Requests,Hardware request,Notify user,Resolved,22-05-2025,01-07-2025,Noah Thompson,Hardware request reported by user.
1742,833224,Michelle Martinez,Incident,Printer malfunction in office,Restart printer,Escalated,16-11-2025,16-11-2025,Jeffrey Frank,Printer malfunction in office reported by user.
1743,830775,Casey Torres,Service,Cloud storage syncing issue,Verify account login,Pending,25-11-2024,25-11-2024,Jeffrey Robinson,Cloud storage syncing issue reported by user.
1744,95908,Lisa Dillon,Hardware,Cannot connect to Wi-Fi network,Move closer to access point,Pending,27-10-2024,27-10-2024,Thomas Rogers,Cannot connect to Wi-Fi network reported by user.
1745,88852,Sherri Jones,Performance,Slow login times,Update login client,Pending,28-08-2024,28-08-2024,Yolanda Ware,Slow login times reported by user.
1746,127350,Janice Simpson,Incident,Server outage,Check server logs,Resolved,25-04-2024,25-11-2024,Tracy Cox,Server outage reported by user.
1747,219466,Jennifer Jackson,Security,User account compromised,Force password reset,Pending,26-07-2024,26-07-2024,Brandi Ross,User account compromised reported by user.
1748,992233,Jesse Moore,Requests,Request new monitor,Notify user,Escalated,05-05-2024,05-05-2024,Taylor Church,Request new monitor reported by user.
1749,182196,Linda Harrison,Service,Email not syncing,Update email client,Escalated,08-03-2024,08-03-2024,Kelly Baldwin,Email not syncing reported by user.
1750,7845,Leslie Mcdonald,Configuration,New printer installation,Map printer on all devices,Resolved,04-10-2024,15-03-2025,Alyssa Davis,New printer installation reported by user.
1751,402886,Stephen Spencer,Network,VPN not connecting,Reinstall VPN profile,Resolved,16-05-2025,09-01-2026,Timothy Ellis,VPN not connecting reported by user.
1752,897574,Amanda Santiago,Incident,Printer malfunction in office,Restart printer,Escalated,02-08-2025,02-08-2025,Jay Maxwell,Printer malfunction in office reported by user.
1753,551646,Brandi Turner,Security,Forgotten password,Send password reset email,Escalated,09-02-2025,09-02-2025,Julie Fleming,Forgotten password reported by user.
1754,47148,Jessica King,Security,Unauthorized USB device,Restrict future device access,Escalated,06-05-2025,06-05-2025,Ryan Cook,Unauthorized USB device reported by user.
1755,587758,Ryan Graves,Security,Unauthorized USB device,Notify user,Escalated,26-01-2026,26-01-2026,Robin Riley,Unauthorized USB device reported by user.
1756,629407,Tiffany Lee,Performance,Computer overheating,Restart computer,Resolved,28-08-2025,14-01-2026,Robert Parks,Computer overheating reported by user.
1757,818154,Susan Rodriguez,Security,Account locked,Unlock account via admin console,Escalated,30-03-2024,30-03-2024,Ashley Macias,Account locked reported by user.
1758,704099,Christopher Daniel,Service,Internal web portal not opening,Restart computer,Resolved,27-11-2024,26-04-2025,Kenneth Davis,Internal web portal not opening reported by user.
1759,370122,Joe Gutierrez,Network,DNS not resolving,Check DNS server settings,Pending,14-11-2024,14-11-2024,Jerry Pearson,DNS not resolving reported by user.
1760,594073,Victoria Young,Network,Wi-Fi slow,Restart router,Pending,19-06-2025,19-06-2025,Christy Nelson,Wi-Fi slow reported by user.
1761,981323,Julie Little,Performance,Slow internet speed,Contact ISP if persistent,Pending,04-05-2025,04-05-2025,Juan Walton,Slow internet speed reported by user.
1762,890881,Bridget York,Configuration,Wi-Fi setup for new office,Document configuration,Pending,16-10-2024,16-10-2024,Anna Pope,Wi-Fi setup for new office reported by user.
1763,477560,Mackenzie Hoffman,Hardware,Monitor flickering,Check power connection,Resolved,05-05-2024,11-12-2024,Michael Webb,Monitor flickering reported by user.
1764,604303,Trevor Lee,Security,Forgotten password,Check security questions,Pending,17-09-2024,17-09-2024,Matthew Obrien,Forgotten password reported by user.
1765,137838,Arthur Walters,Requests,Hardware request,Assign hardware from inventory,Resolved,21-10-2025,20-11-2025,Marie Castillo,Hardware request reported by user.
1766,68441,Christina Mccormick,Security,Account locked,Reset password,Pending,30-11-2024,30-11-2024,Alexa Lee,Account locked reported by user.
1767,892114,Bruce Taylor,Configuration,New device setup,Apply security policies,Resolved,08-04-2024,03-08-2025,Matthew Ramos,New device setup reported by user.
1768,818681,Steven Shaw,Configuration,New device setup,Install OS and updates,Resolved,10-02-2026,17-02-2026,Christopher Mcknight Jr.,New device setup reported by user.
1769,537006,Amanda Lawrence MD,Incident,Printer malfunction in office,Replace toner or paper,Resolved,05-06-2024,30-08-2024,Robert Barrera,Printer malfunction in office reported by user.
1770,824986,Vincent Howard,Service,Cloud storage syncing issue,Check internet connection,Escalated,15-11-2025,15-11-2025,Jerry Abbott,Cloud storage syncing issue reported by user.
1771,585963,Scott Baker,Storage,Shared folder access denied,Remap network drive,Escalated,10-09-2024,10-09-2024,Thomas Jones,Shared folder access denied reported by user.
1772,557013,Jessica Tucker,Hardware,Ethernet cable not detected,Replace faulty cable,Resolved,30-04-2024,02-01-2026,Mr. Brandon Munoz Jr.,Ethernet cable not detected reported by user.
1773,19866,Marcus Mitchell,Network,DNS not resolving,Restart router,Pending,01-11-2024,01-11-2024,Kathryn Thompson,DNS not resolving reported by user.
1774,288105,Randy Randall,Network,Mouse not responding,Replace batteries if wireless,Resolved,22-10-2024,19-03-2025,Allen Mason,Mouse not responding reported by user.
1775,576386,Carl Miller,Security,Suspicious login,Force password reset,Pending,28-09-2025,28-09-2025,Jason Meyer,Suspicious login reported by user.
1776,924288,Robert Mason,Service,Internal web portal not opening,Check network connectivity,Escalated,09-01-2025,09-01-2025,Jennifer Wilson,Internal web portal not opening reported by user.
1777,393528,Jacqueline Johnson,Performance,Application freezing,Close other programs,Escalated,16-10-2024,16-10-2024,Darrell Atkins,Application freezing reported by user.
1778,159184,Taylor King,Security,Unauthorized USB device,Review device logs,Pending,25-03-2024,25-03-2024,Jennifer Davis,Unauthorized USB device reported by user.
1779,582476,James Davis,Service,Software update failed,Restart update service,Pending,13-09-2025,13-09-2025,Debbie Moore,Software update failed reported by user.
1780,926552,Tony Jones,Configuration,Wi-Fi setup for new office,Document configuration,Pending,09-12-2025,09-12-2025,Donna Hoffman,Wi-Fi setup for new office reported by user.
1781,72863,Maria Murphy,Requests,Access request for shared folder,Test access,Escalated,28-06-2025,28-06-2025,Gabriel Hale,Access request for shared folder reported by user.
1782,582079,Melissa Collins,Hardware,Keyboard not working,Reconnect USB port,Resolved,01-11-2025,24-02-2026,Jared Williams,Keyboard not working reported by user.
1783,531573,Taylor English,Configuration,Email client configuration,Update email client,Escalated,05-08-2025,05-08-2025,Jessica Riddle,Email client configuration reported by user.
1784,37333,Jesse Cook,Configuration,New printer installation,Map printer on all devices,Escalated,28-03-2025,28-03-2025,Anita Rivers,New printer installation reported by user.
1785,491000,Mary Ramirez,Configuration,Printer setup,Connect to network printer,Escalated,01-11-2024,01-11-2024,Kyle Jones,Printer setup reported by user.
1786,73758,Derrick Lamb,Performance,Slow login times,Check domain controller status,Resolved,21-10-2025,28-12-2025,Brittany Williams,Slow login times reported by user.
1787,612457,Diana Lee,Configuration,Printer setup,Update firmware,Escalated,28-04-2024,28-04-2024,Amanda Kim,Printer setup reported by user.
1788,477513,Michelle Flores,Storage,Backup failed,Verify storage availability,Resolved,30-10-2025,12-01-2026,Megan Oneal,Backup failed reported by user.
1789,418266,Natalie Gomez,Network,Internet not working,Disable firewall temporarily,Resolved,23-11-2025,25-11-2025,Sarah Foster,Internet not working reported by user.
1790,632118,Michael Chambers,Requests,Access request for shared folder,Verify permissions,Resolved,13-02-2025,07-10-2025,Linda Roman,Access request for shared folder reported by user.
1791,833201,Mary Ford,Service,Cannot access email from mobile,Verify credentials,Pending,10-11-2024,10-11-2024,Gregory Cole,Cannot access email from mobile reported by user.
1792,392878,Laura Fletcher,Incident,Server outage,Restart server,Escalated,28-03-2024,28-03-2024,Daniel Suarez,Server outage reported by user.
1793,506016,Katie Bates,Requests,Request new software license,Approve request,Resolved,13-07-2025,11-10-2025,Mr. Aaron Ramos MD,Request new software license reported by user.
1794,705278,Sarah Francis,Requests,Access request for shared folder,Notify user,Escalated,05-06-2024,05-06-2024,Ryan Rodriguez,Access request for shared folder reported by user.
1795,158693,Janet Church,Network,VPN not connecting,Restart VPN service,Escalated,18-04-2025,18-04-2025,Thomas Bradford,VPN not connecting reported by user.
1796,189091,Lori Bowen,Service,Cloud service down,Verify firewall settings,Pending,08-03-2025,08-03-2025,Frank Hoffman,Cloud service down reported by user.
1797,227592,Lauren Hogan,Performance,Slow internet speed,Check for bandwidth hogs,Escalated,30-05-2024,30-05-2024,Ashley Willis,Slow internet speed reported by user.
1798,359413,Angela Williams,Requests,Access request for shared folder,Verify permissions,Pending,02-11-2024,02-11-2024,Daniel Walker,Access request for shared folder reported by user.
1799,688000,Rachel Eaton,Security,Phishing email reported,Check mail server logs,Resolved,28-08-2024,18-01-2026,Timothy Martinez,Phishing email reported reported by user.
1800,568526,Jacqueline Marshall DVM,Incident,Printer malfunction in office,Contact vendor support,Escalated,16-09-2025,16-09-2025,Amanda Mitchell,Printer malfunction in office reported by user.
1801,859680,Nicholas Vargas,Configuration,New printer installation,Test print,Pending,03-12-2025,03-12-2025,Wendy Espinoza,New printer installation reported by user.
1802,693425,Brenda Choi,Incident,Printer malfunction in office,Document issue,Pending,16-04-2024,16-04-2024,Kelsey Armstrong,Printer malfunction in office reported by user.
1803,429613,George Chaney,Requests,Request new software license,Notify user,Escalated,23-02-2026,23-02-2026,Kyle Lucero,Request new software license reported by user.
1804,400089,Hector Ho,Network,Wi-Fi slow,Restart router,Escalated,25-09-2025,25-09-2025,Brenda Scott,Wi-Fi slow reported by user.
1805,148043,Matthew Beck,Hardware,Keyboard not working,Restart computer,Resolved,07-10-2025,09-12-2025,Gary Berry,Keyboard not working reported by user.
1806,404655,Shawn Castillo,Hardware,Keyboard not working,Restart computer,Pending,11-08-2024,11-08-2024,Cynthia Contreras,Keyboard not working reported by user.
1807,626729,Brett Fox,Configuration,Printer setup,Verify permissions,Resolved,27-06-2024,25-11-2025,Alexandra Bradley,Printer setup reported by user.
1808,489769,Alexander Cummings,Performance,High CPU usage,Check running processes,Escalated,28-10-2024,28-10-2024,Barbara Lucas,High CPU usage reported by user.
1809,123805,Tiffany Murillo,Configuration,Wi-Fi setup for new office,Enable security protocols,Resolved,09-02-2026,13-02-2026,Jill Lee DVM,Wi-Fi setup for new office reported by user.
1810,205686,Suzanne Lee,Requests,Request new monitor,Check inventory,Escalated,27-02-2025,27-02-2025,Lisa Lee DDS,Request new monitor reported by user.
1811,408534,Jamie Arnold,Security,Forgotten password,Unlock account temporarily,Resolved,15-10-2025,20-02-2026,Kelly Davidson,Forgotten password reported by user.
1812,953784,Joanne Holden,Incident,Power outage,Resume work once power restored,Resolved,04-08-2025,10-02-2026,Rachel Gilbert,Power outage reported by user.
1813,769367,Bethany Carrillo,Service,Email not syncing,Update email client,Resolved,26-11-2025,16-01-2026,Mark Gardner II,Email not syncing reported by user.
1814,964807,Denise Cooper,Security,Account locked,Check login attempts,Pending,23-07-2024,23-07-2024,Miss Virginia Scott DDS,Account locked reported by user.
1815,149094,Tracey Perkins,Network,Mouse not responding,Test with another mouse,Pending,04-02-2025,04-02-2025,Nicole Adams,Mouse not responding reported by user.
1816,494574,Angel Anderson,Hardware,Monitor flickering,Adjust refresh rate,Pending,24-06-2025,24-06-2025,Katherine Wagner,Monitor flickering reported by user.
1817,900856,Donna Cole,Configuration,New printer installation,Check permissions,Pending,13-10-2024,13-10-2024,Meredith Lara,New printer installation reported by user.
1818,577821,Lisa Good,Requests,Access request for shared folder,Review audit logs,Pending,12-08-2024,12-08-2024,Ellen Wright,Access request for shared folder reported by user.
1819,564309,Christopher Burton,Security,Forgotten password,Verify identity before reset,Pending,26-07-2025,26-07-2025,Rebecca Kirk,Forgotten password reported by user.
1820,474728,David Morgan,Hardware,Keyboard not working,Replace keyboard,Resolved,09-09-2024,14-10-2024,Michele Miranda,Keyboard not working reported by user.
1821,341475,Nicholas Leonard,Requests,Hardware request,Notify user,Resolved,17-06-2024,01-08-2025,Charles Carter,Hardware request reported by user.
1822,226536,Dennis Park,Hardware,Keyboard not working,Check connection,Resolved,15-02-2026,19-02-2026,Ronnie Key,Keyboard not working reported by user.
1823,660863,Shelly Ellis,Hardware,Keyboard not working,Replace keyboard,Escalated,11-01-2026,11-01-2026,Jennifer Kramer,Keyboard not working reported by user.
1824,392342,Janet Smith,Service,Email not syncing,Restart computer,Pending,19-12-2025,19-12-2025,Todd Yang,Email not syncing reported by user.
1825,657605,Dr. Jason Arias,Security,Account locked,Contact security team,Escalated,01-12-2024,01-12-2024,Jocelyn Gilbert,Account locked reported by user.
1826,841078,Ruben Flores,Service,Email not syncing,Check server settings,Pending,13-12-2025,13-12-2025,Scott Perry,Email not syncing reported by user.
1827,197847,Derek Turner,Incident,Server outage,Escalate to admin if needed,Escalated,01-09-2024,01-09-2024,William Berry,Server outage reported by user.
1828,15136,Justin Barton,Configuration,New device setup,Configure network settings,Escalated,28-09-2025,28-09-2025,Brittney Freeman,New device setup reported by user.
1829,269283,Robert Martin,Service,Cloud storage syncing issue,Restart sync client,Escalated,27-04-2024,27-04-2024,Lauren Hogan,Cloud storage syncing issue reported by user.
1830,830856,Jennifer Wilson,Performance,Slow internet speed,Switch to wired connection,Pending,03-12-2024,03-12-2024,Victoria Murphy,Slow internet speed reported by user.
1831,67235,Megan Curtis,Configuration,Wi-Fi setup for new office,Test signal coverage,Escalated,24-03-2025,24-03-2025,Jason Floyd,Wi-Fi setup for new office reported by user.
1832,906850,Kathy Schwartz,Network,IP conflict,Check for duplicate device IPs,Escalated,16-05-2025,16-05-2025,William Sanchez,IP conflict reported by user.
1833,683707,Briana Ruiz,Hardware,Laptop not starting,Replace faulty battery,Pending,07-10-2024,07-10-2024,Michael Miller,Laptop not starting reported by user.
1834,480626,Kelly Lane,Requests,Hardware request,Assign hardware from inventory,Escalated,18-05-2024,18-05-2024,Christopher Miller,Hardware request reported by user.
1835,454507,Amber Day,Performance,Slow internet speed,Update network drivers,Escalated,15-11-2024,15-11-2024,Ashlee English,Slow internet speed reported by user.
1836,170009,Patricia Dunlap,Hardware,Laptop not starting,Reset CMOS/BIOS,Resolved,04-07-2025,18-10-2025,Theodore Ware,Laptop not starting reported by user.
1837,976061,Joseph Massey,Performance,High CPU usage,Close unnecessary apps,Escalated,11-06-2025,11-06-2025,Blake Ward,High CPU usage reported by user.
1838,591317,Marcus Larson,Incident,Server outage,Verify backups,Escalated,18-04-2024,18-04-2024,Angela Mooney,Server outage reported by user.
1839,818237,Olivia Maldonado,Incident,Power outage,Check equipment after restart,Pending,03-01-2025,03-01-2025,Regina Lloyd,Power outage reported by user.
1840,864610,Frances Johnson,Incident,Server outage,Check server logs,Pending,28-06-2025,28-06-2025,Gary Wright,Server outage reported by user.
1841,33438,Daniel Gonzalez,Incident,Server outage,Restart server,Resolved,23-01-2025,15-02-2026,Ryan Vasquez,Server outage reported by user.
1842,239893,Jenna Johnson,Network,DNS not resolving,Verify IP configuration,Pending,03-09-2025,03-09-2025,Tyler Jones DVM,DNS not resolving reported by user.
1843,830132,Jacqueline Lewis,Security,Unauthorized USB device,Notify user,Resolved,02-11-2025,11-12-2025,Vincent Casey,Unauthorized USB device reported by user.
1844,949929,Carl Sanchez,Incident,Power outage,Check equipment after restart,Escalated,30-06-2025,30-06-2025,Jessica Bennett,Power outage reported by user.
1845,720080,Barbara Green,Incident,Power outage,Check equipment after restart,Pending,09-08-2025,09-08-2025,Amber Hunt,Power outage reported by user.
1846,421774,Erik Morrow,Incident,Printer malfunction in office,Replace toner or paper,Resolved,01-08-2025,20-12-2025,Bruce Watson,Printer malfunction in office reported by user.
1847,670019,Mark Soto,Requests,Request new software license,Activate license,Pending,20-12-2025,20-12-2025,Sandra Campbell,Request new software license reported by user.
1848,325198,Aaron Thompson,Requests,Hardware request,Approve request,Escalated,05-06-2024,05-06-2024,Zachary Armstrong,Hardware request reported by user.
1849,157877,Kimberly Lopez,Performance,Slow login times,Verify account permissions,Escalated,28-09-2025,28-09-2025,Brenda Young,Slow login times reported by user.
1850,740704,Brenda Anderson,Service,Email not syncing,Restart computer,Pending,24-09-2024,24-09-2024,David Dyer,Email not syncing reported by user.
1851,676550,Caroline Taylor,Performance,Computer overheating,Check for blocked airflow,Resolved,12-05-2024,30-11-2025,Christopher Martinez,Computer overheating reported by user.
1852,176821,Jennifer Lawrence,Performance,Application freezing,Reinstall application,Resolved,26-07-2024,10-07-2025,Crystal Olsen,Application freezing reported by user.
1853,635432,Rebecca Gibbs,Storage,Cannot access shared drive,Restart computer,Escalated,10-04-2024,10-04-2024,Karina Davis,Cannot access shared drive reported by user.
1854,400219,Heather Lawrence,Storage,Backup not completing,Update backup software,Resolved,01-02-2025,07-08-2025,Christopher Steele,Backup not completing reported by user.
1855,44077,Joshua Reynolds,Security,Forgotten password,Escalate to admin if needed,Pending,23-03-2025,23-03-2025,Alexandria Vazquez,Forgotten password reported by user.
1856,219478,Linda Krueger,Requests,Software installation,Restart computer,Pending,24-11-2025,24-11-2025,Justin Phillips,Software installation reported by user.
1857,730073,Matthew Chavez,Configuration,Email client configuration,Enable SSL/TLS,Pending,19-01-2026,19-01-2026,Sean Lowery,Email client configuration reported by user.
1858,544839,Andrew Short,Storage,Shared folder access denied,Restart computer,Resolved,19-10-2025,11-02-2026,Victoria Hernandez,Shared folder access denied reported by user.
1859,614107,Holly Ramirez,Security,Suspicious login,Review login history,Pending,01-04-2025,01-04-2025,Kellie Hernandez,Suspicious login reported by user.
1860,534428,Olivia Crawford,Service,Cloud storage syncing issue,Reinstall sync client,Resolved,14-05-2024,12-12-2025,Kendra Wilson,Cloud storage syncing issue reported by user.
1861,37390,Tammy Castillo,Storage,Cannot save to network drive,Check disk space,Escalated,02-05-2024,02-05-2024,Mr. Danny Adams,Cannot save to network drive reported by user.
1862,530233,Kelly Jordan,Configuration,Wi-Fi setup for new office,Configure router SSID and password,Pending,09-06-2025,09-06-2025,William Bautista,Wi-Fi setup for new office reported by user.
1863,525630,Faith Wilson,Incident,Printer malfunction in office,Check printer connection,Resolved,12-03-2025,04-06-2025,Emily Castaneda,Printer malfunction in office reported by user.
1864,778540,Debra Johnson,Performance,High CPU usage,Adjust performance settings,Resolved,10-01-2026,22-01-2026,Antonio Rogers,High CPU usage reported by user.
1865,772697,Frank Wood,Service,Cloud service down,Escalate to vendor support,Pending,12-11-2024,12-11-2024,Amanda Hudson,Cloud service down reported by user.
1866,253720,Christopher Bryan,Storage,Backup failed,Update backup software,Escalated,05-11-2024,05-11-2024,Tracey Myers,Backup failed reported by user.
1867,100463,Devin Thompson,Security,Unauthorized USB device,Restrict future device access,Escalated,27-04-2024,27-04-2024,Joy Watts,Unauthorized USB device reported by user.
1868,734066,Jasmine Hahn,Hardware,Laptop not starting,Disconnect peripherals and retry,Pending,02-06-2024,02-06-2024,Heather Taylor,Laptop not starting reported by user.
1869,830597,Seth Caldwell,Security,Suspicious login,Block suspicious IP,Resolved,25-10-2024,19-01-2025,Jennifer Velazquez,Suspicious login reported by user.
1870,126312,Justin Cline,Hardware,Battery draining fast,Replace battery,Escalated,03-06-2024,03-06-2024,David Conner,Battery draining fast reported by user.
1871,20809,Paula Merritt,Incident,Server outage,Document incident,Pending,19-02-2025,19-02-2025,Eric Reid,Server outage reported by user.
1872,35310,Andrew Hill,Hardware,Monitor flickering,Adjust refresh rate,Resolved,29-03-2025,20-02-2026,Kurt Miller,Monitor flickering reported by user.
1873,855029,Erica Forbes,Requests,Hardware request,Verify model compatibility,Pending,05-08-2025,05-08-2025,Maria Webb,Hardware request reported by user.
1874,133674,Mary Garcia,Security,User account compromised,Notify user of suspicious activity,Escalated,09-07-2025,09-07-2025,Christina Butler,User account compromised reported by user.
1875,156536,Taylor Fuentes DVM,Incident,Power outage,Log incident,Resolved,25-02-2025,05-12-2025,Keith Martinez,Power outage reported by user.
1876,227720,John Nelson,Performance,Slow internet speed,Update network drivers,Escalated,05-07-2025,05-07-2025,Sarah Daugherty,Slow internet speed reported by user.
1877,33733,David Shannon III,Configuration,New printer installation,Connect printer to network,Escalated,20-03-2025,20-03-2025,Christopher Campbell,New printer installation reported by user.
1878,763489,Maria Downs,Network,Cannot access internal portal,Clear browser cache,Pending,06-10-2024,06-10-2024,Marissa Richards,Cannot access internal portal reported by user.
1879,561255,Monica Gutierrez,Requests,Request new monitor,Notify user,Escalated,26-08-2025,26-08-2025,Raymond Garcia,Request new monitor reported by user.
1880,265563,Paul Faulkner,Configuration,New device setup,Configure peripherals,Resolved,21-11-2025,17-12-2025,Kathleen Bailey,New device setup reported by user.
1881,110214,Nicholas Barnett,Network,Internet not working,Check ISP status,Pending,28-04-2025,28-04-2025,Sara Smith,Internet not working reported by user.
1882,901373,Wayne Green,Storage,Low disk space,Uninstall unused programs,Escalated,28-05-2024,28-05-2024,David Lamb,Low disk space reported by user.
1883,158853,Richard Rodriguez,Storage,Backup failed,Check network connection,Resolved,28-09-2024,25-03-2025,Sandra Livingston,Backup failed reported by user.
1884,56773,Jennifer Burns,Network,Internet not working,Check ISP status,Resolved,31-08-2025,26-10-2025,Adam Barker,Internet not working reported by user.
1885,729931,Danny Murphy,Requests,Request new monitor,Deliver and test monitor,Pending,08-06-2025,08-06-2025,Amanda Boyd,Request new monitor reported by user.
1886,920793,Matthew Booth,Security,Forgotten password,Unlock account temporarily,Resolved,03-10-2025,16-02-2026,Kathleen Arnold,Forgotten password reported by user.
1887,240955,David Rivera,Incident,Printer malfunction in office,Check printer connection,Pending,30-10-2024,30-10-2024,Tina Thompson,Printer malfunction in office reported by user.
1888,450034,Kathleen Moore,Performance,Slow login times,Update login client,Resolved,22-03-2024,16-08-2025,Mary Simmons,Slow login times reported by user.
1889,104135,Carly Grant,Performance,Computer running slow,Restart computer,Pending,11-07-2024,11-07-2024,Jonathan Johnson,Computer running slow reported by user.
1890,662274,Steven Watts,Configuration,Wi-Fi setup for new office,Set up VLANs if needed,Escalated,23-02-2025,23-02-2025,Joan Mccarthy,Wi-Fi setup for new office reported by user.
1891,977932,Yolanda Edwards,Storage,Shared folder access denied,Restart computer,Pending,24-06-2024,24-06-2024,Sean Johnson,Shared folder access denied reported by user.
1892,573111,Tristan Velasquez,Configuration,Email client configuration,Verify credentials,Resolved,24-09-2024,13-07-2025,Christine Lang,Email client configuration reported by user.
1893,381602,Roy Guerrero,Security,Unauthorized USB device,Scan for malware,Pending,20-11-2024,20-11-2024,Charles Cooper,Unauthorized USB device reported by user.
1894,179661,Jennifer Cannon,Network,Printer jam,Restart printer,Escalated,02-12-2025,02-12-2025,Michael Lowery,Printer jam reported by user.
1895,343671,John Miller,Security,Account locked,Reset password,Escalated,22-02-2026,22-02-2026,Stephanie Rose,Account locked reported by user.
1896,599660,Victoria Wilson,Incident,Power outage,Check equipment after restart,Pending,28-01-2026,28-01-2026,Ryan Ryan,Power outage reported by user.
1897,242622,Emily Williamson,Performance,High CPU usage,Scan for malware,Escalated,03-12-2024,03-12-2024,Brandy Maldonado,High CPU usage reported by user.
1898,816222,Scott Rose,Storage,Backup not completing,Verify storage availability,Resolved,23-06-2024,05-12-2024,Bobby Reynolds,Backup not completing reported by user.
1899,347716,Katelyn Wilson,Incident,Server outage,Document incident,Pending,22-11-2024,22-11-2024,Jeffrey Beard,Server outage reported by user.
1900,511898,Nicole Oliver,Configuration,New printer installation,Test print,Escalated,23-07-2025,23-07-2025,Jacob Andrade,New printer installation reported by user.
1901,295054,Jared Stokes,Requests,Request new monitor,Assign monitor to user,Pending,18-03-2024,18-03-2024,Monica Vasquez,Request new monitor reported by user.
1902,86197,Jay Edwards,Performance,Computer running slow,Restart computer,Escalated,20-06-2025,20-06-2025,Rebecca Stanley,Computer running slow reported by user.
1903,33928,Johnathan Herman,Service,Cloud service down,Escalate to vendor support,Escalated,04-01-2025,04-01-2025,Heather Faulkner,Cloud service down reported by user.
1904,574712,Benjamin Gates,Incident,Printer malfunction in office,Replace toner or paper,Escalated,27-12-2025,27-12-2025,Tammy Johnson,Printer malfunction in office reported by user.
1905,112439,Michael Garrett,Storage,Backup not completing,Update backup software,Escalated,21-10-2024,21-10-2024,Michael Estrada,Backup not completing reported by user.
1906,330616,Sarah Woods,Security,Unauthorized USB device,Educate user on policy,Pending,15-11-2024,15-11-2024,Sherry Mitchell,Unauthorized USB device reported by user.
1907,896818,Matthew Sanchez,Security,Unauthorized USB device,Restrict future device access,Escalated,09-11-2024,09-11-2024,Christine Chapman,Unauthorized USB device reported by user.
1908,657326,Andrea Martin,Hardware,Cannot connect to Wi-Fi network,Check for MAC address filtering,Pending,04-03-2024,04-03-2024,Anthony Taylor,Cannot connect to Wi-Fi network reported by user.
1909,911339,Tara Gray,Requests,Software installation,Check compatibility,Escalated,04-04-2025,04-04-2025,Shannon Stevens,Software installation reported by user.
1910,966109,John Weeks,Incident,Printer malfunction in office,Test print,Resolved,17-06-2024,05-02-2025,Madison Chang,Printer malfunction in office reported by user.
1911,660573,Emily Strong,Configuration,Wi-Fi setup for new office,Document configuration,Resolved,24-04-2025,08-01-2026,Wayne Smith,Wi-Fi setup for new office reported by user.
1912,307459,Joshua Ruiz,Performance,Slow internet speed,Switch to wired connection,Resolved,07-12-2024,27-05-2025,Ashley Bauer,Slow internet speed reported by user.
1913,975289,Jenna Wilson,Requests,Access request for shared folder,Notify user,Resolved,23-01-2025,27-09-2025,Heather Perez,Access request for shared folder reported by user.
1914,717521,Nicholas Ward,Incident,Power outage,Use UPS,Pending,29-05-2025,29-05-2025,Ryan Smith,Power outage reported by user.
1915,859205,Tamara Porter,Network,Scanner not working,Update scanner driver,Pending,13-08-2025,13-08-2025,Christian Santiago,Scanner not working reported by user.
1916,151824,Benjamin Davila,Incident,Server outage,Verify backups,Pending,04-08-2025,04-08-2025,Tiffany Taylor,Server outage reported by user.
1917,599881,Krystal Ramirez,Storage,Cannot save to network drive,Contact IT admin,Escalated,20-03-2024,20-03-2024,Thomas Pace,Cannot save to network drive reported by user.
1918,651348,Amanda Wiley,Hardware,Cannot connect to Wi-Fi network,Check for MAC address filtering,Pending,02-03-2024,02-03-2024,Anna Hanson,Cannot connect to Wi-Fi network reported by user.
1919,343151,Kathryn Smith,Network,Printer jam,Clean rollers,Resolved,11-11-2024,10-09-2025,Madison Wright,Printer jam reported by user.
1920,999857,Denise Graham,Incident,Server outage,Communicate downtime to users,Escalated,01-09-2025,01-09-2025,Rachel Poole,Server outage reported by user.
1921,865518,Emily Jefferson,Performance,High CPU usage,Adjust performance settings,Resolved,07-12-2024,19-12-2024,Robin Fisher,High CPU usage reported by user.
1922,547346,Barbara Ross,Incident,Power outage,Verify safety protocols,Pending,22-08-2025,22-08-2025,Ricky Deleon,Power outage reported by user.
1923,501406,David Perry,Configuration,New printer installation,Test print,Pending,02-12-2024,02-12-2024,Christine Chapman,New printer installation reported by user.
1924,787444,Jennifer Wood,Network,VPN not connecting,Restart VPN service,Escalated,23-10-2024,23-10-2024,Kristy Thomas,VPN not connecting reported by user.
1925,273649,Adrian King,Hardware,Cannot connect to Wi-Fi network,Verify Wi-Fi password,Pending,30-06-2025,30-06-2025,Larry Wood,Cannot connect to Wi-Fi network reported by user.
1926,181556,Richard Navarro,Storage,Backup failed,Restart backup service,Resolved,02-03-2024,20-12-2025,Michael Mcknight,Backup failed reported by user.
1927,636387,Matthew Wilson,Service,Internal web portal not opening,Verify VPN connection,Pending,03-03-2025,03-03-2025,Lisa Myers,Internal web portal not opening reported by user.
1928,250055,Zachary Stevens,Storage,Shared folder access denied,Check group policies,Escalated,19-01-2025,19-01-2025,Philip Roberts,Shared folder access denied reported by user.
1929,641743,Todd Wallace,Network,IP conflict,Release and renew IP,Resolved,13-05-2025,02-02-2026,Dylan Munoz,IP conflict reported by user.
1930,693210,Michael Moore,Storage,Shared folder access denied,Verify user credentials,Escalated,11-10-2025,11-10-2025,Stephen Vasquez,Shared folder access denied reported by user.
1931,792120,Brian Hall,Security,Unauthorized USB device,Block USB device,Pending,01-10-2025,01-10-2025,Alexander Hamilton,Unauthorized USB device reported by user.
1932,178314,Jessica Jones,Storage,Backup failed,Check file access rights,Pending,25-10-2025,25-10-2025,Jessica Caldwell,Backup failed reported by user.
1933,222287,Rebecca Smith,Security,Unauthorized USB device,Educate user on policy,Resolved,03-01-2025,04-03-2025,Kathy Horton,Unauthorized USB device reported by user.
1934,403257,John Chapman,Service,Cloud service down,Check service status page,Escalated,27-10-2024,27-10-2024,Sandra Shaw,Cloud service down reported by user.
1935,835914,Brittany Torres,Performance,Slow internet speed,Check for interference,Resolved,18-09-2024,08-08-2025,Jeffrey Schaefer,Slow internet speed reported by user.
1936,440012,Rachel Merritt,Storage,Cannot save to network drive,Contact IT admin,Resolved,09-11-2024,13-07-2025,Dr. Anna Curry,Cannot save to network drive reported by user.
1937,486435,Katherine Kim,Incident,Server outage,Verify backups,Pending,15-12-2024,15-12-2024,Nathan Knight,Server outage reported by user.
1938,58995,Yvonne Shelton,Hardware,Cannot connect to Wi-Fi network,Restart router,Resolved,11-03-2025,24-08-2025,Beverly Williams,Cannot connect to Wi-Fi network reported by user.
1939,180566,Tammy Navarro,Network,VPN not connecting,Reboot computer,Escalated,07-10-2024,07-10-2024,Jessica Krueger,VPN not connecting reported by user.
1940,768275,Zoe Miller,Incident,Printer malfunction in office,Test print,Escalated,03-05-2024,03-05-2024,Melissa Alvarado,Printer malfunction in office reported by user.
1941,69210,Courtney Jones,Storage,Shared folder access denied,Verify network connectivity,Resolved,22-10-2025,13-11-2025,Brooke Christian,Shared folder access denied reported by user.
1942,25358,Monique Orozco,Service,Cloud storage syncing issue,Update client software,Pending,16-09-2024,16-09-2024,Nancy Johnson,Cloud storage syncing issue reported by user.
1943,179435,Kathy Mitchell,Configuration,New printer installation,Restart printer,Resolved,24-03-2024,18-11-2025,Alyssa Thomas,New printer installation reported by user.
1944,284537,Kimberly Rivera,Incident,Power outage,Verify safety protocols,Resolved,18-08-2024,16-01-2025,Mr. Christopher Perry DDS,Power outage reported by user.
1945,673151,Mary Smith,Service,Cloud service down,Restart application,Escalated,18-10-2025,18-10-2025,John Allen,Cloud service down reported by user.
1946,606010,Eileen Frey,Incident,Power outage,Resume work once power restored,Resolved,20-03-2024,01-11-2025,Jose Barton,Power outage reported by user.
1947,944107,Joseph Sanchez MD,Service,Email not syncing,Check network connectivity,Escalated,27-10-2024,27-10-2024,Beth Gray,Email not syncing reported by user.
1948,594440,Jennifer Stevenson,Network,Wi-Fi slow,Restart router,Escalated,30-08-2025,30-08-2025,Melissa Herring,Wi-Fi slow reported by user.
1949,608145,Stephanie Jones,Hardware,Laptop not starting,Replace faulty battery,Pending,16-09-2025,16-09-2025,Christian Henson,Laptop not starting reported by user.
1950,465553,Lindsay Medina,Hardware,Frequent network dropouts,Check interference from devices,Escalated,06-11-2025,06-11-2025,Paul Macias,Frequent network dropouts reported by user.
1951,355837,Jennifer Kennedy,Performance,Computer running slow,Disable startup apps,Resolved,07-07-2025,15-01-2026,Roy Powers,Computer running slow reported by user.
1952,459013,Mario Acosta,Configuration,Printer setup,Verify permissions,Resolved,12-06-2024,19-05-2025,Gary Pearson,Printer setup reported by user.
1953,102969,Jessica Walton,Configuration,New printer installation,Connect printer to network,Resolved,09-08-2024,12-10-2024,Diane Howell,New printer installation reported by user.
1954,946085,Adam Aguilar,Configuration,Printer setup,Restart printer,Resolved,10-05-2024,03-09-2024,Andrew Cooper,Printer setup reported by user.
1955,24158,Nina Johnson,Incident,Power outage,Escalate if prolonged,Resolved,21-12-2024,05-02-2025,Chelsea Bernard,Power outage reported by user.
1956,961007,Breanna Martinez,Storage,Cannot access shared drive,Check firewall settings,Resolved,07-03-2024,09-08-2025,Emily Lewis,Cannot access shared drive reported by user.
1957,940126,Laura Lewis,Requests,Software installation,Configure settings,Resolved,13-05-2025,19-05-2025,Brittany Franco,Software installation reported by user.
1958,894624,James Mayo,Incident,Power outage,Check equipment after restart,Pending,29-11-2024,29-11-2024,Katie Butler,Power outage reported by user.
1959,726611,Nicholas Thompson,Security,Phishing email reported,Check mail server logs,Escalated,19-11-2024,19-11-2024,Jesse Curtis,Phishing email reported reported by user.
1960,278607,Tanya Key,Service,Cloud service down,Verify firewall settings,Escalated,10-04-2025,10-04-2025,Jason Holmes,Cloud service down reported by user.
1961,90052,Scott Willis,Security,Phishing email reported,Update spam filters,Pending,17-01-2025,17-01-2025,Meagan Sawyer,Phishing email reported reported by user.
1962,433975,Stephen Marshall,Hardware,Ethernet cable not detected,Restart network adapter,Escalated,11-01-2026,11-01-2026,Brian Gray,Ethernet cable not detected reported by user.
1963,277858,Michael Moore,Requests,Hardware request,Check warranty status,Escalated,20-06-2025,20-06-2025,Jessica King,Hardware request reported by user.
1964,231091,Nancy Thomas,Requests,Access request for shared folder,Document request,Pending,09-11-2024,09-11-2024,Michael Ray,Access request for shared folder reported by user.
1965,840872,Meghan Montes,Performance,Computer running slow,Check CPU usage,Resolved,30-12-2025,11-01-2026,Amber Harris,Computer running slow reported by user.
1966,133327,Anthony Thompson,Hardware,Ethernet cable not detected,Restart network adapter,Resolved,12-12-2025,15-01-2026,Eric Evans,Ethernet cable not detected reported by user.
1967,562077,Michael King,Requests,Access request for shared folder,Test access,Escalated,08-01-2026,08-01-2026,Joshua Nguyen,Access request for shared folder reported by user.
1968,361801,Mary Lewis,Requests,Access request for shared folder,Review audit logs,Pending,29-03-2024,29-03-2024,Jasmine Blackwell,Access request for shared folder reported by user.
1969,98506,Donald Porter,Configuration,Email client configuration,Enter correct server settings,Pending,09-11-2025,09-11-2025,Jennifer Gonzalez,Email client configuration reported by user.
1970,652100,Curtis Brooks,Storage,Low disk space,Delete temporary files,Escalated,22-06-2024,22-06-2024,Seth Williams,Low disk space reported by user.
1971,794642,Kevin Osborne,Configuration,Wi-Fi setup for new office,Configure router SSID and password,Escalated,10-04-2025,10-04-2025,Tiffany Jenkins,Wi-Fi setup for new office reported by user.
1972,907845,Devon Taylor,Requests,Software installation,Verify license activation,Pending,19-11-2025,19-11-2025,Jesse Norman,Software installation reported by user.
1973,365630,John Jackson,Network,DNS not resolving,Restart router,Resolved,22-08-2025,19-11-2025,Adam Hudson,DNS not resolving reported by user.
1974,76415,Cathy Lloyd,Hardware,Ethernet cable not detected,Try a different port,Escalated,26-02-2025,26-02-2025,Nathaniel Anderson,Ethernet cable not detected reported by user.
1975,992295,Brian Rice,Incident,Server outage,Restart server,Resolved,22-01-2025,16-06-2025,Tricia Holland MD,Server outage reported by user.
1976,112875,Cameron Huber,Requests,Access request for shared folder,Document request,Pending,14-03-2024,14-03-2024,Dr. David Burgess,Access request for shared folder reported by user.
1977,411286,Robin Patterson,Storage,Backup not completing,Check logs for errors,Pending,10-10-2024,10-10-2024,Debra Holder,Backup not completing reported by user.
1978,816735,Kathleen Patterson,Hardware,Frequent network dropouts,Check signal strength,Escalated,11-11-2025,11-11-2025,Sierra Bradley,Frequent network dropouts reported by user.
1979,593428,Christopher Johnson,Security,Suspicious login,Check for malware on device,Pending,28-11-2025,28-11-2025,Carl Bauer,Suspicious login reported by user.
1980,760523,Peter Perez,Configuration,Printer setup,Install printer driver,Escalated,20-02-2026,20-02-2026,Mario George,Printer setup reported by user.
1981,206731,Connie Reynolds,Storage,Backup failed,Check backup software logs,Pending,21-03-2025,21-03-2025,Ryan Carson,Backup failed reported by user.
1982,592710,Benjamin Stark,Security,Phishing email reported,Update spam filters,Escalated,12-06-2024,12-06-2024,Timothy Lee,Phishing email reported reported by user.
1983,588331,Keith Landry,Requests,Access request for shared folder,Document request,Escalated,13-07-2025,13-07-2025,Frank Martin,Access request for shared folder reported by user.
1984,963892,Steven Johnson,Network,DNS not resolving,Restart router,Resolved,04-02-2025,08-03-2025,Mary Simmons,DNS not resolving reported by user.
1985,887283,Darrell Mack,Hardware,Cannot connect to Wi-Fi network,Check for MAC address filtering,Escalated,11-12-2025,11-12-2025,Christine Brown,Cannot connect to Wi-Fi network reported by user.
1986,51840,Melissa Davis,Performance,Computer overheating,Clean fans and vents,Pending,09-08-2025,09-08-2025,Jamie Vasquez,Computer overheating reported by user.
1987,898479,Rodney Salinas,Security,Unauthorized USB device,Educate user on policy,Pending,28-08-2024,28-08-2024,Sheila Moore,Unauthorized USB device reported by user.
1988,68453,Erin Carey,Requests,Request new software license,Notify user,Resolved,21-11-2024,29-11-2025,David Graves,Request new software license reported by user.
1989,732484,Whitney Allen,Network,Wi-Fi slow,Disable background downloads,Escalated,18-05-2025,18-05-2025,Tiffany Howard,Wi-Fi slow reported by user.
1990,396753,Christian Tran,Performance,Slow internet speed,Check for bandwidth hogs,Resolved,17-12-2024,14-01-2026,Megan Schneider,Slow internet speed reported by user.
1991,161693,Andrea Moore,Performance,Computer running slow,Disable startup apps,Resolved,09-09-2024,05-07-2025,Justin Kelley,Computer running slow reported by user.
1992,881454,John Grant,Performance,Slow internet speed,Test speed on another device,Resolved,17-08-2024,06-05-2025,Brianna Henry,Slow internet speed reported by user.
1993,25054,Marissa Wilson,Security,Unauthorized USB device,Educate user on policy,Pending,01-10-2024,01-10-2024,Cindy Bailey,Unauthorized USB device reported by user.
1994,176746,Zachary Bowman,Incident,Power outage,Resume work once power restored,Escalated,14-10-2025,14-10-2025,Michael Larson,Power outage reported by user.
1995,274856,Monique Miller,Requests,Software installation,Configure settings,Escalated,24-03-2024,24-03-2024,Laura Roberts,Software installation reported by user.
1996,435977,Kimberly Hicks,Hardware,Battery draining fast,Close unused programs,Escalated,21-01-2026,21-01-2026,Ashley Bauer,Battery draining fast reported by user.
1997,151208,Kenneth Good,Network,Printer jam,Remove stuck paper carefully,Resolved,18-08-2024,06-01-2025,Stacy Francis,Printer jam reported by user.
1998,977677,Diana Jensen,Storage,Backup failed,Retry backup,Resolved,23-03-2025,28-05-2025,Melinda Martin,Backup failed reported by user.
1999,880919,Erin Leon,Service,Cloud service down,Check service status page,Escalated,25-07-2025,25-07-2025,Jessica Aguilar,Cloud service down reported by user.
2000,468368,Laura Frey,Security,Forgotten password,Verify identity before reset,Resolved,07-06-2024,17-02-2026,Richard Ruiz,Forgotten password reported by user.
2001,315622,Danielle Hill,Incident,Server outage,Verify backups,Resolved,14-03-2024,23-04-2024,Daniel Nunez,Server outage reported by user.
2002,603662,Wyatt Russo,Performance,Slow internet speed,Contact ISP if persistent,Escalated,04-06-2025,04-06-2025,Jack Thompson,Slow internet speed reported by user.
2003,143071,Robert Walker,Service,Cannot access email from mobile,Update email app,Pending,14-05-2025,14-05-2025,Patrick Garcia,Cannot access email from mobile reported by user.
2004,130729,Pamela Lawson,Network,IP conflict,Release and renew IP,Pending,15-10-2025,15-10-2025,Ricky Mitchell,IP conflict reported by user.
2005,875037,Monica Williams MD,Requests,Access request for shared folder,Notify user,Pending,07-07-2024,07-07-2024,Luis Ortega,Access request for shared folder reported by user.
2006,66609,Cynthia Taylor,Configuration,New device setup,Test device connectivity,Escalated,11-10-2025,11-10-2025,Aaron Nguyen,New device setup reported by user.
2007,89359,Ryan Adkins,Performance,Application freezing,Increase system memory,Escalated,21-08-2024,21-08-2024,Heather Reed,Application freezing reported by user.
2008,309248,Michelle Smith,Hardware,Battery draining fast,Disable unnecessary background apps,Pending,12-08-2024,12-08-2024,Melissa Ponce,Battery draining fast reported by user.
2009,129126,Christopher Frank,Performance,High CPU usage,Check running processes,Escalated,14-05-2025,14-05-2025,Christina Mcdonald,High CPU usage reported by user.
2010,31502,James Hardy,Performance,Application freezing,Update software,Pending,28-05-2024,28-05-2024,Jessica Arnold,Application freezing reported by user.
2011,615469,Teresa Sanders,Requests,Access request for shared folder,Update access records,Pending,16-08-2024,16-08-2024,Krystal Frank,Access request for shared folder reported by user.
2012,604133,Michelle Robinson,Configuration,Email client configuration,Enable SSL/TLS,Escalated,11-09-2025,11-09-2025,Erika Kim,Email client configuration reported by user.
2013,380141,Dakota Freeman,Incident,Power outage,Log incident,Resolved,28-08-2024,11-10-2024,Randall Lee,Power outage reported by user.
2014,866170,Janet Crane,Configuration,Email client configuration,Enable SSL/TLS,Escalated,24-03-2024,24-03-2024,Joshua Jennings,Email client configuration reported by user.
2015,545619,Brooke Goodman,Performance,Computer running slow,Clear temp files,Resolved,24-08-2025,13-01-2026,Christian Barber,Computer running slow reported by user.
2016,559085,John Thomas,Service,Cloud storage syncing issue,Check firewall settings,Escalated,22-11-2025,22-11-2025,Brian Goodwin,Cloud storage syncing issue reported by user.
2017,970373,James Peters,Requests,Access request for shared folder,Notify user,Pending,20-09-2024,20-09-2024,Melissa Hood,Access request for shared folder reported by user.
2018,810438,Jacqueline Turner,Storage,Backup not completing,Restart backup service,Pending,26-09-2024,26-09-2024,Charles Thompson,Backup not completing reported by user.
2019,107874,William White,Configuration,New printer installation,Install driver software,Pending,12-07-2024,12-07-2024,William Banks,New printer installation reported by user.
2020,999932,Chris Cobb,Performance,Slow internet speed,Check for interference,Pending,12-03-2025,12-03-2025,Timothy Wyatt,Slow internet speed reported by user.
2021,374593,Joshua White,Service,Software update failed,Check for sufficient disk space,Pending,06-06-2025,06-06-2025,Jacob Williams,Software update failed reported by user.
2022,178114,Lee Clark,Requests,Hardware request,Update inventory record,Escalated,14-07-2024,14-07-2024,Tiffany Edwards,Hardware request reported by user.
2023,273903,Brent Thompson,Hardware,Keyboard not working,Check connection,Escalated,11-02-2025,11-02-2025,Richard Anderson,Keyboard not working reported by user.
2024,181412,Jennifer Alvarez,Network,Cannot access internal portal,Test on another device,Resolved,07-03-2025,02-08-2025,Elizabeth Carlson,Cannot access internal portal reported by user.
2025,439519,Danny Moore,Storage,Backup not completing,Restart backup service,Pending,11-04-2024,11-04-2024,John Roberts,Backup not completing reported by user.
2026,892376,Anthony Perez,Configuration,Wi-Fi setup for new office,Test signal coverage,Resolved,18-03-2024,11-07-2024,Samantha Fields,Wi-Fi setup for new office reported by user.
2027,658876,Noah Brown,Security,Suspicious login,Block suspicious IP,Pending,30-06-2025,30-06-2025,Leslie Erickson,Suspicious login reported by user.
2028,410767,Kelly Bridges,Requests,Request new software license,Check compliance,Pending,08-06-2024,08-06-2024,Lance Woodard,Request new software license reported by user.
2029,888597,Patricia Christensen,Network,Wi-Fi slow,Disable background downloads,Resolved,14-11-2025,24-11-2025,Allison Kim,Wi-Fi slow reported by user.
2030,287890,Jessica Davis,Configuration,Wi-Fi setup for new office,Test connectivity on multiple devices,Resolved,13-07-2024,02-09-2024,Alex Davis,Wi-Fi setup for new office reported by user.
2031,776859,Gary Miller,Security,Unauthorized USB device,Educate user on policy,Resolved,20-09-2024,09-02-2025,Kaitlyn Mata,Unauthorized USB device reported by user.
2032,644925,Veronica Perry,Security,Phishing email reported,Scan system for malware,Resolved,06-08-2024,15-08-2025,Kayla Ritter,Phishing email reported reported by user.
2033,951237,Justin Rangel,Performance,Slow login times,Check domain controller status,Escalated,28-06-2025,28-06-2025,David Rogers,Slow login times reported by user.
2034,904166,Laura White,Hardware,Laptop not starting,Check power cable and adapter,Resolved,29-07-2024,31-08-2024,Jessica Velez,Laptop not starting reported by user.
2035,798785,John Scott,Incident,Printer malfunction in office,Test print,Resolved,22-01-2025,24-04-2025,Cynthia Medina,Printer malfunction in office reported by user.
2036,162725,Elizabeth Thompson,Hardware,Cannot connect to Wi-Fi network,Move closer to access point,Resolved,22-06-2025,20-07-2025,Kelli Montgomery,Cannot connect to Wi-Fi network reported by user.
2037,842034,Crystal Hubbard,Storage,Cannot save to network drive,Check write permissions,Pending,04-01-2025,04-01-2025,Melissa Hamilton,Cannot save to network drive reported by user.
2038,831279,Timothy Campbell,Storage,Cannot access shared drive,Verify credentials,Pending,23-03-2025,23-03-2025,Theresa Pittman,Cannot access shared drive reported by user.
2039,894079,Amy Stokes,Incident,Power outage,Log incident,Pending,10-01-2026,10-01-2026,Andrew Johnson,Power outage reported by user.
2040,485608,Veronica Mckenzie,Hardware,Monitor flickering,Replace cable,Resolved,03-10-2025,04-10-2025,Eddie Rowe,Monitor flickering reported by user.
2041,992167,Katherine Mcdonald,Network,Internet not working,Check cable connections,Escalated,21-07-2025,21-07-2025,Nicholas Dixon,Internet not working reported by user.
2042,593044,Taylor Anthony,Security,Suspicious login,Notify user,Escalated,11-06-2024,11-06-2024,Joshua George,Suspicious login reported by user.
2043,924708,Margaret Reese,Hardware,Laptop not starting,Test with another power outlet,Pending,17-06-2024,17-06-2024,Karen Ross,Laptop not starting reported by user.
2044,394499,Christopher Foster,Storage,Backup failed,Check file access rights,Escalated,07-07-2025,07-07-2025,Pamela Reeves,Backup failed reported by user.
2045,589755,Michelle Ramsey,Storage,Backup failed,Check file access rights,Escalated,06-08-2025,06-08-2025,Jasmine Johnson,Backup failed reported by user.
2046,357410,Rodney Haynes,Service,Cloud service down,Verify firewall settings,Escalated,27-01-2025,27-01-2025,Brian White,Cloud service down reported by user.
2047,458525,Tracy Woods,Storage,Cannot save to network drive,Restart computer,Resolved,28-04-2025,20-05-2025,Gabrielle Sherman,Cannot save to network drive reported by user.
2048,665194,Samuel Phillips,Requests,Hardware request,Deliver hardware to user,Resolved,28-09-2024,21-08-2025,Wesley Farley,Hardware request reported by user.
2049,63426,John Moore,Configuration,Wi-Fi setup for new office,Enable security protocols,Escalated,06-02-2025,06-02-2025,Donna Reed,Wi-Fi setup for new office reported by user.
2050,254016,Nicole Perez,Storage,Backup failed,Check network connection,Pending,28-05-2025,28-05-2025,Daniel Ray,Backup failed reported by user.
2051,86416,Stephanie Smith DDS,Requests,Software installation,Configure settings,Pending,03-02-2025,03-02-2025,Heather Robertson,Software installation reported by user.
2052,982100,Jesse Cunningham,Requests,Access request for shared folder,Document request,Resolved,05-04-2024,12-07-2025,Michelle Lindsey,Access request for shared folder reported by user.
2053,110015,Katie Smith,Requests,Hardware request,Update inventory record,Pending,23-11-2025,23-11-2025,Richard Davis,Hardware request reported by user.
2054,948117,Alan Young,Performance,Slow internet speed,Contact ISP if persistent,Pending,26-02-2025,26-02-2025,Melissa Cordova,Slow internet speed reported by user.
2055,514528,Erin Cooper,Service,Cannot access email from mobile,Check network connectivity,Resolved,20-10-2025,07-12-2025,Julia Garner,Cannot access email from mobile reported by user.
2056,64215,Tina Marks,Security,Forgotten password,Check security questions,Resolved,18-06-2025,08-08-2025,Jennifer Esparza,Forgotten password reported by user.
2057,496770,Timothy Lang,Configuration,New printer installation,Update firmware,Escalated,25-02-2026,25-02-2026,Derrick Fisher,New printer installation reported by user.
2058,776226,Tony Arellano,Configuration,Wi-Fi setup for new office,Enable security protocols,Escalated,09-09-2025,09-09-2025,Aaron Rogers,Wi-Fi setup for new office reported by user.
2059,20237,Samantha Pittman,Storage,Shared folder access denied,Contact folder owner,Resolved,04-09-2024,09-01-2025,Robert White,Shared folder access denied reported by user.
2060,46363,Jordan Tucker,Incident,Printer malfunction in office,Replace toner or paper,Pending,06-02-2025,06-02-2025,Benjamin Barnes,Printer malfunction in office reported by user.
2061,920318,Stephen Ortega,Requests,Request new software license,Install software,Escalated,25-12-2025,25-12-2025,Audrey Robinson,Request new software license reported by user.
2062,587996,Michelle Sawyer,Hardware,Ethernet cable not detected,Restart network adapter,Pending,14-10-2025,14-10-2025,Lisa Levy,Ethernet cable not detected reported by user.
2063,89493,Michelle Lewis,Incident,Server outage,Escalate to admin if needed,Resolved,26-09-2024,08-12-2025,Christopher Juarez,Server outage reported by user.
2064,57600,Shelby Gutierrez,Configuration,New device setup,Install required applications,Escalated,27-02-2025,27-02-2025,Bianca Martin,New device setup reported by user.
2065,313396,Craig Ramos,Configuration,New printer installation,Check permissions,Resolved,20-07-2025,20-01-2026,Kristen Hale,New printer installation reported by user.
2066,773497,Alfred Howard,Requests,Request new monitor,Assign monitor to user,Escalated,24-11-2025,24-11-2025,Philip Patterson,Request new monitor reported by user.
2067,721910,Kyle English,Security,Suspicious login,Review login history,Resolved,16-02-2025,20-10-2025,Courtney Neal,Suspicious login reported by user.
2068,675449,Paul Beck,Security,Unauthorized USB device,Notify user,Resolved,28-02-2025,18-06-2025,Annette Horton,Unauthorized USB device reported by user.
2069,771048,Samuel Osborne,Hardware,Cannot connect to Wi-Fi network,Move closer to access point,Resolved,29-12-2024,31-08-2025,Jessica Riley,Cannot connect to Wi-Fi network reported by user.
2070,895954,David Alvarado MD,Service,Cloud service down,Restart application,Resolved,11-04-2024,07-12-2024,Joel Henry,Cloud service down reported by user.
2071,324975,Kevin Love,Hardware,Monitor flickering,Adjust refresh rate,Escalated,22-01-2025,22-01-2025,Ashley Castillo,Monitor flickering reported by user.
2072,531168,Breanna Vasquez,Storage,Cannot save to network drive,Check disk space,Resolved,14-02-2025,15-04-2025,Brooke Hernandez,Cannot save to network drive reported by user.
2073,365577,Jordan Gordon,Storage,Cannot save to network drive,Verify network connectivity,Pending,20-03-2025,20-03-2025,Jasmine Hopkins,Cannot save to network drive reported by user.
2074,727707,William Maldonado,Configuration,New printer installation,Restart printer,Resolved,01-10-2025,28-11-2025,Seth Elliott,New printer installation reported by user.
2075,231031,David Webster,Incident,Power outage,Check equipment after restart,Resolved,10-04-2024,24-05-2024,Mr. Micheal Johnson DVM,Power outage reported by user.
2076,65548,Tyler Webb,Storage,Backup failed,Check backup software logs,Escalated,19-06-2025,19-06-2025,Helen Garcia,Backup failed reported by user.
2077,409947,Brian Miller,Security,Suspicious login,Enable MFA,Pending,17-04-2025,17-04-2025,Megan Rodriguez,Suspicious login reported by user.
2078,370663,Emily Cunningham,Configuration,Printer setup,Install printer driver,Pending,18-11-2025,18-11-2025,Jennifer Haynes,Printer setup reported by user.
2079,338487,Glenda Smith,Incident,Server outage,Notify IT team,Resolved,23-01-2025,18-02-2025,Crystal Bryant,Server outage reported by user.
2080,611761,Jennifer Williams,Hardware,Battery draining fast,Reduce screen brightness,Escalated,12-03-2025,12-03-2025,Daniel Lambert,Battery draining fast reported by user.
2081,230141,William Cole,Storage,Backup failed,Check file access rights,Resolved,03-02-2026,17-02-2026,Mr. Dennis Soto IV,Backup failed reported by user.
2082,490553,Sarah Jordan,Network,Cannot access internal portal,Test on another device,Escalated,01-01-2025,01-01-2025,John Bowman,Cannot access internal portal reported by user.
2083,834259,Craig Browning,Configuration,New device setup,Install OS and updates,Resolved,04-07-2025,21-12-2025,Briana Smith,New device setup reported by user.
2084,212417,Cindy Jones,Service,Cloud service down,Test on another device,Resolved,13-04-2024,05-06-2024,Brandon Evans,Cloud service down reported by user.
2085,810554,Christine Hobbs,Incident,Printer malfunction in office,Update driver,Pending,27-05-2024,27-05-2024,James Edwards,Printer malfunction in office reported by user.
2086,441347,Jessica Tanner,Configuration,New device setup,Configure peripherals,Escalated,26-10-2025,26-10-2025,Carolyn Monroe,New device setup reported by user.
2087,799193,David Nguyen,Storage,Cannot save to network drive,Check for file locks,Escalated,18-06-2025,18-06-2025,Tabitha Fox,Cannot save to network drive reported by user.
2088,169578,Kimberly Douglas,Requests,Request new monitor,Assign monitor to user,Resolved,27-02-2025,13-03-2025,William Baker,Request new monitor reported by user.
2089,68568,Cheryl Franco,Storage,Backup not completing,Test backup on another machine,Escalated,21-02-2026,21-02-2026,Clifford Duncan,Backup not completing reported by user.
2090,119857,Bobby Olson,Performance,High CPU usage,Check for background updates,Pending,01-09-2025,01-09-2025,Theresa Daniels,High CPU usage reported by user.
2091,831289,Matthew Brown,Performance,Computer running slow,Upgrade RAM,Escalated,28-01-2026,28-01-2026,Randy Jenkins,Computer running slow reported by user.
2092,511421,Tracy Luna,Configuration,Wi-Fi setup for new office,Test connectivity on multiple devices,Resolved,18-11-2025,25-11-2025,Marie Huff,Wi-Fi setup for new office reported by user.
2093,142979,Kevin Williams,Incident,Server outage,Document incident,Pending,23-02-2026,23-02-2026,Tricia Johnson,Server outage reported by user.
2094,308895,Joseph Henry,Requests,Request new software license,Document license key,Resolved,04-09-2024,12-12-2024,Matthew Herrera,Request new software license reported by user.
2095,501993,Brittany Martin,Configuration,Wi-Fi setup for new office,Configure router SSID and password,Pending,16-04-2025,16-04-2025,Emily Hunt,Wi-Fi setup for new office reported by user.
2096,625351,Ryan Wilkins,Service,Cloud storage syncing issue,Reinstall sync client,Escalated,08-11-2024,08-11-2024,Austin Romero,Cloud storage syncing issue reported by user.
2097,713933,Shannon Blair,Performance,Application freezing,Update software,Pending,22-05-2024,22-05-2024,Robert Johnson,Application freezing reported by user.
2098,206313,Dennis Williams,Network,Cannot access internal portal,Test on another device,Pending,07-02-2025,07-02-2025,Brenda Lambert,Cannot access internal portal reported by user.
2099,847923,Ashley Nelson,Network,DNS not resolving,Check DNS server settings,Escalated,13-05-2025,13-05-2025,Kimberly Jackson,DNS not resolving reported by user.
2100,17924,Kenneth Mason,Requests,Software installation,Check compatibility,Resolved,06-08-2024,30-12-2024,Elizabeth Pennington,Software installation reported by user.
2101,710530,Rebecca Wells,Service,Internal web portal not opening,Contact IT support,Pending,30-01-2025,30-01-2025,Angela Phillips,Internal web portal not opening reported by user.
2102,45478,Samantha Williams,Performance,Slow internet speed,Contact ISP if persistent,Pending,14-10-2025,14-10-2025,Johnny Velasquez,Slow internet speed reported by user.
2103,113708,Adam Rivera,Network,IP conflict,Reboot device,Pending,01-08-2024,01-08-2024,Barbara Webster,IP conflict reported by user.
2104,831008,Ann Bartlett,Incident,Server outage,Escalate to admin if needed,Pending,21-09-2024,21-09-2024,Jeffrey Dean,Server outage reported by user.
2105,253135,Chelsea Solis,Performance,Slow internet speed,Update network drivers,Pending,01-05-2025,01-05-2025,Destiny Williams,Slow internet speed reported by user.
2106,673623,Monica Thomas,Security,User account compromised,Review login history,Pending,01-11-2025,01-11-2025,Joseph Acosta,User account compromised reported by user.
2107,818829,Brian Sanchez,Network,Internet not working,Disable firewall temporarily,Resolved,21-12-2024,24-11-2025,Lori Castaneda,Internet not working reported by user.
2108,601267,Donald Austin,Performance,High CPU usage,Restart computer,Pending,05-07-2025,05-07-2025,Travis Stevens,High CPU usage reported by user.
2109,463796,Christopher Suarez,Performance,Application freezing,Run malware scan,Escalated,05-10-2025,05-10-2025,Jackie Smith,Application freezing reported by user.
2110,588663,Olivia Roach,Performance,Slow login times,Clear cached credentials,Pending,24-04-2024,24-04-2024,Brandon Williams,Slow login times reported by user.
2111,802291,Julian Woodward,Hardware,Keyboard not working,Check connection,Pending,19-03-2024,19-03-2024,Leslie Decker,Keyboard not working reported by user.
2112,376033,Nathan Green,Network,Printer jam,Restart printer,Pending,25-09-2025,25-09-2025,Maria Rasmussen,Printer jam reported by user.
2113,621408,Yvette Brown,Configuration,Email client configuration,Enter correct server settings,Escalated,09-04-2025,09-04-2025,Scott Campbell,Email client configuration reported by user.
2114,445831,Dennis Reilly,Configuration,Wi-Fi setup for new office,Configure router SSID and password,Pending,07-04-2025,07-04-2025,Kathy Hill,Wi-Fi setup for new office reported by user.
2115,354889,Kelly Holloway,Requests,Request new monitor,Notify user,Escalated,08-02-2026,08-02-2026,Christopher Blanchard,Request new monitor reported by user.
2116,476080,Carla Garcia,Hardware,Monitor flickering,Check power connection,Escalated,02-01-2026,02-01-2026,Stacey Escobar,Monitor flickering reported by user.
2117,884742,Justin Holland,Storage,Shared folder access denied,Remap network drive,Escalated,09-03-2024,09-03-2024,Kyle Oconnell,Shared folder access denied reported by user.
2118,142565,Nicholas Adams,Configuration,Wi-Fi setup for new office,Test connectivity on multiple devices,Escalated,17-04-2025,17-04-2025,Sheri Mckay,Wi-Fi setup for new office reported by user.
2119,313451,Latoya Barnes,Storage,Backup failed,Check backup software logs,Pending,20-11-2024,20-11-2024,Cassandra Moore,Backup failed reported by user.
2120,168609,Todd Rodriguez,Performance,Application freezing,Restart application,Resolved,13-08-2025,04-11-2025,Joshua Miller,Application freezing reported by user.
2121,972484,Marilyn Mercado,Storage,Cannot access shared drive,Contact file owner,Pending,04-12-2025,04-12-2025,William King,Cannot access shared drive reported by user.
2122,618156,Megan Glenn,Configuration,New device setup,Install required applications,Resolved,07-12-2024,22-01-2025,Cassandra Bailey,New device setup reported by user.
2123,533507,Margaret Lara,Storage,Backup not completing,Update backup software,Escalated,31-10-2024,31-10-2024,Charles Williams,Backup not completing reported by user.
2124,476164,Michael Reynolds,Requests,Software installation,Install approved software,Escalated,04-06-2025,04-06-2025,James Vargas,Software installation reported by user.
2125,50192,Brandon Flores,Configuration,New printer installation,Map printer on all devices,Pending,08-09-2024,08-09-2024,Christina Nichols,New printer installation reported by user.
2126,435809,Dana Henry,Storage,Cannot save to network drive,Check disk space,Escalated,04-08-2025,04-08-2025,Erin Aguilar,Cannot save to network drive reported by user.
2127,691539,Jonathan Johnson,Security,Account locked,Clear browser cache,Escalated,01-04-2024,01-04-2024,Michael Kelly,Account locked reported by user.
2128,928150,Candace Rivera,Hardware,Keyboard not working,Reconnect USB port,Resolved,19-02-2026,20-02-2026,Matthew Yu DVM,Keyboard not working reported by user.
2129,92010,Tammy Anderson,Incident,Power outage,Resume work once power restored,Pending,03-03-2024,03-03-2024,Diane Smith,Power outage reported by user.
2130,714026,Sara Parsons,Service,Cloud storage syncing issue,Reinstall sync client,Escalated,14-10-2024,14-10-2024,Michelle Lee,Cloud storage syncing issue reported by user.
2131,167195,Zachary Davis,Requests,Access request for shared folder,Test access,Escalated,03-12-2024,03-12-2024,Kevin Reynolds,Access request for shared folder reported by user.
2132,562356,John Tucker,Performance,Slow login times,Verify account permissions,Resolved,28-06-2024,22-11-2024,Shannon Lee,Slow login times reported by user.
2133,732350,James Steele,Service,Cannot access email from mobile,Clear cache,Pending,04-08-2024,04-08-2024,Paul Johnson,Cannot access email from mobile reported by user.
2134,157618,Jason Reynolds,Security,Unauthorized USB device,Review device logs,Escalated,03-10-2025,03-10-2025,Matthew Sanders,Unauthorized USB device reported by user.
2135,187961,Mary Brown,Security,User account compromised,Notify user of suspicious activity,Pending,05-07-2024,05-07-2024,Katherine Howard,User account compromised reported by user.
2136,734029,Thomas Krause,Security,Suspicious login,Escalate to security team,Escalated,28-02-2024,28-02-2024,Scott Lyons,Suspicious login reported by user.
2137,937602,Michelle Martinez,Configuration,New device setup,Install OS and updates,Escalated,15-03-2024,15-03-2024,Erin Chapman,New device setup reported by user.
2138,396610,Crystal Richardson,Network,IP conflict,Check for duplicate device IPs,Resolved,11-01-2025,31-12-2025,Amber Spencer,IP conflict reported by user.
2139,896391,Stephanie Baldwin,Configuration,New printer installation,Restart printer,Escalated,20-07-2024,20-07-2024,Jason Reeves DDS,New printer installation reported by user.
2140,71093,Sarah Wiggins,Hardware,Keyboard not working,Test with external keyboard,Pending,16-05-2024,16-05-2024,Jared Rangel,Keyboard not working reported by user.
2141,621510,Stephen Leonard,Requests,Hardware request,Check warranty status,Pending,10-07-2025,10-07-2025,Holly Hudson,Hardware request reported by user.
2142,9263,Brandon Flores,Service,Cloud service down,Test on another device,Resolved,29-08-2024,18-04-2025,Dylan Mullen,Cloud service down reported by user.
2143,643443,Debbie Collier,Storage,Shared folder access denied,Restart computer,Pending,21-05-2024,21-05-2024,Kenneth Hess,Shared folder access denied reported by user.
2144,955469,Michael Newman,Storage,Cannot access shared drive,Restart computer,Pending,10-02-2025,10-02-2025,Shannon Barnes,Cannot access shared drive reported by user.
2145,567043,Peter Mills,Requests,Hardware request,Approve request,Resolved,04-03-2024,24-07-2025,Patricia Dixon,Hardware request reported by user.
2146,812450,Deborah Wallace,Storage,Backup failed,Check backup software logs,Resolved,24-08-2025,30-01-2026,Olivia Davis,Backup failed reported by user.
2147,518139,Eric Campbell,Storage,Backup failed,Check backup software logs,Pending,06-05-2024,06-05-2024,Kevin Peterson,Backup failed reported by user.
2148,897822,Karen Woods,Security,Forgotten password,Verify identity before reset,Escalated,18-05-2024,18-05-2024,Julia Hendricks,Forgotten password reported by user.
2149,959854,Lauren Benitez,Hardware,Cannot connect to Wi-Fi network,Check for MAC address filtering,Escalated,21-04-2024,21-04-2024,Steven Henderson,Cannot connect to Wi-Fi network reported by user.
2150,831088,Olivia Mccoy,Storage,Backup failed,Check backup software logs,Resolved,27-07-2025,07-09-2025,Laura Davis,Backup failed reported by user.
2151,696911,David Garcia,Requests,Request new monitor,Assign monitor to user,Escalated,16-02-2026,16-02-2026,Victoria Gallegos,Request new monitor reported by user.
2152,388652,Christopher Evans,Service,Email not syncing,Check server settings,Escalated,24-04-2025,24-04-2025,Preston Haynes,Email not syncing reported by user.
2153,705068,Brenda Sanchez,Storage,Backup not completing,Update backup software,Resolved,17-01-2025,09-10-2025,Jonathon Willis,Backup not completing reported by user.
2154,697170,Lindsay Lam,Service,Cloud storage syncing issue,Check internet connection,Escalated,08-11-2025,08-11-2025,Andrew Wallace,Cloud storage syncing issue reported by user.
2155,607377,Samantha Galvan,Configuration,New device setup,Test device connectivity,Resolved,01-03-2025,15-03-2025,Kristy Sexton,New device setup reported by user.
2156,392206,James Manning,Security,Phishing email reported,Update spam filters,Resolved,23-06-2025,21-08-2025,Sabrina Mays,Phishing email reported reported by user.
2157,840533,Paula Richards,Network,Internet not working,Restart modem and router,Escalated,15-04-2025,15-04-2025,David Weber,Internet not working reported by user.
2158,73266,Lawrence Black,Storage,Backup not completing,Test backup on another machine,Pending,16-02-2025,16-02-2025,Jose Meadows,Backup not completing reported by user.
2159,723755,Christina Flores,Storage,Low disk space,Move data to network drive,Resolved,10-08-2024,21-04-2025,Patricia Hardy,Low disk space reported by user.
2160,975004,Erik Johnson,Storage,Shared folder access denied,Check folder permissions,Pending,21-09-2024,21-09-2024,Mark Ramirez,Shared folder access denied reported by user.
2161,301095,Daniel Perry,Performance,Computer overheating,Restart computer,Pending,12-11-2024,12-11-2024,Dennis Mcdonald,Computer overheating reported by user.
2162,337133,Beth Huynh,Storage,Cannot save to network drive,Verify network connectivity,Resolved,04-05-2025,07-08-2025,Jamie Garrett,Cannot save to network drive reported by user.
2163,220709,Samantha Campbell,Hardware,Laptop not starting,Reset CMOS/BIOS,Escalated,19-11-2025,19-11-2025,Michael Robinson,Laptop not starting reported by user.
2164,795794,Jeremy Kennedy,Hardware,Laptop not starting,Check power cable and adapter,Resolved,16-11-2025,02-01-2026,Adriana Proctor,Laptop not starting reported by user.
2165,222609,Adam Blankenship,Hardware,Monitor flickering,Check power connection,Pending,24-12-2025,24-12-2025,Terri Gonzalez,Monitor flickering reported by user.
2166,964419,Mrs. Katherine Arnold DDS,Incident,Server outage,Document incident,Escalated,10-01-2025,10-01-2025,Monica Torres,Server outage reported by user.
2167,269897,Kelsey Daniel,Requests,Hardware request,Verify model compatibility,Pending,04-09-2024,04-09-2024,Ashley Nunez,Hardware request reported by user.
2168,351475,Daniel Cruz,Security,Unauthorized USB device,Review device logs,Escalated,20-10-2024,20-10-2024,Tammy Church,Unauthorized USB device reported by user.
2169,884277,Larry Larsen,Network,IP conflict,Restart router,Pending,25-02-2025,25-02-2025,Jillian Goodwin,IP conflict reported by user.
2170,658738,Sean Henry,Network,VPN not connecting,Restart VPN service,Resolved,17-01-2026,03-02-2026,Steven Burns,VPN not connecting reported by user.
2171,622905,Sara Calderon,Configuration,New printer installation,Check permissions,Pending,24-07-2025,24-07-2025,Elizabeth Blankenship,New printer installation reported by user.
2172,635111,Robert Smith PhD,Configuration,New device setup,Apply security policies,Pending,05-02-2026,05-02-2026,Mario Howe,New device setup reported by user.
2173,217440,Janet Thomas,Hardware,Frequent network dropouts,Restart router,Pending,18-06-2024,18-06-2024,Cheryl Dixon,Frequent network dropouts reported by user.
2174,868124,Connie Newton,Network,Scanner not working,Restart scanner service,Pending,12-10-2025,12-10-2025,Luke Mccarty,Scanner not working reported by user.
2175,547153,Joanna Church,Network,Mouse not responding,Restart computer,Escalated,18-03-2025,18-03-2025,Debra Wilcox,Mouse not responding reported by user.
2176,505620,Kurt Jackson,Service,Software update failed,Check internet connection,Pending,23-12-2024,23-12-2024,Krystal Conley,Software update failed reported by user.
2177,493659,Brandon Oconnor,Requests,Request new monitor,Notify user,Resolved,14-02-2026,16-02-2026,Luis Morse,Request new monitor reported by user.
2178,340829,William Klein,Security,Account locked,Reset password,Pending,23-04-2025,23-04-2025,Jeffrey Brandt,Account locked reported by user.
2179,225018,Jose Mitchell,Requests,Hardware request,Deliver hardware to user,Pending,16-09-2025,16-09-2025,Nicholas Johnson,Hardware request reported by user.
2180,925955,Desiree Galloway,Hardware,Cannot connect to Wi-Fi network,Check for MAC address filtering,Pending,01-05-2025,01-05-2025,Jane Flores,Cannot connect to Wi-Fi network reported by user.
2181,484281,Samantha Roman,Requests,Hardware request,Notify user,Escalated,09-11-2025,09-11-2025,Mrs. Brandy Duffy,Hardware request reported by user.
2182,930739,Bryan Palmer,Network,Wi-Fi slow,Restart router,Escalated,22-04-2025,22-04-2025,Kim Holmes,Wi-Fi slow reported by user.
2183,788204,Nicole Spencer,Storage,Backup not completing,Test backup on another machine,Resolved,26-12-2025,19-02-2026,Michael Rodriguez,Backup not completing reported by user.
2184,524981,Gregory Espinoza,Storage,Backup failed,Restart backup service,Resolved,15-04-2025,06-01-2026,Carrie Lowery PhD,Backup failed reported by user.
2185,478591,Wendy Ramirez,Service,Internal web portal not opening,Contact IT support,Resolved,11-09-2025,13-12-2025,Jennifer Barton,Internal web portal not opening reported by user.
2186,83307,Carrie Gentry,Performance,Application freezing,Run malware scan,Escalated,27-10-2024,27-10-2024,Eric Navarro,Application freezing reported by user.
2187,72204,Joseph Ray,Network,Mouse not responding,Clean mouse sensor,Pending,26-04-2025,26-04-2025,Toni Young,Mouse not responding reported by user.
2188,642700,Chad Hardy,Service,Cloud service down,Clear cache,Pending,20-04-2025,20-04-2025,Derrick Soto,Cloud service down reported by user.
2189,25728,Dylan Hancock,Hardware,Laptop not starting,Reset CMOS/BIOS,Escalated,21-01-2025,21-01-2025,Charles Morris,Laptop not starting reported by user.
2190,199097,Laura Chapman,Configuration,New device setup,Test device connectivity,Pending,22-10-2024,22-10-2024,Christopher Silva,New device setup reported by user.
2191,106418,Christopher Hayes,Service,Email not syncing,Check mailbox size,Resolved,10-09-2024,08-10-2025,Charles Obrien,Email not syncing reported by user.
2192,817994,Matthew Perry,Storage,Cannot save to network drive,Restart computer,Escalated,18-01-2025,18-01-2025,Lynn Griffin,Cannot save to network drive reported by user.
2193,543972,Katrina Walker,Security,Forgotten password,Unlock account temporarily,Escalated,02-08-2025,02-08-2025,April Davis,Forgotten password reported by user.
2194,621102,Denise Rodriguez,Security,Forgotten password,Send password reset email,Escalated,05-10-2025,05-10-2025,John Cowan,Forgotten password reported by user.
2195,90121,Lisa Hill,Security,Unauthorized USB device,Check security policy,Escalated,18-10-2025,18-10-2025,Felicia Jenkins,Unauthorized USB device reported by user.
2196,123068,Carlos Parker,Incident,Printer malfunction in office,Document issue,Resolved,07-04-2024,29-09-2024,Nicole Steele DVM,Printer malfunction in office reported by user.
2197,160760,James Gray,Incident,Power outage,Log incident,Escalated,17-05-2024,17-05-2024,Brandon Jones,Power outage reported by user.
2198,669142,Krista Rodriguez,Incident,Printer malfunction in office,Test print,Resolved,01-04-2024,03-05-2025,Matthew Burgess,Printer malfunction in office reported by user.
2199,949291,Trevor Miller,Storage,Backup failed,Verify storage availability,Pending,14-04-2024,14-04-2024,Brad Nelson,Backup failed reported by user.
2200,314714,Marie Brown,Network,DNS not resolving,Ping DNS to test,Resolved,09-12-2025,06-01-2026,Daniel Chan,DNS not resolving reported by user.
2201,135506,Jaclyn Holt,Security,User account compromised,Review login history,Pending,05-08-2025,05-08-2025,John Bradshaw,User account compromised reported by user.
2202,243876,Michelle Hughes,Requests,Request new monitor,Check inventory,Escalated,05-03-2024,05-03-2024,Jackson Brown,Request new monitor reported by user.
2203,541522,John Wagner,Hardware,Laptop not starting,Replace faulty battery,Pending,11-02-2025,11-02-2025,Gloria Williamson,Laptop not starting reported by user.
2204,645980,Daniel Adams,Configuration,Wi-Fi setup for new office,Configure router SSID and password,Resolved,30-01-2026,03-02-2026,Evelyn Johnson,Wi-Fi setup for new office reported by user.
2205,248995,Bonnie Smith,Network,Scanner not working,Test with another computer,Escalated,07-07-2024,07-07-2024,Andrew Matthews,Scanner not working reported by user.
2206,513405,Karen Smith,Storage,Backup failed,Check backup software logs,Escalated,24-10-2024,24-10-2024,Alan Forbes,Backup failed reported by user.
2207,76456,Frances Escobar,Hardware,Laptop not starting,Disconnect peripherals and retry,Escalated,10-03-2025,10-03-2025,Samantha Williams,Laptop not starting reported by user.
2208,177816,Joseph Moore,Performance,Slow login times,Clear cached credentials,Resolved,07-02-2025,22-12-2025,Andrew Carter,Slow login times reported by user.
2209,135170,Rebecca Stein,Requests,Software installation,Notify user,Resolved,19-06-2024,05-11-2024,Christopher Bradley,Software installation reported by user.
2210,466550,Shawna Kane,Security,Forgotten password,Unlock account temporarily,Escalated,05-08-2025,05-08-2025,Antonio Nelson,Forgotten password reported by user.
2211,413617,Michael Scott,Service,Email not syncing,Check mailbox size,Escalated,19-04-2024,19-04-2024,Megan Johnson,Email not syncing reported by user.
2212,459384,Noah Vargas,Network,Internet not working,Ping gateway to test,Resolved,29-09-2024,23-06-2025,William Blair,Internet not working reported by user.
2213,115534,Patricia Flores,Incident,Server outage,Document incident,Resolved,17-07-2025,28-07-2025,Karen Hayes,Server outage reported by user.
2214,409077,Kimberly Schmidt,Performance,High CPU usage,Update drivers,Escalated,10-12-2025,10-12-2025,Sara Velez,High CPU usage reported by user.
2215,714750,Aaron Madden,Service,Software update failed,Check internet connection,Escalated,11-05-2025,11-05-2025,Rebecca Fleming,Software update failed reported by user.
2216,165890,Victor Moore,Network,DNS not resolving,Restart network adapter,Escalated,14-06-2024,14-06-2024,Roberto Alvarez,DNS not resolving reported by user.
2217,324683,Dawn Patel,Service,Cloud service down,Check service status page,Escalated,06-01-2026,06-01-2026,Angela Collins,Cloud service down reported by user.
2218,848206,Sean Turner,Configuration,New printer installation,Update firmware,Pending,21-10-2024,21-10-2024,Gary Gregory,New printer installation reported by user.
2219,590522,Melissa White,Configuration,Email client configuration,Check firewall settings,Escalated,29-08-2024,29-08-2024,Kristen Tyler,Email client configuration reported by user.
2220,258664,Derek Ortiz,Security,Suspicious login,Escalate to security team,Escalated,11-04-2024,11-04-2024,Lynn Patterson,Suspicious login reported by user.
2221,98563,Carolyn Conner,Storage,Backup not completing,Check network connection,Escalated,23-04-2025,23-04-2025,Raymond Ramirez,Backup not completing reported by user.
2222,778437,Andrew Harrison,Requests,Request new software license,Check compliance,Escalated,12-12-2024,12-12-2024,Jeffrey Patrick,Request new software license reported by user.
2223,63573,Rachel Paul,Requests,Hardware request,Update inventory record,Escalated,05-04-2024,05-04-2024,Hannah Douglas,Hardware request reported by user.
2224,345523,Barbara Bruce,Network,Scanner not working,Check USB connection,Escalated,21-01-2025,21-01-2025,Stuart Cannon,Scanner not working reported by user.
2225,688980,Brandon Nguyen,Performance,Slow internet speed,Check for bandwidth hogs,Pending,31-05-2025,31-05-2025,Gregory Davenport,Slow internet speed reported by user.
2226,64411,Mr. Christopher Silva Jr.,Hardware,Ethernet cable not detected,Restart network adapter,Resolved,17-12-2025,22-12-2025,Jenna Wright,Ethernet cable not detected reported by user.
2227,948088,Ryan Blankenship,Hardware,Laptop not starting,Boot in safe mode,Escalated,08-09-2025,08-09-2025,Amy Glover,Laptop not starting reported by user.
2228,92709,Peter Jones,Service,Software update failed,Check internet connection,Pending,22-09-2025,22-09-2025,Steven Nelson,Software update failed reported by user.
2229,867330,Jamie Lee,Storage,Cannot save to network drive,Verify network connectivity,Pending,23-11-2025,23-11-2025,Rachel Phillips,Cannot save to network drive reported by user.
2230,955801,John Davis,Incident,Power outage,Use UPS,Pending,18-08-2024,18-08-2024,Alicia Rodriguez,Power outage reported by user.
2231,805428,Garrett Turner,Incident,Server outage,Communicate downtime to users,Escalated,17-12-2025,17-12-2025,Megan Thomas,Server outage reported by user.
2232,556908,Curtis Moore,Security,Unauthorized USB device,Notify user,Escalated,17-05-2025,17-05-2025,Tammy Gonzalez,Unauthorized USB device reported by user.
2233,976463,Sarah Scott,Hardware,Frequent network dropouts,Reset network settings,Escalated,11-12-2025,11-12-2025,Travis Martinez,Frequent network dropouts reported by user.
2234,672376,Arthur Braun,Incident,Power outage,Escalate if prolonged,Resolved,12-02-2026,20-02-2026,Amanda Fox,Power outage reported by user.
2235,808778,Anthony Rosario,Incident,Printer malfunction in office,Restart printer,Pending,02-01-2026,02-01-2026,Sheena James,Printer malfunction in office reported by user.
2236,746636,Matthew Woods,Storage,Backup not completing,Check network connection,Escalated,07-01-2025,07-01-2025,David Smith,Backup not completing reported by user.
2237,884108,Alexis James,Configuration,New printer installation,Install driver software,Escalated,10-05-2024,10-05-2024,Blake Chung,New printer installation reported by user.
2238,658053,Joy Marquez,Incident,Power outage,Notify facilities team,Escalated,03-03-2025,03-03-2025,Christopher Diaz,Power outage reported by user.
2239,731902,Jennifer Baldwin,Security,Account locked,Unlock account via admin console,Pending,07-10-2024,07-10-2024,Dylan Cervantes,Account locked reported by user.
2240,861050,Juan Dominguez,Incident,Power outage,Log incident,Escalated,11-01-2026,11-01-2026,Jacqueline Anderson,Power outage reported by user.
2241,780123,Kerry Powell,Storage,Backup failed,Check file access rights,Escalated,22-12-2025,22-12-2025,Justin Wolfe,Backup failed reported by user.
2242,526167,Elizabeth Brewer,Storage,Backup not completing,Update backup software,Escalated,08-10-2025,08-10-2025,Brooke Lee,Backup not completing reported by user.
2243,558603,Kevin Harris,Performance,Computer overheating,Check for blocked airflow,Resolved,03-05-2024,21-02-2026,Wayne Hamilton,Computer overheating reported by user.
2244,723496,Anne Rogers,Service,Cannot access email from mobile,Check network connectivity,Resolved,15-01-2025,27-06-2025,Eric Rivera,Cannot access email from mobile reported by user.
2245,148419,Donna Jones,Service,Cannot access email from mobile,Re-add account,Pending,17-03-2025,17-03-2025,Beth Munoz,Cannot access email from mobile reported by user.
2246,930819,Christine Johnston,Requests,Request new software license,Install software,Resolved,18-02-2026,20-02-2026,Joanne Woodard,Request new software license reported by user.
2247,666493,Dustin Powers,Hardware,Keyboard not working,Clean keyboard from dust,Resolved,30-03-2024,10-02-2026,Ashley Mcintosh,Keyboard not working reported by user.
2248,718027,William Crosby,Requests,Software installation,Check compatibility,Resolved,10-01-2026,05-02-2026,Aaron Gonzalez,Software installation reported by user.
2249,721124,Brandon Ward,Performance,Computer overheating,Reduce heavy apps,Escalated,25-09-2025,25-09-2025,Gregory Price,Computer overheating reported by user.
2250,318349,Christopher Young,Performance,Computer overheating,Check for blocked airflow,Resolved,17-08-2025,17-02-2026,Mark Holt,Computer overheating reported by user.
2251,561007,Steven Arnold,Performance,High CPU usage,Adjust performance settings,Pending,15-02-2025,15-02-2025,Marie Richardson,High CPU usage reported by user.
2252,651477,Melissa Brown,Configuration,Printer setup,Install printer driver,Pending,04-11-2025,04-11-2025,Lauren Harrison,Printer setup reported by user.
2253,253841,Randy Parker,Service,Email not syncing,Check network connectivity,Resolved,08-06-2025,09-08-2025,Brandon Stokes,Email not syncing reported by user.
2254,708594,Noah Buck,Storage,Backup not completing,Retry backup manually,Pending,15-08-2025,15-08-2025,Sarah Lawrence,Backup not completing reported by user.
2255,521524,Christina Camacho,Service,Cloud storage syncing issue,Update client software,Pending,09-07-2024,09-07-2024,Erin Wilson,Cloud storage syncing issue reported by user.
2256,543923,Darren Mckee,Security,Phishing email reported,Notify IT security team,Pending,12-11-2025,12-11-2025,Joshua Mathews,Phishing email reported reported by user.
2257,192344,James Davis,Network,Internet not working,Check ISP status,Pending,07-06-2025,07-06-2025,Deborah Ramirez PhD,Internet not working reported by user.
2258,352847,Brian Howell,Requests,Access request for shared folder,Document request,Pending,16-12-2024,16-12-2024,Wendy Clark,Access request for shared folder reported by user.
2259,407956,Nathan Moreno,Hardware,Ethernet cable not detected,Check NIC settings,Pending,06-05-2024,06-05-2024,Matthew Frost,Ethernet cable not detected reported by user.
2260,769757,Amber Smith,Configuration,Wi-Fi setup for new office,Update router firmware,Escalated,10-03-2024,10-03-2024,Sara Gallagher,Wi-Fi setup for new office reported by user.
2261,618551,Brittany Owen,Network,Wi-Fi slow,Move closer to access point,Pending,15-12-2024,15-12-2024,Joshua Garcia,Wi-Fi slow reported by user.
2262,878535,Pamela Gutierrez,Requests,Software installation,Install approved software,Pending,30-03-2024,30-03-2024,Alicia Riley,Software installation reported by user.
2263,462860,Wendy Davis,Network,Mouse not responding,Try a different port,Escalated,11-10-2025,11-10-2025,Anne Harrell,Mouse not responding reported by user.
2264,750339,Danielle Mcconnell,Performance,Computer overheating,Reduce heavy apps,Pending,02-06-2025,02-06-2025,Regina Johnson,Computer overheating reported by user.
2265,295337,Brandon Hood,Performance,Application freezing,Close other programs,Resolved,04-05-2024,18-11-2024,Patrick Turner,Application freezing reported by user.
2266,485873,Jose Barnett,Incident,Server outage,Restart server,Escalated,21-08-2025,21-08-2025,John Brown,Server outage reported by user.
2267,120764,Douglas Gonzalez,Performance,Application freezing,Reinstall application,Resolved,04-10-2024,24-02-2025,Karen Pruitt,Application freezing reported by user.
2268,818084,Mary Farrell,Storage,Cannot access shared drive,Restart computer,Resolved,20-04-2025,25-04-2025,Scott Green,Cannot access shared drive reported by user.
2269,77280,Victoria Black,Security,Suspicious login,Review login history,Escalated,19-04-2024,19-04-2024,Sharon James,Suspicious login reported by user.
2270,545013,Amy Rose,Storage,Backup not completing,Check logs for errors,Pending,29-09-2025,29-09-2025,Stacey Hunt,Backup not completing reported by user.
2271,293817,Mark Woods,Network,Internet not working,Check IP settings,Resolved,26-03-2024,29-04-2025,Alexis Johnson,Internet not working reported by user.
2272,493726,Robert Steele,Requests,Hardware request,Assign hardware from inventory,Escalated,30-01-2025,30-01-2025,Kenneth Walker PhD,Hardware request reported by user.
2273,521485,Veronica Perkins,Security,Phishing email reported,Quarantine email,Pending,08-01-2025,08-01-2025,Christina Velazquez,Phishing email reported reported by user.
2274,24513,Scott Smith,Configuration,New device setup,Test device connectivity,Pending,05-05-2025,05-05-2025,Kristin Ray,New device setup reported by user.
2275,288195,Kenneth Johnson,Storage,Cannot save to network drive,Verify network connectivity,Resolved,05-01-2025,31-01-2025,Emily Rogers,Cannot save to network drive reported by user.
2276,641226,Carrie Brown,Hardware,Battery draining fast,Check for malware,Escalated,20-10-2024,20-10-2024,Heather Day,Battery draining fast reported by user.
2277,515325,Angela Obrien,Requests,Request new monitor,Notify user,Pending,25-08-2025,25-08-2025,Edward Carter,Request new monitor reported by user.
2278,39762,David Mills,Requests,Access request for shared folder,Test access,Resolved,08-02-2025,01-01-2026,Jimmy Rocha,Access request for shared folder reported by user.
2279,325344,Angela Jones,Security,Forgotten password,Unlock account temporarily,Pending,15-06-2024,15-06-2024,Stephanie Huynh,Forgotten password reported by user.
2280,337899,Joshua Carter,Service,Cloud service down,Verify account access,Escalated,17-03-2024,17-03-2024,Matthew Velazquez,Cloud service down reported by user.
2281,157956,Jennifer Rogers,Requests,Software installation,Notify user,Resolved,30-01-2026,03-02-2026,Jay Payne,Software installation reported by user.
2282,401641,Michael Daniels,Security,Suspicious login,Force password reset,Resolved,08-04-2025,13-01-2026,Deborah Johnson,Suspicious login reported by user.
2283,564430,Curtis Turner,Incident,Printer malfunction in office,Contact vendor support,Pending,19-08-2025,19-08-2025,Monique Lang,Printer malfunction in office reported by user.
2284,238915,Shane Perez,Requests,Hardware request,Deliver hardware to user,Resolved,10-06-2025,06-01-2026,Jennifer Weber,Hardware request reported by user.
2285,438812,James Gonzales,Storage,Backup failed,Retry backup,Pending,07-04-2025,07-04-2025,Anthony Harrison,Backup failed reported by user.
2286,802094,Shannon Navarro,Configuration,Wi-Fi setup for new office,Document configuration,Pending,26-05-2024,26-05-2024,Elizabeth Branch,Wi-Fi setup for new office reported by user.
2287,692411,Alejandra Rose,Configuration,Email client configuration,Enable SSL/TLS,Escalated,26-04-2024,26-04-2024,Nicole Brown,Email client configuration reported by user.
2288,478946,James Carter,Hardware,Keyboard not working,Reconnect USB port,Escalated,09-12-2024,09-12-2024,Dr. Steven Lee,Keyboard not working reported by user.
2289,128190,Brian Freeman,Incident,Printer malfunction in office,Contact vendor support,Pending,12-11-2025,12-11-2025,Johnny Gibson,Printer malfunction in office reported by user.
2290,68603,Andrea Kent,Security,Unauthorized USB device,Notify user,Escalated,13-04-2025,13-04-2025,Henry Foster,Unauthorized USB device reported by user.
2291,778823,Karl Edwards,Network,Cannot access internal portal,Check VPN connection,Pending,16-01-2026,16-01-2026,Daniel Jones,Cannot access internal portal reported by user.
2292,758965,Amanda Gomez,Performance,Slow internet speed,Check for bandwidth hogs,Resolved,19-01-2026,19-01-2026,Kenneth Tran,Slow internet speed reported by user.
2293,99149,Stephanie Quinn,Network,Internet not working,Disable firewall temporarily,Escalated,12-09-2025,12-09-2025,Mary Becker,Internet not working reported by user.
2294,312626,Edwin Armstrong,Storage,Cannot save to network drive,Verify network connectivity,Resolved,25-09-2025,25-09-2025,Tammy Hunter,Cannot save to network drive reported by user.
2295,463492,Tracy Flores,Requests,Access request for shared folder,Document request,Pending,20-03-2024,20-03-2024,Jonathan Johnson,Access request for shared folder reported by user.
2296,908793,Cody Nelson,Hardware,Ethernet cable not detected,Check NIC settings,Escalated,23-06-2025,23-06-2025,Cory Miller,Ethernet cable not detected reported by user.
2297,941747,Zachary Edwards,Requests,Request new software license,Notify user,Pending,23-11-2025,23-11-2025,Pamela Kirby,Request new software license reported by user.
2298,933020,Derek Simmons,Incident,Server outage,Communicate downtime to users,Resolved,25-07-2024,11-06-2025,Donald Alvarez,Server outage reported by user.
2299,940454,Carla Daugherty,Security,Forgotten password,Escalate to admin if needed,Pending,20-03-2025,20-03-2025,Andrew Cox MD,Forgotten password reported by user.
2300,920808,Jose Vaughan PhD,Configuration,Wi-Fi setup for new office,Test signal coverage,Escalated,03-05-2025,03-05-2025,Chase Simpson,Wi-Fi setup for new office reported by user.
2301,206154,Hailey Garza,Performance,Computer running slow,Run malware scan,Resolved,14-11-2024,04-11-2025,Bryce Hale,Computer running slow reported by user.
2302,617423,Jennifer Hawkins,Incident,Server outage,Communicate downtime to users,Resolved,25-01-2026,20-02-2026,Jeremy Elliott,Server outage reported by user.
2303,983746,Valerie Johnson,Storage,Low disk space,Request additional storage,Escalated,27-08-2024,27-08-2024,April Simon,Low disk space reported by user.
2304,51898,Nicole Callahan,Network,Cannot access internal portal,Restart browser,Resolved,14-03-2024,01-09-2025,Shannon Gomez,Cannot access internal portal reported by user.
2305,175250,Latasha Butler,Hardware,Ethernet cable not detected,Check cable connection,Pending,28-07-2024,28-07-2024,Justin Salinas,Ethernet cable not detected reported by user.
2306,218455,Shannon Cameron,Configuration,Email client configuration,Update email client,Pending,15-12-2025,15-12-2025,Mary Figueroa,Email client configuration reported by user.
2307,418041,William Orr,Hardware,Ethernet cable not detected,Replace faulty cable,Escalated,04-02-2026,04-02-2026,Sharon Kaufman,Ethernet cable not detected reported by user.
2308,921408,Danielle Gray,Configuration,Email client configuration,Restart client,Pending,23-08-2024,23-08-2024,Jessica Cardenas,Email client configuration reported by user.
2309,925716,Ryan Parsons,Service,Cannot access email from mobile,Update email app,Escalated,08-07-2024,08-07-2024,Donna Nichols,Cannot access email from mobile reported by user.
2310,91188,Kristin Downs DDS,Performance,Slow login times,Verify account permissions,Pending,01-03-2025,01-03-2025,Daisy Smith,Slow login times reported by user.
2311,929021,Marvin Alexander,Performance,High CPU usage,Restart computer,Escalated,08-06-2024,08-06-2024,Victor Tran,High CPU usage reported by user.
2312,121041,Danny Brennan,Requests,Hardware request,Verify model compatibility,Resolved,12-01-2025,23-01-2026,Mark Bradley,Hardware request reported by user.
2313,302380,Nicholas Robertson,Security,User account compromised,Enable MFA,Resolved,25-04-2025,02-07-2025,Daniel Richmond,User account compromised reported by user.
2314,905004,Mr. Joshua Jensen Jr.,Network,Internet not working,Check cable connections,Pending,10-05-2025,10-05-2025,Brian Cervantes,Internet not working reported by user.
2315,373064,Jasmine Hamilton,Hardware,Battery draining fast,Calibrate battery,Escalated,19-01-2025,19-01-2025,Joyce Park,Battery draining fast reported by user.
2316,197037,Jeffrey Stevens,Requests,Hardware request,Notify user,Escalated,13-08-2025,13-08-2025,Matthew Jenkins,Hardware request reported by user.
2317,192303,Jennifer Ruiz,Requests,Request new software license,Notify user,Escalated,07-08-2024,07-08-2024,Brittany Wiggins,Request new software license reported by user.
2318,932686,Katrina Lee,Hardware,Cannot connect to Wi-Fi network,Restart router,Resolved,12-11-2025,23-12-2025,Stacey Powell,Cannot connect to Wi-Fi network reported by user.
2319,522231,Ronald Middleton,Performance,Slow login times,Check network speed,Resolved,17-03-2024,07-04-2025,Susan Bailey,Slow login times reported by user.
2320,927183,Eric Powers,Service,Software update failed,Temporarily disable antivirus,Resolved,27-09-2025,09-10-2025,Lori Young,Software update failed reported by user.
2321,233239,Brian Hart,Performance,Computer overheating,Reduce heavy apps,Resolved,20-01-2026,06-02-2026,Penny Alvarez,Computer overheating reported by user.
2322,763867,Michael Wolfe,Storage,Shared folder access denied,Check group policies,Resolved,13-04-2025,10-02-2026,Virginia Boyd,Shared folder access denied reported by user.
2323,769825,Patricia Jones,Service,Cloud storage syncing issue,Verify account login,Resolved,18-12-2025,17-01-2026,Jessica Rogers,Cloud storage syncing issue reported by user.
2324,810020,Carol Reynolds,Security,User account compromised,Check for malware,Pending,16-01-2026,16-01-2026,Diana Perez,User account compromised reported by user.
2325,712864,Emma Duncan,Security,User account compromised,Notify user of suspicious activity,Resolved,27-07-2024,21-08-2024,Garrett Simpson,User account compromised reported by user.
2326,33166,Michele Malone,Storage,Low disk space,Compress files,Resolved,02-02-2025,03-07-2025,Russell Guzman,Low disk space reported by user.
2327,258348,Judy Martinez,Storage,Backup not completing,Test backup on another machine,Resolved,07-01-2025,29-05-2025,Daniel Quinn Jr.,Backup not completing reported by user.
2328,210059,Lisa Hernandez,Network,Wi-Fi slow,Move closer to access point,Pending,01-07-2025,01-07-2025,Derrick Griffin,Wi-Fi slow reported by user.
2329,252130,Rebecca Johnson,Performance,High CPU usage,Restart computer,Resolved,24-05-2025,26-12-2025,Carlos Warner,High CPU usage reported by user.
2330,84494,Kelly Horton,Network,Mouse not responding,Try a different port,Escalated,01-02-2025,01-02-2025,Michael Harris,Mouse not responding reported by user.
2331,13805,Eddie Phillips,Configuration,New printer installation,Install driver software,Escalated,29-10-2025,29-10-2025,Lisa Webb,New printer installation reported by user.
2332,443961,William Williams,Configuration,New device setup,Install required applications,Pending,30-03-2025,30-03-2025,William Anderson,New device setup reported by user.
2333,206725,Debbie Jackson,Configuration,New device setup,Apply security policies,Pending,16-02-2026,16-02-2026,Christian Harrison,New device setup reported by user.
2334,104814,Monica Thompson,Network,Printer jam,Test printer with another PC,Pending,11-07-2024,11-07-2024,Joshua Wilson,Printer jam reported by user.
2335,422155,Teresa Reed,Service,Email not syncing,Clear cache and cookies,Pending,01-07-2024,01-07-2024,Anthony Rangel,Email not syncing reported by user.
2336,145902,Douglas Morris,Storage,Backup not completing,Verify storage availability,Pending,06-02-2026,06-02-2026,Suzanne Thompson,Backup not completing reported by user.
2337,718260,Todd Johnson,Network,Wi-Fi slow,Update Wi-Fi driver,Escalated,15-07-2025,15-07-2025,Shane Wood,Wi-Fi slow reported by user.
2338,387324,Sharon Wu,Configuration,Wi-Fi setup for new office,Update router firmware,Pending,19-01-2026,19-01-2026,Jodi Mitchell,Wi-Fi setup for new office reported by user.
2339,581844,Colton Hernandez,Requests,Hardware request,Deliver hardware to user,Escalated,01-03-2024,01-03-2024,Phyllis Downs,Hardware request reported by user.
2340,132055,Lee Griffin Jr.,Incident,Power outage,Resume work once power restored,Escalated,21-01-2025,21-01-2025,Janet Webb,Power outage reported by user.
2341,626035,Brandon Mercer,Requests,Access request for shared folder,Document request,Resolved,12-03-2024,21-05-2024,Stephanie Le,Access request for shared folder reported by user.
2342,731958,Levi Evans,Incident,Power outage,Verify safety protocols,Escalated,01-09-2024,01-09-2024,Jenny Oliver,Power outage reported by user.
2343,874653,Jessica Pratt,Service,Email not syncing,Check server settings,Pending,13-09-2025,13-09-2025,Wendy Lee,Email not syncing reported by user.
2344,52930,Lisa Martinez,Network,Mouse not responding,Restart computer,Escalated,15-05-2025,15-05-2025,Michael Miller,Mouse not responding reported by user.
2345,878526,Eric Rogers,Incident,Printer malfunction in office,Restart printer,Resolved,11-11-2025,09-12-2025,Cynthia Smith,Printer malfunction in office reported by user.
2346,436830,Amber Sosa,Requests,Request new monitor,Deliver and test monitor,Pending,15-05-2025,15-05-2025,James Phillips,Request new monitor reported by user.
2347,968345,Barbara Crawford,Incident,Printer malfunction in office,Check printer connection,Pending,30-06-2025,30-06-2025,Travis Frye,Printer malfunction in office reported by user.
2348,806369,Jonathan Olsen,Storage,Cannot save to network drive,Check disk space,Escalated,17-09-2025,17-09-2025,William Jackson,Cannot save to network drive reported by user.
2349,136578,James Gibbs,Security,Forgotten password,Issue temporary password,Escalated,16-11-2024,16-11-2024,Mark Edwards,Forgotten password reported by user.
2350,894980,Jill Collins,Storage,Shared folder access denied,Restart computer,Resolved,24-11-2025,17-01-2026,Olivia Davis,Shared folder access denied reported by user.
2351,391192,Mark Terry,Service,Cloud service down,Restart application,Resolved,13-12-2024,15-10-2025,Sandra Wilson,Cloud service down reported by user.
2352,300651,Jose Aguilar,Storage,Shared folder access denied,Verify network connectivity,Resolved,28-01-2025,30-06-2025,Rebecca Haynes,Shared folder access denied reported by user.
2353,51451,Dennis Harper,Service,Internal web portal not opening,Check network connectivity,Escalated,07-09-2024,07-09-2024,Julie Martinez,Internal web portal not opening reported by user.
2354,208406,Christine Carroll,Configuration,New printer installation,Install driver software,Escalated,27-01-2026,27-01-2026,Tina Suarez,New printer installation reported by user.
2355,11171,Kristen Sanders,Performance,Slow internet speed,Check for interference,Escalated,08-10-2025,08-10-2025,Angel Petersen,Slow internet speed reported by user.
2356,633570,Thomas Rios,Incident,Server outage,Communicate downtime to users,Pending,28-03-2024,28-03-2024,Felicia Huber,Server outage reported by user.
2357,112575,Sheila Tucker,Service,Cannot access email from mobile,Clear cache,Resolved,29-09-2025,18-11-2025,Kelly Taylor,Cannot access email from mobile reported by user.
2358,971112,Anthony Higgins,Configuration,Email client configuration,Verify credentials,Resolved,29-07-2025,27-08-2025,Nicholas Martin,Email client configuration reported by user.
2359,974077,Steven Boyd,Service,Cloud service down,Check service status page,Resolved,09-09-2025,18-11-2025,Elizabeth Hall,Cloud service down reported by user.
2360,873165,Connie Patel,Network,Internet not working,Ping gateway to test,Resolved,02-04-2025,04-08-2025,Alisha Patel,Internet not working reported by user.
2361,296913,Maria Rivera DVM,Requests,Software installation,Document installation,Pending,27-09-2024,27-09-2024,Jill Patel,Software installation reported by user.
2362,920222,Jeffrey Li,Service,Software update failed,Check internet connection,Escalated,03-06-2025,03-06-2025,Kara Mendoza,Software update failed reported by user.
2363,633518,Joshua Smith,Requests,Hardware request,Assign hardware from inventory,Resolved,03-12-2024,19-04-2025,Brianna Carlson,Hardware request reported by user.
2364,342852,Carla Snyder,Storage,Backup failed,Retry backup,Resolved,13-03-2024,10-01-2026,Carol Jenkins,Backup failed reported by user.
2365,778867,Sherry Mata,Configuration,New device setup,Configure network settings,Resolved,06-12-2024,11-01-2026,Jennifer Lindsey,New device setup reported by user.
2366,676725,Kevin Horn,Hardware,Monitor flickering,Replace cable,Escalated,20-12-2024,20-12-2024,Lawrence Perez,Monitor flickering reported by user.
2367,869579,Mr. William Smith,Hardware,Battery draining fast,Disable unnecessary background apps,Escalated,15-02-2025,15-02-2025,Eric Gonzales,Battery draining fast reported by user.
2368,495760,Angela Wright,Security,Phishing email reported,Scan system for malware,Resolved,11-02-2025,22-10-2025,Catherine Anderson,Phishing email reported reported by user.
2369,501893,Mr. Thomas Valentine,Performance,Computer overheating,Update BIOS/firmware,Resolved,10-02-2026,13-02-2026,Lori Alvarez,Computer overheating reported by user.
2370,633871,Jennifer Wells,Configuration,Email client configuration,Enter correct server settings,Pending,10-01-2026,10-01-2026,Samuel Hall,Email client configuration reported by user.
2371,953182,Jennifer Fields,Service,Cloud storage syncing issue,Check internet connection,Resolved,18-02-2026,19-02-2026,Erica Thompson,Cloud storage syncing issue reported by user.
2372,401636,Jenna Brown,Security,Account locked,Contact security team,Resolved,27-02-2025,15-03-2025,Jennifer Craig,Account locked reported by user.
2373,80442,Angel Turner,Configuration,New printer installation,Check permissions,Escalated,28-12-2025,28-12-2025,Dr. Cody Walker,New printer installation reported by user.
2374,528331,Patrick Rodriguez,Service,Email not syncing,Check network connectivity,Resolved,21-05-2024,13-02-2025,Rebecca Velez,Email not syncing reported by user.
2375,186108,Julie Brown,Hardware,Frequent network dropouts,Check interference from devices,Pending,13-08-2024,13-08-2024,Mark Holmes,Frequent network dropouts reported by user.
2376,272409,Kyle Chambers,Performance,Computer overheating,Clean fans and vents,Resolved,15-07-2025,14-08-2025,Sierra Bailey,Computer overheating reported by user.
2377,368828,John Johnson,Security,Unauthorized USB device,Scan for malware,Escalated,19-02-2025,19-02-2025,Justin George,Unauthorized USB device reported by user.
2378,651708,Gabrielle Ellison,Performance,Slow internet speed,Update network drivers,Pending,17-01-2025,17-01-2025,Mariah Juarez,Slow internet speed reported by user.
2379,287624,Rebecca Williamson,Performance,Slow login times,Check domain controller status,Resolved,09-03-2024,19-12-2025,Crystal Thomas,Slow login times reported by user.
2380,433193,Scott Burgess,Service,Cannot access email from mobile,Verify credentials,Pending,16-02-2026,16-02-2026,Patrick Duran,Cannot access email from mobile reported by user.
2381,834541,Jennifer Davis,Service,Internal web portal not opening,Check portal URL,Resolved,23-11-2025,12-02-2026,Lauren Taylor,Internal web portal not opening reported by user.
2382,713544,Zachary Li,Network,Scanner not working,Check USB connection,Resolved,12-09-2025,17-02-2026,Luis Schmidt,Scanner not working reported by user.
2383,312419,Dawn Hill,Incident,Power outage,Resume work once power restored,Resolved,30-11-2024,20-01-2025,Anthony Glass,Power outage reported by user.
2384,926398,Michele Cuevas,Incident,Power outage,Check equipment after restart,Resolved,08-05-2024,13-06-2025,Jonathan Washington,Power outage reported by user.
2385,809381,Craig Tran,Security,User account compromised,Force password reset,Pending,14-12-2025,14-12-2025,Brianna Harris,User account compromised reported by user.
2386,441847,Mary Stout,Hardware,Laptop not starting,Test with another power outlet,Pending,05-03-2025,05-03-2025,Andrea Gonzalez,Laptop not starting reported by user.
2387,32484,Amber Ruiz,Storage,Low disk space,Uninstall unused programs,Resolved,06-09-2024,27-11-2025,Travis Hughes,Low disk space reported by user.
2388,665634,Diane James,Storage,Shared folder access denied,Check folder permissions,Resolved,27-12-2025,04-01-2026,Virginia Jones,Shared folder access denied reported by user.
2389,804292,Christopher Smith,Performance,High CPU usage,Update drivers,Escalated,16-12-2025,16-12-2025,Brittany Mitchell,High CPU usage reported by user.
2390,486240,Rebecca Fry,Storage,Shared folder access denied,Check folder permissions,Pending,04-12-2025,04-12-2025,Heather Fisher,Shared folder access denied reported by user.
2391,872355,Patricia Lara,Configuration,Email client configuration,Check firewall settings,Resolved,30-07-2024,11-07-2025,Tim Stein,Email client configuration reported by user.
2392,644760,Erin Jones,Requests,Software installation,Document installation,Escalated,09-05-2025,09-05-2025,Rebecca Jordan,Software installation reported by user.
2393,346638,Brenda Oneal,Network,Printer jam,Test printer with another PC,Pending,06-06-2024,06-06-2024,Jennifer Holder,Printer jam reported by user.
2394,339341,Brandon Smith,Network,Printer jam,Check for foreign objects,Escalated,29-10-2025,29-10-2025,Rachel Fitzpatrick,Printer jam reported by user.
2395,600386,Lisa Cardenas,Requests,Software installation,Configure settings,Pending,19-04-2025,19-04-2025,Keith Ross,Software installation reported by user.
2396,60027,Catherine Cooper,Network,VPN not connecting,Update VPN certificate,Pending,10-01-2026,10-01-2026,Marcus Johnson,VPN not connecting reported by user.
2397,577817,Joseph Woodard MD,Network,Scanner not working,Update scanner driver,Escalated,04-09-2025,04-09-2025,Charles Torres,Scanner not working reported by user.
2398,511670,Adam Owens,Storage,Backup failed,Retry backup,Resolved,16-01-2025,20-12-2025,Bethany Castaneda,Backup failed reported by user.
2399,628162,Sharon Johnson,Security,Phishing email reported,Report to security compliance,Resolved,14-02-2026,16-02-2026,Rebekah Chan,Phishing email reported reported by user.
2400,417642,Denise Vazquez,Hardware,Frequent network dropouts,Reset network settings,Resolved,28-12-2025,20-01-2026,Jennifer Stephens,Frequent network dropouts reported by user.
2401,898897,Martin Rojas,Security,Unauthorized USB device,Check security policy,Escalated,27-07-2024,27-07-2024,Shane Coleman,Unauthorized USB device reported by user.
2402,560392,Dennis Williams,Network,IP conflict,Assign static IP,Escalated,27-09-2024,27-09-2024,Bradley Williams,IP conflict reported by user.
2403,647727,Lauren Gilbert,Requests,Software installation,Document installation,Escalated,28-04-2025,28-04-2025,Tony Greene,Software installation reported by user.
2404,100482,Richard Johnson,Service,Email not syncing,Re-add account,Pending,03-08-2024,03-08-2024,Patrick Davis,Email not syncing reported by user.
2405,887675,Erin Brown,Hardware,Laptop not starting,Disconnect peripherals and retry,Escalated,17-01-2026,17-01-2026,Steven Stewart,Laptop not starting reported by user.
2406,269393,Joshua Hill,Performance,Slow internet speed,Restart router,Pending,11-09-2024,11-09-2024,Tracy Davenport,Slow internet speed reported by user.
2407,308607,Patricia Stevens,Network,Internet not working,Restart modem and router,Resolved,23-10-2024,10-11-2025,Ryan Jacobs,Internet not working reported by user.
2408,109751,Brian Moore,Network,Printer jam,Update printer driver,Escalated,10-01-2026,10-01-2026,Alyssa Gallagher,Printer jam reported by user.
2409,819582,Leslie Walter,Performance,Computer overheating,Check for malware,Escalated,08-03-2024,08-03-2024,Robert Davenport,Computer overheating reported by user.
2410,705366,Jasmine Campos,Service,Email not syncing,Clear cache and cookies,Resolved,22-10-2024,01-11-2024,Joseph Harvey,Email not syncing reported by user.
2411,241995,Tonya Hubbard,Storage,Cannot save to network drive,Test drive mapping,Escalated,21-12-2025,21-12-2025,Cheryl Mccormick,Cannot save to network drive reported by user.
2412,543534,Benjamin Boyd,Storage,Cannot save to network drive,Check for file locks,Escalated,29-02-2024,29-02-2024,Barbara Ward,Cannot save to network drive reported by user.
2413,570836,Mark Anthony,Hardware,Monitor flickering,Test monitor on another device,Escalated,15-05-2024,15-05-2024,Bradley Moore,Monitor flickering reported by user.
2414,927743,Michael Martinez,Network,VPN not connecting,Reboot computer,Escalated,26-06-2024,26-06-2024,Peter Soto,VPN not connecting reported by user.
2415,175930,Ashley Johnson,Hardware,Keyboard not working,Reconnect USB port,Pending,07-01-2025,07-01-2025,Michael Howell,Keyboard not working reported by user.
2416,158377,William Sims,Incident,Printer malfunction in office,Update driver,Escalated,03-11-2025,03-11-2025,Jay Johnson,Printer malfunction in office reported by user.
2417,928390,Shannon Rose,Performance,Computer running slow,Clear temp files,Pending,09-07-2025,09-07-2025,Jack Rollins,Computer running slow reported by user.
2418,369247,Chelsey Mays,Requests,Request new monitor,Check inventory,Escalated,04-04-2024,04-04-2024,Jason Thomas,Request new monitor reported by user.
2419,753094,Mrs. Laurie Holt,Security,Forgotten password,Unlock account temporarily,Resolved,07-11-2024,16-01-2026,Colin Walker,Forgotten password reported by user.
2420,78135,Christopher Scott,Network,DNS not resolving,Restart network adapter,Resolved,08-08-2025,30-12-2025,Melissa Reynolds MD,DNS not resolving reported by user.
2421,646622,Amy Gallegos,Requests,Hardware request,Notify user,Resolved,16-06-2024,15-10-2024,Trevor Hicks,Hardware request reported by user.
2422,630105,John Pruitt,Incident,Server outage,Notify IT team,Resolved,12-12-2024,29-10-2025,Joseph Figueroa,Server outage reported by user.
2423,506993,Jeanette Gill,Incident,Power outage,Use UPS,Resolved,19-02-2025,02-12-2025,Tanya Ferguson,Power outage reported by user.
2424,957291,Amanda Joseph,Performance,Slow internet speed,Check for bandwidth hogs,Escalated,28-08-2024,28-08-2024,Jason Perez,Slow internet speed reported by user.
2425,849962,Brianna Hamilton,Performance,Slow login times,Update login client,Pending,29-12-2025,29-12-2025,Thomas Rose,Slow login times reported by user.
2426,25842,William Bowers,Service,Software update failed,Manually download update,Pending,24-04-2025,24-04-2025,James Smith,Software update failed reported by user.
2427,258639,William Stewart,Configuration,Printer setup,Install printer driver,Resolved,16-07-2024,22-12-2025,Kristen Leonard,Printer setup reported by user.
2428,427935,Brittany Alexander,Performance,Slow login times,Check domain controller status,Resolved,01-10-2025,20-11-2025,Richard Walker,Slow login times reported by user.
2429,213709,Tonya Hill,Configuration,Wi-Fi setup for new office,Configure router SSID and password,Escalated,14-11-2024,14-11-2024,Brian White,Wi-Fi setup for new office reported by user.
2430,601361,Kathryn Nicholson,Network,DNS not resolving,Restart network adapter,Escalated,03-08-2025,03-08-2025,Matthew Daugherty,DNS not resolving reported by user.
2431,457899,William Maldonado,Storage,Backup not completing,Update backup software,Escalated,28-11-2025,28-11-2025,Jonathan Price,Backup not completing reported by user.
2432,904102,Margaret Patton,Requests,Request new monitor,Deliver and test monitor,Pending,20-11-2025,20-11-2025,Brandon Morris,Request new monitor reported by user.
2433,31043,Justin Sims,Performance,High CPU usage,Restart computer,Resolved,08-01-2026,31-01-2026,Scott Miranda,High CPU usage reported by user.
2434,427445,Melissa Lutz,Hardware,Battery draining fast,Replace battery,Pending,04-02-2026,04-02-2026,Kayla Forbes,Battery draining fast reported by user.
2435,411599,Joshua Walter,Service,Cloud storage syncing issue,Check storage quota,Escalated,03-06-2025,03-06-2025,Dr. Dorothy Johnson,Cloud storage syncing issue reported by user.
2436,513891,Marissa Lopez,Performance,High CPU usage,Close unnecessary apps,Escalated,03-03-2024,03-03-2024,Keith Meyer,High CPU usage reported by user.
2437,261537,Mitchell Bennett,Network,Internet not working,Check IP settings,Resolved,24-11-2025,24-11-2025,Michael Martin,Internet not working reported by user.
2438,824949,Anna Smith,Service,Internal web portal not opening,Check network connectivity,Escalated,18-09-2024,18-09-2024,Philip Brennan,Internal web portal not opening reported by user.
2439,48824,Karen Patterson,Security,Phishing email reported,Report to security compliance,Resolved,06-08-2024,28-10-2024,David Casey DDS,Phishing email reported reported by user.
2440,30592,Tanya Lee,Security,User account compromised,Notify user of suspicious activity,Resolved,13-06-2025,25-06-2025,Scott Bishop,User account compromised reported by user.
2441,410118,Allison Ritter,Hardware,Ethernet cable not detected,Check NIC settings,Resolved,30-06-2024,06-09-2025,Jorge Bryan,Ethernet cable not detected reported by user.
2442,660995,Rebecca Lynn,Network,Mouse not responding,Check USB/PS2 connection,Resolved,03-08-2024,22-09-2025,Tracy Ray,Mouse not responding reported by user.
2443,978920,Shane Roberts,Service,Cannot access email from mobile,Clear cache,Resolved,22-07-2025,23-10-2025,Douglas Scott,Cannot access email from mobile reported by user.
2444,55360,Gregory Arnold,Network,Printer jam,Test printer with another PC,Escalated,25-12-2024,25-12-2024,Jeffrey Shepherd,Printer jam reported by user.
2445,35959,Joseph Terry,Incident,Power outage,Check equipment after restart,Escalated,09-07-2025,09-07-2025,Cole Bennett,Power outage reported by user.
2446,416460,Thomas Graham,Requests,Hardware request,Notify user,Resolved,25-09-2024,07-11-2025,Andrew Wood,Hardware request reported by user.
2447,954098,Leon Erickson,Storage,Backup failed,Check network connection,Resolved,21-08-2025,05-12-2025,Michael Lewis,Backup failed reported by user.
2448,364274,Kimberly Morrow,Network,IP conflict,Restart router,Resolved,30-10-2024,28-04-2025,James Stephens,IP conflict reported by user.
2449,226364,Michelle Coleman,Performance,High CPU usage,Check for background updates,Escalated,11-09-2025,11-09-2025,Cindy Lewis,High CPU usage reported by user.
2450,795491,Steven Hernandez,Incident,Power outage,Verify safety protocols,Escalated,11-07-2024,11-07-2024,Kimberly Roberts,Power outage reported by user.
2451,842828,Maria Gallegos,Service,Cloud storage syncing issue,Reinstall sync client,Escalated,01-12-2025,01-12-2025,Bruce Smith,Cloud storage syncing issue reported by user.
2452,790036,Carlos Yoder,Incident,Printer malfunction in office,Replace toner or paper,Resolved,07-06-2024,21-04-2025,Shawn Atkins,Printer malfunction in office reported by user.
2453,428513,Jeanne Lee,Performance,Computer overheating,Check for blocked airflow,Resolved,16-05-2025,14-01-2026,Tracy Arnold,Computer overheating reported by user.
2454,673203,Jacob Brock,Requests,Hardware request,Deliver hardware to user,Resolved,15-01-2025,30-06-2025,Timothy Ford,Hardware request reported by user.
2455,734245,Eduardo Gallagher,Performance,Slow internet speed,Update network drivers,Pending,25-04-2025,25-04-2025,Kristen Martin,Slow internet speed reported by user.
2456,770533,Tabitha Lane,Configuration,New printer installation,Connect printer to network,Escalated,12-06-2024,12-06-2024,Kathryn Hall,New printer installation reported by user.
2457,361523,Timothy Anderson,Storage,Shared folder access denied,Verify network connectivity,Pending,21-12-2024,21-12-2024,Sophia Wagner,Shared folder access denied reported by user.
2458,705073,Kimberly Reid,Hardware,Cannot connect to Wi-Fi network,Check for MAC address filtering,Resolved,26-07-2024,11-05-2025,James Scott,Cannot connect to Wi-Fi network reported by user.
2459,926232,Katherine Boyer,Performance,Slow login times,Clear cached credentials,Resolved,19-08-2024,31-10-2024,David Rogers,Slow login times reported by user.
2460,909624,Sarah Dixon,Network,Scanner not working,Restart scanner service,Pending,03-12-2025,03-12-2025,Craig Newton,Scanner not working reported by user.
2461,310833,Dustin Fields,Requests,Hardware request,Verify model compatibility,Escalated,06-01-2026,06-01-2026,Daniel Love,Hardware request reported by user.
2462,783636,Brandon Mitchell,Requests,Request new monitor,Notify user,Pending,03-08-2024,03-08-2024,Yolanda Gonzalez,Request new monitor reported by user.
2463,59085,Jacob Jones,Service,Email not syncing,Restart computer,Pending,09-08-2024,09-08-2024,Michael Jackson,Email not syncing reported by user.
2464,504856,Peter Johnson DVM,Storage,Cannot save to network drive,Test drive mapping,Pending,24-08-2025,24-08-2025,Krystal Duffy,Cannot save to network drive reported by user.
2465,267703,George Lopez,Hardware,Cannot connect to Wi-Fi network,Restart router,Pending,25-08-2025,25-08-2025,Michelle Stewart,Cannot connect to Wi-Fi network reported by user.
2466,148149,Heidi Morgan,Configuration,New device setup,Install required applications,Escalated,16-12-2025,16-12-2025,Hailey Miller,New device setup reported by user.
2467,127328,Frederick Torres,Service,Cannot access email from mobile,Re-add account,Pending,12-11-2025,12-11-2025,Jay Miller,Cannot access email from mobile reported by user.
2468,698880,Debbie Flores,Requests,Access request for shared folder,Review audit logs,Escalated,08-01-2025,08-01-2025,Joshua Martinez,Access request for shared folder reported by user.
2469,340540,Yvonne Coleman,Service,Cloud storage syncing issue,Restart sync client,Pending,13-10-2024,13-10-2024,Shannon Watson,Cloud storage syncing issue reported by user.
2470,262038,Christopher Parker,Configuration,New device setup,Configure network settings,Pending,30-08-2024,30-08-2024,Raymond Washington,New device setup reported by user.
2471,401994,Molly Richardson,Storage,Backup not completing,Check network connection,Resolved,13-10-2025,05-12-2025,Christopher Robinson,Backup not completing reported by user.
2472,909762,Jessica Parks,Storage,Low disk space,Use disk cleanup utility,Resolved,24-01-2026,27-01-2026,Carrie Garcia,Low disk space reported by user.
2473,534082,Emily Fleming,Security,Suspicious login,Notify user,Pending,15-12-2025,15-12-2025,Ashley Mooney,Suspicious login reported by user.
2474,663746,Eric Wang,Hardware,Laptop not starting,Test with another power outlet,Pending,29-12-2024,29-12-2024,Vanessa Howard,Laptop not starting reported by user.
2475,825126,Jason Meyer,Incident,Power outage,Log incident,Escalated,17-02-2025,17-02-2025,James Hanson,Power outage reported by user.
2476,935402,Summer Pena,Performance,Computer running slow,Check CPU usage,Pending,15-02-2025,15-02-2025,Shirley Lopez,Computer running slow reported by user.
2477,320313,Adrian Mcgee,Incident,Server outage,Communicate downtime to users,Resolved,07-06-2024,17-06-2024,Mr. Jacob Camacho,Server outage reported by user.
2478,521357,Lisa Andersen,Configuration,Printer setup,Update firmware,Resolved,09-09-2025,20-12-2025,Paula Cannon,Printer setup reported by user.
2479,899820,Michele Wells,Requests,Hardware request,Notify user,Resolved,16-05-2024,28-09-2024,Lori Ochoa,Hardware request reported by user.
2480,347488,Haley Estrada PhD,Hardware,Monitor flickering,Check HDMI/Display cable,Pending,08-02-2025,08-02-2025,Anna King,Monitor flickering reported by user.
2481,260114,Victor Davis,Requests,Access request for shared folder,Grant access rights,Resolved,15-10-2024,15-10-2024,Sheryl Porter,Access request for shared folder reported by user.
2482,303146,Robert Ward,Performance,Slow login times,Check network speed,Resolved,07-09-2024,16-10-2024,Megan Carson,Slow login times reported by user.
2483,720219,Sarah Stone,Service,Internal web portal not opening,Verify VPN connection,Escalated,19-02-2025,19-02-2025,Daniel Bates,Internal web portal not opening reported by user.
2484,606572,Jacqueline Brooks,Performance,Slow login times,Check network speed,Escalated,21-07-2024,21-07-2024,Tiffany Stevenson,Slow login times reported by user.
2485,580163,Christina Parks,Incident,Power outage,Notify facilities team,Pending,24-06-2025,24-06-2025,Nathan Clark,Power outage reported by user.
2486,574428,Jennifer Wood,Requests,Hardware request,Deliver hardware to user,Escalated,01-12-2024,01-12-2024,William Roach,Hardware request reported by user.
2487,719727,Francisco Baker,Performance,Computer overheating,Check for blocked airflow,Pending,04-05-2025,04-05-2025,Anthony Weaver,Computer overheating reported by user.
2488,890877,Cole Montgomery,Storage,Low disk space,Move data to network drive,Resolved,08-03-2025,04-01-2026,Christopher Lopez,Low disk space reported by user.
2489,548124,Dustin Smith,Network,Scanner not working,Restart scanner service,Pending,12-04-2025,12-04-2025,Antonio Thomas,Scanner not working reported by user.
2490,859972,Sandra Odonnell,Performance,Computer overheating,Reduce heavy apps,Resolved,29-11-2025,11-12-2025,Jennifer Greene,Computer overheating reported by user.
2491,271453,William Allen,Service,Cloud storage syncing issue,Verify account login,Escalated,30-03-2024,30-03-2024,Katrina Oneill,Cloud storage syncing issue reported by user.
2492,813719,Ryan Arellano,Performance,Computer overheating,Check for malware,Resolved,26-03-2024,01-03-2025,Sophia Garrett,Computer overheating reported by user.
2493,835445,Michelle Blackburn,Storage,Cannot save to network drive,Check for file locks,Resolved,10-03-2025,07-10-2025,Rachel Miller,Cannot save to network drive reported by user.
2494,258367,Jonathan Sweeney,Requests,Request new monitor,Update asset records,Pending,24-10-2025,24-10-2025,Jamie Clarke,Request new monitor reported by user.
2495,415985,Melanie Gibson,Configuration,Wi-Fi setup for new office,Test connectivity on multiple devices,Escalated,08-03-2025,08-03-2025,Keith Spencer,Wi-Fi setup for new office reported by user.
2496,128354,Kevin Holt,Network,VPN not connecting,Disable/Enable network adapter,Resolved,29-09-2024,28-10-2025,Gary Harrison,VPN not connecting reported by user.
2497,101142,Brian Ingram,Incident,Server outage,Communicate downtime to users,Pending,11-09-2025,11-09-2025,Anthony Delacruz,Server outage reported by user.
2498,704251,Joseph Thompson,Network,Wi-Fi slow,Disable background downloads,Escalated,21-05-2024,21-05-2024,Paula Blevins,Wi-Fi slow reported by user.
2499,896403,Thomas Burton,Configuration,New device setup,Configure network settings,Resolved,30-10-2024,03-09-2025,Mary Boyd,New device setup reported by user.
2500,345270,Dennis Bennett,Requests,Software installation,Restart computer,Resolved,19-01-2026,23-01-2026,Michelle Duffy,Software installation reported by user.
2501,260980,Stacy Holmes,Requests,Access request for shared folder,Verify permissions,Resolved,09-04-2025,25-10-2025,Jordan Sandoval,Access request for shared folder reported by user.
2502,476674,Marc Butler,Network,Wi-Fi slow,Switch to 5GHz band,Resolved,15-08-2024,20-10-2024,Misty Lopez,Wi-Fi slow reported by user.
2503,782793,Tamara Rush,Storage,Cannot access shared drive,Check firewall settings,Resolved,12-12-2024,18-01-2026,James Ferguson,Cannot access shared drive reported by user.
2504,641930,Joseph Davis,Performance,Application freezing,Reinstall application,Resolved,12-06-2024,02-08-2024,Joseph Walker,Application freezing reported by user.
2505,882847,Yolanda Ford,Incident,Server outage,Restart server,Escalated,09-03-2024,09-03-2024,Megan Fitzpatrick,Server outage reported by user.
2506,620200,Richard Moore,Storage,Cannot save to network drive,Check for file locks,Resolved,26-04-2025,25-07-2025,Bobby Gray,Cannot save to network drive reported by user.
2507,375271,Mrs. Robin Johnson,Performance,Application freezing,Increase system memory,Escalated,10-07-2025,10-07-2025,Lawrence Walker,Application freezing reported by user.
2508,967993,Martin Avila PhD,Performance,Computer overheating,Clean fans and vents,Escalated,27-07-2025,27-07-2025,Patrick Garcia,Computer overheating reported by user.
2509,56869,Danny White,Configuration,New device setup,Configure network settings,Pending,27-05-2024,27-05-2024,Teresa Wilson,New device setup reported by user.
2510,669527,Elizabeth Dalton,Configuration,New device setup,Create user profile,Pending,10-02-2025,10-02-2025,Jordan Edwards,New device setup reported by user.
2511,967342,Douglas Ryan,Network,IP conflict,Release and renew IP,Escalated,21-06-2024,21-06-2024,Madison Harrington,IP conflict reported by user.
2512,91622,Victoria Evans,Service,Cannot access email from mobile,Update email app,Escalated,08-08-2025,08-08-2025,Paul Fisher,Cannot access email from mobile reported by user.
2513,376874,Chase Fuentes,Security,Unauthorized USB device,Educate user on policy,Pending,20-02-2025,20-02-2025,Mary Kelly,Unauthorized USB device reported by user.
2514,522974,Jillian Pearson,Security,Unauthorized USB device,Notify user,Pending,27-08-2025,27-08-2025,William Anderson,Unauthorized USB device reported by user.
2515,527533,Robert Lyons,Hardware,Battery draining fast,Disable unnecessary background apps,Escalated,21-08-2024,21-08-2024,Erin Bailey,Battery draining fast reported by user.
2516,662666,Tracey Meyer,Service,Email not syncing,Re-add account,Pending,25-12-2025,25-12-2025,Jennifer Kelly,Email not syncing reported by user.
2517,785729,Matthew Matthews,Security,User account compromised,Force password reset,Pending,23-07-2024,23-07-2024,Michael Vazquez,User account compromised reported by user.
2518,129372,Kathleen Cooper,Incident,Server outage,Escalate to admin if needed,Pending,13-04-2025,13-04-2025,Alan Miller,Server outage reported by user.
2519,767618,Maria Chase,Storage,Shared folder access denied,Check group policies,Escalated,29-11-2024,29-11-2024,Jordan Webster,Shared folder access denied reported by user.
2520,505865,Julie Castro,Configuration,Email client configuration,Enable SSL/TLS,Escalated,20-10-2024,20-10-2024,Joshua Mckinney,Email client configuration reported by user.
2521,446890,Jerry Diaz,Storage,Low disk space,Delete temporary files,Pending,20-06-2024,20-06-2024,Marc Scott,Low disk space reported by user.
2522,328748,Ashlee Richards,Network,Internet not working,Restart modem and router,Escalated,24-08-2025,24-08-2025,Michelle Wallace,Internet not working reported by user.
2523,194953,Brad Hughes,Configuration,New device setup,Apply security policies,Pending,11-08-2024,11-08-2024,Jesse Washington,New device setup reported by user.
2524,450001,James Gross,Performance,Computer overheating,Clean fans and vents,Resolved,13-01-2026,13-01-2026,Arthur Khan Jr.,Computer overheating reported by user.
2525,851994,Gary Fischer,Storage,Backup failed,Check file access rights,Pending,05-05-2025,05-05-2025,Amber Alexander,Backup failed reported by user.
2526,763435,James Thomas,Service,Internal web portal not opening,Check portal URL,Pending,07-04-2025,07-04-2025,Ann Johnson,Internal web portal not opening reported by user.
2527,210373,Victor Jenkins,Network,Scanner not working,Update scanner driver,Pending,31-07-2025,31-07-2025,Kenneth Jefferson,Scanner not working reported by user.
2528,443462,Joshua Wright,Hardware,Cannot connect to Wi-Fi network,Forget and reconnect network,Pending,11-12-2025,11-12-2025,Matthew Woods,Cannot connect to Wi-Fi network reported by user.
2529,110190,Richard Young,Network,Scanner not working,Restart scanner service,Resolved,16-04-2024,27-03-2025,Amanda Rosario PhD,Scanner not working reported by user.
2530,276293,Nichole Coleman,Network,Printer jam,Restart printer,Resolved,23-03-2025,15-10-2025,Julia Bishop,Printer jam reported by user.
2531,273909,John Hughes,Configuration,Printer setup,Update firmware,Pending,04-02-2025,04-02-2025,Ruth Carter,Printer setup reported by user.
2532,50167,Rhonda Price,Incident,Power outage,Verify safety protocols,Escalated,29-11-2024,29-11-2024,Joseph Martinez,Power outage reported by user.
2533,24977,Matthew Reeves,Configuration,Wi-Fi setup for new office,Configure router SSID and password,Escalated,15-05-2025,15-05-2025,Karen Reed,Wi-Fi setup for new office reported by user.
2534,33794,Nathan Hernandez,Hardware,Keyboard not working,Test with external keyboard,Escalated,21-04-2025,21-04-2025,Lorraine Miller MD,Keyboard not working reported by user.
2535,95475,Sean Hernandez,Configuration,Printer setup,Install printer driver,Escalated,01-12-2025,01-12-2025,Heather Garza,Printer setup reported by user.
2536,595414,John Brown,Configuration,Email client configuration,Update email client,Resolved,18-07-2025,12-08-2025,Christie Hernandez,Email client configuration reported by user.
2537,118666,Julie Mason,Incident,Printer malfunction in office,Replace toner or paper,Escalated,20-12-2024,20-12-2024,William Shaffer,Printer malfunction in office reported by user.
2538,594777,Diamond Scott,Security,User account compromised,Notify user of suspicious activity,Escalated,10-06-2025,10-06-2025,Alexandra Sullivan DVM,User account compromised reported by user.
2539,831538,Richard Harris,Network,Cannot access internal portal,Verify internal URL,Resolved,12-07-2024,25-10-2024,Mary Shepard MD,Cannot access internal portal reported by user.
2540,2932,Adam Coffey,Security,Forgotten password,Verify identity before reset,Resolved,25-04-2024,16-08-2025,Gene Moyer,Forgotten password reported by user.
2541,970360,Dustin Campos,Incident,Power outage,Check equipment after restart,Pending,22-09-2025,22-09-2025,Lisa Duarte,Power outage reported by user.
2542,721007,Anthony Dodson,Storage,Cannot access shared drive,Check permissions,Escalated,22-06-2024,22-06-2024,Gerald Parker,Cannot access shared drive reported by user.
2543,959346,Roy Bailey,Network,Mouse not responding,Clean mouse sensor,Escalated,02-11-2025,02-11-2025,Charles Phillips,Mouse not responding reported by user.
2544,505055,Brenda Juarez MD,Performance,Slow login times,Verify account permissions,Pending,03-08-2025,03-08-2025,Miss Kelly Rodriguez,Slow login times reported by user.
2545,180314,Teresa Colon,Service,Software update failed,Restart update service,Pending,15-07-2025,15-07-2025,Stephanie Osborne,Software update failed reported by user.
2546,928398,Jack Wright,Requests,Software installation,Check compatibility,Resolved,13-03-2024,02-06-2024,Kevin Vaughan,Software installation reported by user.
2547,963521,Jacob Gill,Service,Cloud storage syncing issue,Restart sync client,Resolved,02-07-2025,01-08-2025,Rodney Kim,Cloud storage syncing issue reported by user.
2548,457278,James Reese,Service,Cloud service down,Verify account access,Resolved,14-02-2026,19-02-2026,Donna Barker,Cloud service down reported by user.
2549,765071,Joanna Sanchez,Incident,Power outage,Resume work once power restored,Pending,27-12-2025,27-12-2025,Robert Serrano,Power outage reported by user.
2550,34267,Natalie Santos,Hardware,Cannot connect to Wi-Fi network,Restart router,Pending,14-09-2025,14-09-2025,Amber Rodriguez,Cannot connect to Wi-Fi network reported by user.
2551,138499,Jeffery Wilson,Network,DNS not resolving,Check DNS server settings,Resolved,02-12-2025,25-01-2026,Anthony Ramirez,DNS not resolving reported by user.
2552,727115,Carrie Meyer,Incident,Printer malfunction in office,Update driver,Resolved,10-12-2025,18-01-2026,Christina Thompson,Printer malfunction in office reported by user.
2553,606327,Isaac Tucker,Service,Email not syncing,Clear cache and cookies,Escalated,17-06-2024,17-06-2024,Meredith Lopez,Email not syncing reported by user.
2554,770461,Tony Townsend,Hardware,Cannot connect to Wi-Fi network,Disable VPN temporarily,Escalated,20-01-2025,20-01-2025,Mark Hansen,Cannot connect to Wi-Fi network reported by user.
2555,255219,Elizabeth Green,Storage,Backup failed,Retry backup,Resolved,01-12-2024,31-03-2025,Jonathan Gonzalez,Backup failed reported by user.
2556,209243,Micheal Bryan,Service,Internal web portal not opening,Restart computer,Resolved,17-12-2024,26-09-2025,Justin Jackson,Internal web portal not opening reported by user.
2557,264045,Becky Gomez,Performance,Slow internet speed,Contact ISP if persistent,Escalated,24-07-2025,24-07-2025,Jessica Henderson,Slow internet speed reported by user.
2558,575761,David Bond,Network,Scanner not working,Test with another computer,Pending,02-11-2024,02-11-2024,Dr. Jordan Dean MD,Scanner not working reported by user.
2559,433301,Karen Jackson,Storage,Shared folder access denied,Check group policies,Pending,29-01-2026,29-01-2026,Steven Powell,Shared folder access denied reported by user.
2560,125505,Marcus Smith,Incident,Printer malfunction in office,Check printer connection,Resolved,28-02-2024,31-12-2024,Susan Gill,Printer malfunction in office reported by user.
2561,471165,Kyle Mitchell,Service,Cloud service down,Verify firewall settings,Escalated,25-05-2025,25-05-2025,Lisa Lane,Cloud service down reported by user.
2562,504234,Theresa Walker,Storage,Low disk space,Compress files,Pending,21-12-2024,21-12-2024,Douglas Wagner,Low disk space reported by user.
2563,555163,Nathan Yoder,Security,User account compromised,Force password reset,Escalated,20-05-2025,20-05-2025,Courtney Duran,User account compromised reported by user.
2564,902439,Martin Lopez,Hardware,Frequent network dropouts,Change Wi-Fi channel,Resolved,16-11-2024,16-12-2024,Barbara White MD,Frequent network dropouts reported by user.
2565,363696,Mario Estrada,Requests,Access request for shared folder,Review audit logs,Pending,26-01-2025,26-01-2025,Mary Ramos,Access request for shared folder reported by user.
2566,904864,Margaret Cross,Service,Email not syncing,Clear cache and cookies,Escalated,17-07-2025,17-07-2025,Christopher Morris,Email not syncing reported by user.
2567,544130,Kayla Robinson,Network,Internet not working,Ping gateway to test,Pending,30-10-2025,30-10-2025,Tracey Richardson,Internet not working reported by user.
2568,110891,Miranda Carney,Configuration,New device setup,Test device connectivity,Resolved,22-06-2025,03-07-2025,Nicholas Hernandez,New device setup reported by user.
2569,202091,Larry Cameron,Network,Printer jam,Check paper tray alignment,Pending,12-11-2024,12-11-2024,Alexander Tucker,Printer jam reported by user.
2570,945885,John Harris,Performance,Slow login times,Check network speed,Escalated,20-05-2024,20-05-2024,Timothy Salinas,Slow login times reported by user.
2571,42881,Vanessa Johnson,Security,Phishing email reported,Update spam filters,Pending,20-05-2024,20-05-2024,Sara Lynch,Phishing email reported reported by user.
2572,473193,Bridget Wilson,Storage,Shared folder access denied,Contact folder owner,Pending,09-05-2024,09-05-2024,Mark Mendoza,Shared folder access denied reported by user.
2573,910739,Meghan Johnson,Configuration,Printer setup,Connect to network printer,Resolved,22-03-2025,01-11-2025,Cheryl Joseph,Printer setup reported by user.
2574,282615,Heather Young,Configuration,Printer setup,Verify permissions,Escalated,18-04-2025,18-04-2025,Robert Foster,Printer setup reported by user.
2575,415782,James Hudson,Configuration,New printer installation,Update firmware,Pending,09-07-2024,09-07-2024,Charles Santos,New printer installation reported by user.
2576,694440,Tara Hill,Hardware,Cannot connect to Wi-Fi network,Move closer to access point,Escalated,24-06-2025,24-06-2025,Samantha Wade,Cannot connect to Wi-Fi network reported by user.
2577,35195,Maxwell Chang,Network,Mouse not responding,Try a different port,Pending,29-10-2024,29-10-2024,Juan Sexton,Mouse not responding reported by user.
2578,62491,Amy Glenn,Requests,Hardware request,Assign hardware from inventory,Resolved,15-06-2025,24-10-2025,Philip Williams,Hardware request reported by user.
2579,479281,Nicholas Evans,Security,Forgotten password,Unlock account temporarily,Resolved,01-04-2024,09-07-2025,Anna Cortez,Forgotten password reported by user.
2580,704952,Charles Fisher,Requests,Access request for shared folder,Verify permissions,Pending,10-05-2024,10-05-2024,Tommy Johnson,Access request for shared folder reported by user.
2581,326064,Gary Romero,Service,Internal web portal not opening,Try different browser,Pending,28-06-2024,28-06-2024,Thomas Turner,Internal web portal not opening reported by user.
2582,683889,Charles Mccarty,Requests,Software installation,Verify license activation,Resolved,16-04-2024,21-02-2026,Andrew Mendoza,Software installation reported by user.
2583,11859,Ricky Shah,Network,DNS not resolving,Flush DNS cache,Escalated,15-07-2025,15-07-2025,Luis Diaz,DNS not resolving reported by user.
2584,411258,Diana Leach,Network,Cannot access internal portal,Clear browser cache,Pending,02-01-2026,02-01-2026,Michael Huffman,Cannot access internal portal reported by user.
2585,773732,Steven Douglas DDS,Performance,Computer overheating,Adjust power settings,Escalated,04-10-2025,04-10-2025,Nicole Rice,Computer overheating reported by user.
2586,653286,Katherine Cline,Security,Suspicious login,Force password reset,Escalated,14-04-2025,14-04-2025,Brenda Flynn,Suspicious login reported by user.
2587,224956,Dale Howard,Storage,Cannot save to network drive,Contact IT admin,Resolved,20-03-2025,27-08-2025,Dr. Tony Brown,Cannot save to network drive reported by user.
2588,323312,Christine Chase,Hardware,Battery draining fast,Update power driver,Resolved,30-03-2025,17-09-2025,Richard Nelson,Battery draining fast reported by user.
2589,219822,Kyle Brown,Hardware,Keyboard not working,Check connection,Resolved,19-11-2024,12-06-2025,Stephen Shaw,Keyboard not working reported by user.
2590,323279,Rachel Dean,Requests,Request new monitor,Update asset records,Resolved,28-08-2024,03-10-2025,Charles Perkins,Request new monitor reported by user.
2591,845865,Samantha Perry,Service,Email not syncing,Clear cache and cookies,Escalated,12-11-2025,12-11-2025,Heather Pitts,Email not syncing reported by user.
2592,901972,Christina Reid,Storage,Cannot access shared drive,Contact file owner,Pending,18-05-2025,18-05-2025,Katherine Rivera,Cannot access shared drive reported by user.
2593,995599,Ashley Williams,Service,Cannot access email from mobile,Re-add account,Resolved,01-02-2026,23-02-2026,John Warren,Cannot access email from mobile reported by user.
2594,706479,Mark Williams,Service,Email not syncing,Check mailbox size,Escalated,03-09-2025,03-09-2025,Amy Thompson,Email not syncing reported by user.
2595,206469,Felicia Martinez,Hardware,Laptop not starting,Test with another power outlet,Escalated,11-07-2024,11-07-2024,Nicole Harris,Laptop not starting reported by user.
2596,10915,Christopher Soto,Requests,Request new software license,Verify system requirements,Escalated,25-04-2025,25-04-2025,Kelly Ellis,Request new software license reported by user.
2597,549818,Johnny Santiago,Hardware,Ethernet cable not detected,Update network driver,Resolved,14-01-2025,12-04-2025,Christopher Tapia,Ethernet cable not detected reported by user.
2598,742736,Jacob Beltran,Incident,Server outage,Check server logs,Resolved,08-02-2025,12-11-2025,Amy Sims,Server outage reported by user.
2599,595481,Christopher Davis,Security,Forgotten password,Unlock account temporarily,Escalated,03-04-2024,03-04-2024,Andrea Miller,Forgotten password reported by user.
2600,944332,Michelle Johnson,Requests,Access request for shared folder,Grant access rights,Resolved,21-02-2026,23-02-2026,Michele Bullock,Access request for shared folder reported by user.
2601,527139,Linda Morrow,Service,Cannot access email from mobile,Check network connectivity,Resolved,24-04-2025,11-06-2025,Olivia Wood,Cannot access email from mobile reported by user.
2602,543486,Laura Smith,Storage,Cannot save to network drive,Check for file locks,Resolved,14-10-2024,17-01-2025,Andrew Olson,Cannot save to network drive reported by user.
2603,986866,Heather Schmidt,Incident,Server outage,Check server logs,Pending,07-04-2025,07-04-2025,Nichole Ballard,Server outage reported by user.
2604,560014,Nicholas Harvey,Network,DNS not resolving,Restart network adapter,Escalated,29-01-2025,29-01-2025,Alyssa Rose,DNS not resolving reported by user.
2605,91516,Alexis Castro,Performance,Application freezing,Check for updates,Resolved,30-01-2026,11-02-2026,Rachael Williams,Application freezing reported by user.
2606,225510,Tony Murray,Performance,Computer overheating,Adjust power settings,Pending,10-01-2025,10-01-2025,Gregory Pearson,Computer overheating reported by user.
2607,149582,Adam Daniel,Incident,Server outage,Verify backups,Resolved,17-12-2025,21-02-2026,Kenneth Meadows,Server outage reported by user.
2608,404463,Mary Pierce,Network,Mouse not responding,Check USB/PS2 connection,Escalated,14-03-2025,14-03-2025,Harry Cooley,Mouse not responding reported by user.
2609,554896,Cindy Adams,Security,Phishing email reported,Scan system for malware,Resolved,12-04-2025,23-06-2025,Natasha Jones,Phishing email reported reported by user.
2610,250481,Jacob Huber,Security,Account locked,Contact security team,Escalated,10-09-2024,10-09-2024,Jennifer Nunez,Account locked reported by user.
2611,271823,Christopher Gilbert,Service,Cannot access email from mobile,Update email app,Pending,05-11-2024,05-11-2024,Kristi Johnson,Cannot access email from mobile reported by user.
2612,85054,Victoria Hamilton,Requests,Request new software license,Notify user,Escalated,05-09-2025,05-09-2025,Amanda Cervantes,Request new software license reported by user.
2613,722030,Dawn Dixon,Security,Unauthorized USB device,Notify user,Resolved,26-03-2024,17-10-2024,Tina Huerta,Unauthorized USB device reported by user.
2614,592776,Stephen Allen,Network,DNS not resolving,Flush DNS cache,Pending,30-08-2024,30-08-2024,Kathleen Gordon,DNS not resolving reported by user.
2615,876356,Tiffany Martin,Performance,Slow login times,Check domain controller status,Resolved,22-07-2025,25-10-2025,Kristen Martinez,Slow login times reported by user.
2616,166907,Ashley Evans,Network,Cannot access internal portal,Check firewall settings,Escalated,09-11-2024,09-11-2024,Walter Stokes,Cannot access internal portal reported by user.
2617,253095,Mckenzie Coffey,Configuration,New device setup,Install required applications,Escalated,22-04-2025,22-04-2025,Lance Kelley,New device setup reported by user.
2618,692497,Joshua Adams,Service,Cloud service down,Test on another device,Pending,07-03-2024,07-03-2024,Patrick Johnson,Cloud service down reported by user.
2619,852876,Jordan Fleming,Hardware,Ethernet cable not detected,Replace faulty cable,Pending,06-06-2024,06-06-2024,Russell Abbott,Ethernet cable not detected reported by user.
2620,630536,Sean Fields,Security,Account locked,Contact security team,Pending,10-10-2025,10-10-2025,Teresa Edwards,Account locked reported by user.
2621,954206,Cameron Williams,Performance,Slow internet speed,Check for interference,Resolved,08-03-2024,03-04-2024,Shawn Steele,Slow internet speed reported by user.
2622,22243,Sydney Bates,Hardware,Ethernet cable not detected,Replace faulty cable,Resolved,01-12-2024,31-08-2025,Robin King,Ethernet cable not detected reported by user.
2623,642339,Stacey Cooke,Storage,Shared folder access denied,Verify user credentials,Escalated,18-07-2025,18-07-2025,Andrew Collins DVM,Shared folder access denied reported by user.
2624,806626,Ricky Wright,Security,Forgotten password,Issue temporary password,Escalated,24-06-2024,24-06-2024,Jennifer Byrd,Forgotten password reported by user.
2625,788102,Alexander Daniel,Performance,Computer overheating,Adjust power settings,Resolved,24-06-2025,08-09-2025,Whitney Mendez,Computer overheating reported by user.
2626,549702,Savannah Moore,Performance,Computer running slow,Clear temp files,Escalated,26-08-2024,26-08-2024,Wendy Eaton,Computer running slow reported by user.
2627,786477,Amy Curry,Storage,Low disk space,Use disk cleanup utility,Resolved,16-09-2025,11-02-2026,Daniel Clayton,Low disk space reported by user.
2628,826698,Christina Atkins,Service,Cannot access email from mobile,Re-add account,Resolved,01-04-2025,18-09-2025,Elizabeth Cook,Cannot access email from mobile reported by user.
2629,392322,Alicia Robinson DDS,Network,Internet not working,Restart modem and router,Resolved,04-12-2025,31-12-2025,Connie Smith,Internet not working reported by user.
2630,99108,Debra Lopez,Requests,Software installation,Restart computer,Escalated,16-03-2024,16-03-2024,Michael Payne,Software installation reported by user.
2631,472194,Rachel Lara,Service,Internal web portal not opening,Contact IT support,Pending,20-07-2025,20-07-2025,Elizabeth Rose,Internal web portal not opening reported by user.
2632,403634,Luke Hawkins,Incident,Server outage,Restart server,Escalated,15-12-2024,15-12-2024,Tracey Galloway,Server outage reported by user.
2633,621625,Andre Bridges,Performance,Application freezing,Check for updates,Resolved,27-01-2026,30-01-2026,Ariel Martin,Application freezing reported by user.
2634,556586,Nicholas Santos,Requests,Access request for shared folder,Test access,Escalated,18-07-2024,18-07-2024,Catherine Friedman,Access request for shared folder reported by user.
2635,561174,Christina Martinez,Storage,Backup not completing,Check network connection,Escalated,13-12-2024,13-12-2024,Lucas Nielsen,Backup not completing reported by user.
2636,444785,Amber Pierce,Performance,Computer running slow,Defragment disk,Pending,12-08-2024,12-08-2024,William Bryant,Computer running slow reported by user.
2637,684504,Melanie Davis,Performance,High CPU usage,Update drivers,Pending,19-11-2024,19-11-2024,Sheila Reeves,High CPU usage reported by user.
2638,86722,Anna Estes,Requests,Hardware request,Deliver hardware to user,Escalated,07-12-2025,07-12-2025,Sarah Ward,Hardware request reported by user.
2639,792944,Taylor Wagner,Hardware,Monitor flickering,Replace cable,Escalated,26-12-2024,26-12-2024,Christie Wade,Monitor flickering reported by user.
2640,653988,Steven Edwards,Hardware,Battery draining fast,Check for malware,Resolved,06-11-2024,28-01-2026,Benjamin Weiss,Battery draining fast reported by user.
2641,993418,Jill Haas,Hardware,Cannot connect to Wi-Fi network,Verify Wi-Fi password,Pending,11-05-2024,11-05-2024,Mrs. Melissa Wilson,Cannot connect to Wi-Fi network reported by user.
2642,785020,Emily Watkins,Performance,Computer overheating,Adjust power settings,Escalated,02-01-2026,02-01-2026,Jennifer Flores,Computer overheating reported by user.
2643,505745,Adam Sparks,Security,User account compromised,Notify user of suspicious activity,Resolved,04-01-2025,23-01-2025,Scott Guzman,User account compromised reported by user.
2644,848547,Jennifer West,Storage,Cannot save to network drive,Contact IT admin,Escalated,21-09-2025,21-09-2025,Melanie Lowery,Cannot save to network drive reported by user.
2645,324506,Christopher Wilkinson,Hardware,Monitor flickering,Check power connection,Escalated,02-01-2025,02-01-2025,Stephanie Hall,Monitor flickering reported by user.
2646,770668,Kerri Castro,Storage,Backup failed,Check network connection,Resolved,10-09-2024,28-05-2025,Charles Young,Backup failed reported by user.
2647,396456,Beth Casey,Configuration,Email client configuration,Restart client,Pending,29-11-2024,29-11-2024,Michael Long,Email client configuration reported by user.
2648,543863,Misty Park,Requests,Request new monitor,Check inventory,Escalated,25-06-2024,25-06-2024,Ray Wells,Request new monitor reported by user.
2649,750466,Amanda Parks,Performance,Slow login times,Check domain controller status,Resolved,12-09-2024,20-09-2024,Thomas Owens,Slow login times reported by user.
2650,840839,Paula Johnson,Requests,Software installation,Install approved software,Escalated,07-08-2025,07-08-2025,Amy May,Software installation reported by user.
2651,342300,Sharon Macias,Network,VPN not connecting,Disable/Enable network adapter,Escalated,11-08-2024,11-08-2024,Mary Palmer,VPN not connecting reported by user.
2652,761184,Christian Taylor,Service,Cannot access email from mobile,Clear cache,Resolved,22-09-2025,12-01-2026,Kerry Duran,Cannot access email from mobile reported by user.
2653,83468,Holly Mendoza,Configuration,New printer installation,Connect printer to network,Resolved,30-09-2025,07-11-2025,Cassandra Villa,New printer installation reported by user.
2654,604917,Ralph Park,Incident,Printer malfunction in office,Restart printer,Escalated,30-08-2025,30-08-2025,Nathan Reed,Printer malfunction in office reported by user.
2655,591567,Jason Middleton,Security,User account compromised,Escalate to security team,Resolved,09-08-2025,13-02-2026,Lori Vaughan,User account compromised reported by user.
2656,904602,Dr. Melissa Curtis,Security,User account compromised,Review login history,Pending,11-12-2024,11-12-2024,David Williams,User account compromised reported by user.
2657,120496,Steven Adkins,Hardware,Keyboard not working,Check connection,Pending,10-04-2025,10-04-2025,Thomas Greene,Keyboard not working reported by user.
2658,503049,Paul Snyder,Incident,Printer malfunction in office,Test print,Resolved,11-01-2026,16-01-2026,Stephen Patterson,Printer malfunction in office reported by user.
2659,866035,Derek Butler,Storage,Shared folder access denied,Verify user credentials,Resolved,08-11-2024,08-09-2025,James Lee,Shared folder access denied reported by user.
2660,5481,Robert Lee,Performance,High CPU usage,Check running processes,Resolved,16-12-2025,30-01-2026,Michelle Brown,High CPU usage reported by user.
2661,472544,Jason Cox,Hardware,Frequent network dropouts,Change Wi-Fi channel,Pending,31-08-2024,31-08-2024,David Davis,Frequent network dropouts reported by user.
2662,434978,Jennifer Cline,Storage,Cannot access shared drive,Map network drive again,Pending,24-11-2024,24-11-2024,Kimberly Kaufman,Cannot access shared drive reported by user.
2663,358163,Mary Larson,Requests,Hardware request,Update inventory record,Escalated,20-09-2025,20-09-2025,Howard Allen,Hardware request reported by user.
2664,292001,Kristy Cannon,Configuration,New printer installation,Update firmware,Escalated,25-11-2024,25-11-2024,Tracy Nolan,New printer installation reported by user.
2665,873295,Mrs. Natalie Walls,Security,Forgotten password,Send password reset email,Pending,14-04-2025,14-04-2025,Grant Ramirez,Forgotten password reported by user.
2666,917702,Ashley Smith,Service,Email not syncing,Check network connectivity,Pending,11-02-2025,11-02-2025,Dr. Zachary Nguyen,Email not syncing reported by user.
2667,38188,Barry Anderson,Performance,Application freezing,Check for updates,Pending,06-02-2026,06-02-2026,Jeanette Murillo,Application freezing reported by user.
2668,985836,Joel Barrett,Storage,Low disk space,Use disk cleanup utility,Resolved,16-06-2025,08-07-2025,Jennifer Miller,Low disk space reported by user.
2669,265780,Alicia Fields,Service,Software update failed,Retry update,Escalated,21-08-2024,21-08-2024,Michael Acosta,Software update failed reported by user.
2670,790706,Michael Ball,Requests,Access request for shared folder,Test access,Escalated,02-01-2025,02-01-2025,Devin Howard,Access request for shared folder reported by user.
2671,270529,Barbara Green,Hardware,Cannot connect to Wi-Fi network,Restart router,Resolved,16-10-2025,22-01-2026,Cynthia Lee,Cannot connect to Wi-Fi network reported by user.
2672,663575,Caroline Long,Incident,Power outage,Check equipment after restart,Resolved,15-06-2025,18-02-2026,Deborah Padilla,Power outage reported by user.
2673,484793,Alexander Martin,Security,User account compromised,Force password reset,Escalated,27-05-2025,27-05-2025,John Valenzuela,User account compromised reported by user.
2674,484292,Mark Baker,Security,Phishing email reported,Check mail server logs,Escalated,08-04-2025,08-04-2025,Angela Barnes,Phishing email reported reported by user.
2675,272124,Sharon Wood,Performance,Slow login times,Verify account permissions,Resolved,04-07-2025,14-11-2025,Lynn Reyes,Slow login times reported by user.
2676,68798,Dakota Johnston,Requests,Access request for shared folder,Review audit logs,Resolved,24-07-2024,19-02-2025,Jennifer Johnson,Access request for shared folder reported by user.
2677,178566,Scott Sanchez,Incident,Server outage,Communicate downtime to users,Resolved,10-05-2024,09-03-2025,Michael Moore,Server outage reported by user.
2678,688152,Laura Peters,Storage,Shared folder access denied,Restart computer,Escalated,17-03-2025,17-03-2025,Ashley Lopez,Shared folder access denied reported by user.
2679,868029,Makayla Acosta,Performance,Computer overheating,Restart computer,Resolved,04-09-2025,22-12-2025,David Webb,Computer overheating reported by user.
2680,56974,Keith Conner,Service,Internal web portal not opening,Restart computer,Pending,05-02-2025,05-02-2025,Jerry Odom,Internal web portal not opening reported by user.
2681,832148,Elizabeth Jones,Performance,Computer overheating,Update BIOS/firmware,Resolved,06-04-2024,11-09-2025,Peter Harmon,Computer overheating reported by user.
2682,766837,Amanda Pierce,Configuration,Wi-Fi setup for new office,Enable security protocols,Escalated,19-05-2025,19-05-2025,Sarah Dunn,Wi-Fi setup for new office reported by user.
2683,267654,Alicia Hogan,Network,Cannot access internal portal,Check firewall settings,Pending,02-03-2025,02-03-2025,Alexis Diaz,Cannot access internal portal reported by user.
2684,445610,Ryan King,Storage,Shared folder access denied,Check group policies,Resolved,28-01-2026,16-02-2026,Steven Butler,Shared folder access denied reported by user.
2685,246486,Andrew Johnson,Storage,Backup not completing,Verify storage availability,Escalated,13-08-2025,13-08-2025,Brian Taylor,Backup not completing reported by user.
2686,830394,Timothy Gonzales,Hardware,Monitor flickering,Test monitor on another device,Escalated,01-03-2024,01-03-2024,Teresa Huff,Monitor flickering reported by user.
2687,428164,Carrie Cross,Security,Suspicious login,Review login history,Pending,06-08-2025,06-08-2025,Lauren Williams,Suspicious login reported by user.
2688,301510,James Maldonado,Network,Printer jam,Check for foreign objects,Resolved,14-09-2025,11-10-2025,Vincent Sweeney,Printer jam reported by user.
2689,235858,Kimberly Mendez,Service,Cloud service down,Verify account access,Escalated,08-06-2025,08-06-2025,Derek Sullivan,Cloud service down reported by user.
2690,81179,Cheryl Anderson,Configuration,New printer installation,Test print,Escalated,11-10-2024,11-10-2024,Nina Thompson,New printer installation reported by user.
2691,643925,Michael Ingram,Incident,Server outage,Restart server,Resolved,09-05-2025,02-01-2026,Jennifer Rodriguez,Server outage reported by user.
2692,609387,Christian Rice,Storage,Cannot access shared drive,Check firewall settings,Resolved,16-12-2024,28-03-2025,Scott Rich,Cannot access shared drive reported by user.
2693,333242,Susan Jones,Hardware,Frequent network dropouts,Check interference from devices,Escalated,22-09-2025,22-09-2025,John Lloyd,Frequent network dropouts reported by user.
2694,119306,Holly Garrett,Hardware,Monitor flickering,Restart computer,Resolved,11-03-2024,15-07-2025,Michelle Johnson,Monitor flickering reported by user.
2695,581613,Erin Patterson,Hardware,Cannot connect to Wi-Fi network,Disable VPN temporarily,Escalated,22-12-2024,22-12-2024,Jason Wallace,Cannot connect to Wi-Fi network reported by user.
2696,67743,Jacob Daniels,Storage,Low disk space,Request additional storage,Resolved,06-06-2024,11-08-2024,Melanie Wheeler DDS,Low disk space reported by user.
2697,638302,Dr. Olivia Austin,Storage,Cannot access shared drive,Check permissions,Escalated,16-03-2024,16-03-2024,Jamie Perry,Cannot access shared drive reported by user.
2698,666142,Tammie Fisher,Incident,Server outage,Notify IT team,Escalated,27-11-2024,27-11-2024,Thomas Lowery,Server outage reported by user.
2699,126379,Paula Ballard,Network,Printer jam,Update printer driver,Resolved,05-04-2024,01-11-2024,Susan Kelly,Printer jam reported by user.
2700,191747,Lindsay Robinson,Incident,Printer malfunction in office,Check printer connection,Escalated,18-12-2024,18-12-2024,Cynthia Joseph,Printer malfunction in office reported by user.
2701,79747,Dr. Joseph Williams,Hardware,Keyboard not working,Restart computer,Resolved,16-10-2024,06-02-2026,Louis Davenport PhD,Keyboard not working reported by user.
2702,640043,John Schroeder,Service,Cloud storage syncing issue,Restart sync client,Resolved,29-01-2026,17-02-2026,Nicholas Hale,Cloud storage syncing issue reported by user.
2703,549004,Erin Mora,Configuration,Wi-Fi setup for new office,Update router firmware,Escalated,30-05-2025,30-05-2025,Jessica Morrow,Wi-Fi setup for new office reported by user.
2704,227282,Joseph Velasquez DDS,Network,Wi-Fi slow,Update Wi-Fi driver,Pending,16-10-2025,16-10-2025,Richard Patterson,Wi-Fi slow reported by user.
2705,68546,Julie Hernandez,Requests,Request new monitor,Assign monitor to user,Resolved,21-07-2025,22-11-2025,Desiree Mitchell,Request new monitor reported by user.
2706,296783,Jennifer Curtis,Configuration,New device setup,Install OS and updates,Escalated,05-03-2024,05-03-2024,Michael Smith,New device setup reported by user.
2707,659853,Jeff Villa,Performance,Slow internet speed,Update network drivers,Pending,07-10-2024,07-10-2024,Juan Higgins,Slow internet speed reported by user.
2708,12083,Bradley Burgess,Security,Forgotten password,Send password reset email,Resolved,01-12-2024,17-02-2026,Raymond Powell,Forgotten password reported by user.
2709,156259,Mandy Galvan,Configuration,Email client configuration,Enable SSL/TLS,Pending,17-05-2025,17-05-2025,Toni Parker,Email client configuration reported by user.
2710,145143,Patrick Roberts,Service,Internal web portal not opening,Verify VPN connection,Pending,10-05-2025,10-05-2025,Steve Oliver,Internal web portal not opening reported by user.
2711,658257,April Kelley,Hardware,Frequent network dropouts,Change Wi-Fi channel,Escalated,15-05-2025,15-05-2025,Charles Wood,Frequent network dropouts reported by user.
2712,598106,Patrick Delgado,Performance,Slow login times,Check domain controller status,Escalated,12-10-2025,12-10-2025,Tamara Curry,Slow login times reported by user.
2713,963757,Tanner Shaw,Security,Unauthorized USB device,Check security policy,Escalated,13-09-2024,13-09-2024,Mr. Wesley Barr,Unauthorized USB device reported by user.
2714,895906,Leslie Gutierrez,Performance,Computer running slow,Disable startup apps,Escalated,11-04-2024,11-04-2024,Nathan Rowland,Computer running slow reported by user.
2715,536007,Jeffrey Nixon,Hardware,Monitor flickering,Check HDMI/Display cable,Resolved,18-06-2024,26-11-2024,Robert Mooney,Monitor flickering reported by user.
2716,106834,Kevin Davila,Incident,Printer malfunction in office,Contact vendor support,Resolved,15-04-2024,26-01-2026,Donna Dawson,Printer malfunction in office reported by user.
2717,412001,Rachel Frazier,Incident,Power outage,Use UPS,Escalated,02-12-2024,02-12-2024,Andrew Carpenter,Power outage reported by user.
2718,799848,Scott Rivera,Performance,Slow internet speed,Update network drivers,Escalated,21-11-2025,21-11-2025,Kevin Lindsey,Slow internet speed reported by user.
2719,724629,Katherine Santana,Requests,Request new software license,Document license key,Escalated,23-03-2024,23-03-2024,Caleb Robinson,Request new software license reported by user.
2720,164823,Robert Hunt,Hardware,Cannot connect to Wi-Fi network,Disable VPN temporarily,Resolved,21-06-2025,15-01-2026,Patricia Buckley,Cannot connect to Wi-Fi network reported by user.
2721,809209,Jeffrey Willis,Service,Internal web portal not opening,Check portal URL,Escalated,15-02-2026,15-02-2026,Edward Schmidt,Internal web portal not opening reported by user.
2722,260743,Brian Gardner,Configuration,New printer installation,Check permissions,Escalated,26-06-2024,26-06-2024,William Collins,New printer installation reported by user.
2723,941857,Tracy Rios,Performance,Slow login times,Update login client,Resolved,08-09-2025,03-01-2026,Amy Sanchez,Slow login times reported by user.
2724,836984,Lisa Ruiz,Hardware,Ethernet cable not detected,Replace faulty cable,Resolved,18-02-2026,23-02-2026,Tammy Sweeney,Ethernet cable not detected reported by user.
2725,630127,Mary Parsons,Hardware,Ethernet cable not detected,Reboot computer,Pending,25-07-2024,25-07-2024,Brenda Ibarra,Ethernet cable not detected reported by user.
2726,977543,Jonathon Watkins,Service,Software update failed,Check for sufficient disk space,Escalated,09-10-2024,09-10-2024,Janet Miller,Software update failed reported by user.
2727,250326,Amy Miller,Hardware,Frequent network dropouts,Restart router,Escalated,07-05-2024,07-05-2024,Philip Kim,Frequent network dropouts reported by user.
2728,700155,Maria Allen,Incident,Power outage,Escalate if prolonged,Resolved,24-11-2025,10-12-2025,Jennifer Leblanc,Power outage reported by user.
2729,375379,Christopher Branch,Requests,Request new monitor,Check inventory,Pending,11-12-2024,11-12-2024,Benjamin Green,Request new monitor reported by user.
2730,438129,Samantha Dixon,Service,Cloud service down,Clear cache,Pending,15-02-2026,15-02-2026,Matthew James,Cloud service down reported by user.
2731,705770,Lauren Blair,Security,Phishing email reported,Update spam filters,Escalated,14-03-2024,14-03-2024,Olivia Lyons,Phishing email reported reported by user.
2732,326849,Austin Pierce,Configuration,New printer installation,Connect printer to network,Escalated,19-12-2025,19-12-2025,Michael Sanford,New printer installation reported by user.
2733,434534,Michael Andrews,Storage,Backup not completing,Verify storage availability,Resolved,25-11-2025,18-12-2025,Stephen Phillips,Backup not completing reported by user.
2734,110472,Vincent Sandoval,Security,Account locked,Contact security team,Escalated,14-08-2024,14-08-2024,Katrina Howell,Account locked reported by user.
2735,133118,Elizabeth Harris,Network,VPN not connecting,Restart VPN service,Resolved,22-12-2025,21-02-2026,Stacy Bruce,VPN not connecting reported by user.
2736,69097,Cynthia Hernandez,Security,Unauthorized USB device,Block USB device,Pending,13-07-2024,13-07-2024,Denise Richards,Unauthorized USB device reported by user.
2737,397958,Edward Alvarez,Performance,Computer overheating,Reduce heavy apps,Escalated,08-06-2024,08-06-2024,Scott Barrett,Computer overheating reported by user.
2738,580072,Daniel George,Configuration,Printer setup,Check printer IP,Resolved,27-09-2024,03-08-2025,Sarah Alvarez,Printer setup reported by user.
2739,398757,Peter Simpson,Incident,Power outage,Check equipment after restart,Escalated,11-06-2024,11-06-2024,Samantha Gates,Power outage reported by user.
2740,846499,Terry Shaw,Service,Internal web portal not opening,Check network connectivity,Resolved,23-11-2025,08-01-2026,Daniel Rojas,Internal web portal not opening reported by user.
2741,859563,Matthew Hardin,Network,Scanner not working,Verify scanner permissions,Resolved,14-06-2024,05-05-2025,Paul May,Scanner not working reported by user.
2742,565990,Pamela Flores,Storage,Cannot access shared drive,Contact file owner,Pending,11-10-2025,11-10-2025,Ashley Howell,Cannot access shared drive reported by user.
2743,686069,Chad Griffin DDS,Configuration,Wi-Fi setup for new office,Update router firmware,Pending,26-10-2024,26-10-2024,Donna Mercer,Wi-Fi setup for new office reported by user.
2744,405477,Michael Morrison,Storage,Backup failed,Verify storage availability,Escalated,25-03-2024,25-03-2024,Samantha Wright MD,Backup failed reported by user.
2745,403782,Christopher Yang,Service,Cloud storage syncing issue,Check storage quota,Escalated,09-03-2024,09-03-2024,Brandy Barnes,Cloud storage syncing issue reported by user.
2746,593897,Jill Mccoy,Service,Email not syncing,Check network connectivity,Escalated,09-04-2024,09-04-2024,Courtney Dunn,Email not syncing reported by user.
2747,709626,Alice Peterson,Storage,Cannot save to network drive,Contact IT admin,Pending,04-02-2025,04-02-2025,James Smith,Cannot save to network drive reported by user.
2748,719375,Ryan Rodriguez,Storage,Cannot access shared drive,Verify credentials,Escalated,16-06-2024,16-06-2024,Sandra Edwards,Cannot access shared drive reported by user.
2749,567227,Kristen Lewis,Incident,Server outage,Document incident,Pending,14-07-2024,14-07-2024,Mark Davis,Server outage reported by user.
2750,765120,Nicholas Butler,Service,Software update failed,Check internet connection,Resolved,30-10-2024,01-12-2024,Mallory Montoya,Software update failed reported by user.
2751,396904,Scott Lee,Network,VPN not connecting,Check firewall settings,Escalated,06-01-2025,06-01-2025,Danielle Mcbride,VPN not connecting reported by user.
2752,451954,Lawrence Fernandez,Performance,Application freezing,Check for updates,Pending,29-05-2024,29-05-2024,Pamela Middleton,Application freezing reported by user.
2753,731929,Dana Castro,Network,Internet not working,Ping gateway to test,Escalated,26-12-2024,26-12-2024,Andrea White,Internet not working reported by user.
2754,294698,Misty Chambers,Configuration,Email client configuration,Enter correct server settings,Pending,05-01-2025,05-01-2025,Daniel Sims,Email client configuration reported by user.
2755,549875,Kimberly Larson,Incident,Server outage,Communicate downtime to users,Resolved,09-05-2025,21-01-2026,Cassandra Freeman,Server outage reported by user.
2756,133394,Mr. Darius Franklin,Configuration,New device setup,Install required applications,Escalated,29-12-2025,29-12-2025,Mr. David Vaughn,New device setup reported by user.
2757,997965,Louis Poole,Incident,Server outage,Restart server,Escalated,17-08-2025,17-08-2025,Catherine Jones,Server outage reported by user.
2758,481682,Kim Garcia,Performance,Slow login times,Check domain controller status,Resolved,04-06-2024,09-11-2025,Garrett Wright,Slow login times reported by user.
2759,759473,Denise Thompson,Incident,Server outage,Communicate downtime to users,Resolved,17-06-2024,01-07-2024,Mark Nelson,Server outage reported by user.
2760,847986,Justin Snyder,Performance,Application freezing,Run malware scan,Escalated,01-07-2024,01-07-2024,Joseph Stephens,Application freezing reported by user.
2761,931648,Dorothy Smith,Performance,Slow internet speed,Restart router,Escalated,21-09-2024,21-09-2024,Lisa Chung,Slow internet speed reported by user.
2762,948937,Candice Ortega,Storage,Backup failed,Check backup software logs,Pending,02-06-2024,02-06-2024,Jacob Kramer,Backup failed reported by user.
2763,590163,Eric Smith,Security,User account compromised,Block suspicious IPs,Escalated,18-06-2025,18-06-2025,Kenneth Johnson,User account compromised reported by user.
2764,819460,Steven Owens,Performance,High CPU usage,Check for background updates,Resolved,24-04-2025,13-12-2025,Jesse Savage,High CPU usage reported by user.
2765,743131,Justin Horton,Requests,Request new monitor,Check inventory,Resolved,23-03-2024,12-09-2025,Melissa Silva,Request new monitor reported by user.
2766,851313,Lisa Bryant,Network,Cannot access internal portal,Verify internal URL,Resolved,20-09-2025,07-11-2025,Amanda Wright,Cannot access internal portal reported by user.
2767,530914,Franklin Christensen,Security,User account compromised,Force password reset,Escalated,25-11-2024,25-11-2024,Daniel Day,User account compromised reported by user.
2768,350185,Michelle Mueller,Configuration,New device setup,Test device connectivity,Pending,13-06-2025,13-06-2025,Sarah Taylor,New device setup reported by user.
2769,101710,Mr. Bradley Ramirez,Configuration,New device setup,Configure peripherals,Escalated,12-08-2024,12-08-2024,Grace Mcdaniel,New device setup reported by user.
2770,585110,Randy Daniels,Performance,High CPU usage,Close unnecessary apps,Pending,08-12-2025,08-12-2025,Jordan Moody,High CPU usage reported by user.
2771,86524,Robin Mccormick,Network,Printer jam,Check for foreign objects,Escalated,24-03-2024,24-03-2024,Mr. Christopher Mcdonald,Printer jam reported by user.
2772,412171,Jennifer Wallace,Performance,Slow login times,Check system resources,Escalated,23-07-2025,23-07-2025,Latasha Goodman,Slow login times reported by user.
2773,87457,Scott Diaz,Service,Cloud storage syncing issue,Verify account login,Pending,17-06-2025,17-06-2025,Allison Rodriguez,Cloud storage syncing issue reported by user.
2774,681331,Mario Potts,Performance,Application freezing,Close other programs,Resolved,18-06-2025,29-07-2025,Lisa Garcia,Application freezing reported by user.
2775,911659,Alicia Reynolds,Security,User account compromised,Review login history,Escalated,15-04-2025,15-04-2025,Rebecca Smith,User account compromised reported by user.
2776,626544,Lisa Franco,Incident,Power outage,Log incident,Escalated,11-05-2024,11-05-2024,Jason Cunningham,Power outage reported by user.
2777,666205,George Cook,Incident,Server outage,Restart server,Escalated,04-05-2024,04-05-2024,Joy Hill,Server outage reported by user.
2778,591180,Vanessa Riley,Requests,Software installation,Install approved software,Escalated,20-02-2025,20-02-2025,Michael Porter,Software installation reported by user.
2779,171423,Kellie Smith,Network,Internet not working,Check ISP status,Resolved,30-11-2025,06-02-2026,Carmen Weaver,Internet not working reported by user.
2780,981766,Christina Oneill,Service,Cloud service down,Escalate to vendor support,Resolved,08-06-2024,16-02-2025,Elizabeth Perez,Cloud service down reported by user.
2781,276119,Jeffrey Parsons,Network,Wi-Fi slow,Update Wi-Fi driver,Escalated,09-03-2025,09-03-2025,Dr. Dylan Wagner,Wi-Fi slow reported by user.
2782,884037,Sean Conway,Network,Mouse not responding,Test with another mouse,Pending,23-10-2024,23-10-2024,Wanda Bates,Mouse not responding reported by user.
2783,908870,Christopher Beasley,Service,Cloud storage syncing issue,Check storage quota,Resolved,25-11-2024,11-04-2025,Allison Foster,Cloud storage syncing issue reported by user.
2784,200268,Claire Johnson,Network,Cannot access internal portal,Check VPN connection,Escalated,09-07-2024,09-07-2024,Gina Klein,Cannot access internal portal reported by user.
2785,953334,Kristin Castro,Hardware,Frequent network dropouts,Check interference from devices,Pending,30-06-2024,30-06-2024,Jose Kirk,Frequent network dropouts reported by user.
2786,999926,Joe Rush,Security,User account compromised,Force password reset,Pending,21-05-2025,21-05-2025,John Johnson,User account compromised reported by user.
2787,429819,Derek Burch,Hardware,Frequent network dropouts,Check signal strength,Escalated,13-02-2026,13-02-2026,Matthew Whitehead,Frequent network dropouts reported by user.
2788,573171,Matthew Thomas,Service,Software update failed,Manually download update,Pending,12-01-2026,12-01-2026,Desiree Hall,Software update failed reported by user.
2789,246250,John Ware,Configuration,Printer setup,Update firmware,Escalated,07-06-2025,07-06-2025,Anthony James,Printer setup reported by user.
2790,678821,Kimberly Alexander,Incident,Power outage,Escalate if prolonged,Resolved,17-06-2025,22-09-2025,Nicolas Davis,Power outage reported by user.
2791,710424,Regina Hernandez,Hardware,Frequent network dropouts,Restart router,Resolved,23-02-2026,23-02-2026,Patrick Moore,Frequent network dropouts reported by user.
2792,259923,Victoria Cannon,Hardware,Monitor flickering,Replace cable,Pending,21-09-2024,21-09-2024,Maria Daniels,Monitor flickering reported by user.
2793,447463,Sierra Kidd,Requests,Request new monitor,Deliver and test monitor,Escalated,11-09-2024,11-09-2024,Emily Casey,Request new monitor reported by user.
2794,479151,Gina Peck,Network,Printer jam,Check paper tray alignment,Resolved,03-10-2025,17-10-2025,Jennifer Martinez,Printer jam reported by user.
2795,11182,Jeanette Johnson,Network,VPN not connecting,Restart VPN service,Pending,30-08-2024,30-08-2024,Jennifer Ward,VPN not connecting reported by user.
2796,8518,Jeremy Shaffer,Requests,Request new monitor,Verify warranty,Pending,23-01-2026,23-01-2026,Tammy Berger,Request new monitor reported by user.
2797,47353,Andrea Campbell,Service,Cannot access email from mobile,Verify credentials,Escalated,04-08-2024,04-08-2024,Heather Sanders,Cannot access email from mobile reported by user.
2798,862951,Sarah Torres,Performance,Computer running slow,Check CPU usage,Pending,07-12-2024,07-12-2024,Mario Roberson,Computer running slow reported by user.
2799,165264,Sarah Mccarty,Requests,Request new monitor,Check inventory,Resolved,01-06-2025,21-07-2025,Brenda Brown,Request new monitor reported by user.
2800,137594,Lindsey Hall,Network,Cannot access internal portal,Test on another device,Pending,20-06-2024,20-06-2024,Kimberly Martin,Cannot access internal portal reported by user.
2801,118177,Kelly Weber,Storage,Shared folder access denied,Restart computer,Escalated,28-01-2025,28-01-2025,Dennis Powell,Shared folder access denied reported by user.
2802,998224,Roger Haynes,Hardware,Frequent network dropouts,Replace faulty router,Escalated,14-05-2024,14-05-2024,Lisa Joseph,Frequent network dropouts reported by user.
2803,550089,Paul Horton,Network,Scanner not working,Check USB connection,Escalated,18-02-2025,18-02-2025,Jesus Thomas,Scanner not working reported by user.
2804,478556,Joel Walker,Configuration,Wi-Fi setup for new office,Enable security protocols,Pending,14-12-2024,14-12-2024,Paul Thomas,Wi-Fi setup for new office reported by user.
2805,591998,Gregory Richard,Storage,Backup failed,Check network connection,Escalated,03-02-2026,03-02-2026,James Jackson,Backup failed reported by user.
2806,150454,Steven Roberson,Hardware,Laptop not starting,Replace faulty battery,Resolved,08-11-2025,25-12-2025,Ashley Henry,Laptop not starting reported by user.
2807,763333,Michael Garcia,Incident,Server outage,Document incident,Resolved,18-06-2024,05-10-2024,Elizabeth Carter,Server outage reported by user.
2808,797119,Arthur Young,Service,Software update failed,Check for sufficient disk space,Escalated,23-11-2024,23-11-2024,Regina Hill,Software update failed reported by user.
2809,553473,Allison Tran,Hardware,Laptop not starting,Boot in safe mode,Resolved,02-12-2025,31-01-2026,Laura Jones,Laptop not starting reported by user.
2810,5268,Michael Stevenson,Service,Cloud storage syncing issue,Restart sync client,Pending,29-11-2025,29-11-2025,Julie Pearson,Cloud storage syncing issue reported by user.
2811,62236,Vincent Moore,Hardware,Laptop not starting,Remove battery and retry,Resolved,01-12-2024,27-05-2025,Amy Mooney,Laptop not starting reported by user.
2812,590636,Nicole Fields,Incident,Server outage,Escalate to admin if needed,Escalated,04-05-2024,04-05-2024,Jessica Cooper,Server outage reported by user.
2813,563532,Christina Bennett,Configuration,New device setup,Install OS and updates,Resolved,22-01-2026,15-02-2026,Ashley Walters,New device setup reported by user.
2814,653426,Tommy Brown,Network,Scanner not working,Check USB connection,Escalated,26-06-2024,26-06-2024,Joshua Smith,Scanner not working reported by user.
2815,697152,Cory Rivas,Network,VPN not connecting,Restart VPN service,Escalated,20-05-2025,20-05-2025,Billy Colon,VPN not connecting reported by user.
2816,357024,Casey Levine,Hardware,Keyboard not working,Test with external keyboard,Resolved,09-02-2025,01-03-2025,Cynthia Sims,Keyboard not working reported by user.
2817,117354,April Moyer,Hardware,Frequent network dropouts,Reset network settings,Pending,18-10-2025,18-10-2025,Steve Peterson,Frequent network dropouts reported by user.
2818,334700,Scott Martin,Storage,Low disk space,Request additional storage,Resolved,17-08-2025,13-01-2026,Tiffany Ayala,Low disk space reported by user.
2819,612718,Angela Brewer,Performance,Slow login times,Update login client,Pending,20-06-2024,20-06-2024,Mary Hall,Slow login times reported by user.
2820,283579,Mark Cooper,Requests,Software installation,Verify license activation,Pending,28-04-2025,28-04-2025,Michael Patel,Software installation reported by user.
2821,35199,David Garrett,Storage,Cannot save to network drive,Contact IT admin,Resolved,11-03-2024,13-04-2025,Robert Schneider,Cannot save to network drive reported by user.
2822,757768,John Campbell,Hardware,Cannot connect to Wi-Fi network,Forget and reconnect network,Escalated,29-07-2024,29-07-2024,Regina Osborn,Cannot connect to Wi-Fi network reported by user.
2823,669419,James Cabrera,Requests,Request new monitor,Notify user,Resolved,08-03-2024,03-08-2025,Cameron Smith,Request new monitor reported by user.
2824,332872,Mrs. Rhonda Guzman MD,Incident,Printer malfunction in office,Replace toner or paper,Escalated,23-10-2025,23-10-2025,Lauren Salinas,Printer malfunction in office reported by user.
2825,324777,Lori Thomas,Incident,Power outage,Log incident,Escalated,21-07-2024,21-07-2024,Nicholas Warren,Power outage reported by user.
2826,22055,Samuel Bryant,Requests,Access request for shared folder,Verify permissions,Pending,08-06-2024,08-06-2024,Chelsea Sims,Access request for shared folder reported by user.
2827,227302,Sergio Porter,Configuration,Email client configuration,Verify credentials,Pending,05-06-2025,05-06-2025,Gregory Jenkins,Email client configuration reported by user.
2828,953598,Daniel Parker,Incident,Power outage,Escalate if prolonged,Pending,23-05-2024,23-05-2024,Emily Parker,Power outage reported by user.
2829,429480,Nicole Black,Configuration,Printer setup,Verify permissions,Escalated,28-04-2024,28-04-2024,Mary York,Printer setup reported by user.
2830,97833,Matthew Hughes,Performance,Slow internet speed,Update network drivers,Resolved,09-05-2024,17-10-2024,Charlotte Conner,Slow internet speed reported by user.
2831,90516,Brianna Preston,Network,Printer jam,Update printer driver,Resolved,01-10-2025,20-01-2026,Laurie Kramer,Printer jam reported by user.
2832,186762,Gregory Dennis,Requests,Software installation,Check compatibility,Pending,02-08-2024,02-08-2024,Timothy Price,Software installation reported by user.
2833,143027,Cory Robinson,Network,Mouse not responding,Replace batteries if wireless,Escalated,22-08-2024,22-08-2024,John Miller,Mouse not responding reported by user.
2834,608660,James Fisher,Performance,Computer overheating,Update BIOS/firmware,Pending,02-03-2025,02-03-2025,Dr. Christine Anderson,Computer overheating reported by user.
2835,380256,Jason Perez,Configuration,New device setup,Install required applications,Pending,31-12-2024,31-12-2024,Christopher Mccullough,New device setup reported by user.
2836,459458,Benjamin Richardson,Network,Printer jam,Check for foreign objects,Escalated,01-04-2024,01-04-2024,Jessica Wood,Printer jam reported by user.
2837,252866,Melinda Martinez,Security,Forgotten password,Escalate to admin if needed,Pending,25-10-2024,25-10-2024,Taylor Williams,Forgotten password reported by user.
2838,930954,John Hopkins,Hardware,Cannot connect to Wi-Fi network,Disable VPN temporarily,Pending,04-06-2024,04-06-2024,Hailey Harris,Cannot connect to Wi-Fi network reported by user.
2839,680754,Kevin Schmidt,Performance,Slow internet speed,Check for interference,Escalated,07-09-2025,07-09-2025,Kenneth Oneill,Slow internet speed reported by user.
2840,70113,Lisa King,Service,Email not syncing,Re-add account,Escalated,31-05-2024,31-05-2024,Michael Cook,Email not syncing reported by user.
2841,504019,Belinda Wiley,Hardware,Keyboard not working,Reconnect USB port,Escalated,24-06-2024,24-06-2024,John Howard,Keyboard not working reported by user.
2842,424084,Dr. Kelsey Sullivan,Requests,Software installation,Notify user,Resolved,03-04-2024,14-08-2025,Tiffany Smith,Software installation reported by user.
2843,67974,Glenn Scott,Service,Email not syncing,Re-add account,Resolved,22-10-2025,27-12-2025,John Richardson,Email not syncing reported by user.
2844,762820,Angela Walter,Incident,Power outage,Escalate if prolonged,Escalated,08-02-2025,08-02-2025,Hunter Leon,Power outage reported by user.
2845,424499,Stephanie Garcia,Service,Cannot access email from mobile,Clear cache,Escalated,23-08-2024,23-08-2024,Melissa Roberts,Cannot access email from mobile reported by user.
2846,2084,Jacob Parker,Incident,Server outage,Document incident,Pending,17-04-2024,17-04-2024,Jason King,Server outage reported by user.
2847,945447,Deanna Cooper,Performance,Slow login times,Check system resources,Pending,17-11-2024,17-11-2024,Mrs. Summer Taylor,Slow login times reported by user.
2848,665330,Diana Farmer,Hardware,Cannot connect to Wi-Fi network,Update Wi-Fi driver,Escalated,23-06-2025,23-06-2025,Megan Marks MD,Cannot connect to Wi-Fi network reported by user.
2849,655288,Heather Carter,Security,Phishing email reported,Notify IT security team,Resolved,06-01-2025,20-06-2025,Robert Parsons,Phishing email reported reported by user.
2850,218589,Rebecca Rodriguez,Security,Account locked,Verify MFA settings,Resolved,29-12-2024,06-11-2025,David Steele,Account locked reported by user.
2851,649892,Debra Fischer,Service,Cloud storage syncing issue,Verify account login,Escalated,05-06-2024,05-06-2024,Ariel Ruiz,Cloud storage syncing issue reported by user.
2852,31052,Kirk Williamson,Hardware,Laptop not starting,Test with another power outlet,Pending,08-05-2024,08-05-2024,Ryan Martinez,Laptop not starting reported by user.
2853,42302,Marc Williams,Incident,Server outage,Notify IT team,Pending,01-02-2025,01-02-2025,Amanda Reilly,Server outage reported by user.
2854,370626,Rhonda Rodriguez,Service,Email not syncing,Clear cache and cookies,Pending,11-02-2026,11-02-2026,Christopher Braun,Email not syncing reported by user.
2855,244826,Marilyn Christensen,Service,Email not syncing,Restart computer,Resolved,04-05-2025,23-09-2025,Brandy Jackson,Email not syncing reported by user.
2856,834053,Matthew Wood,Network,Mouse not responding,Test with another mouse,Pending,06-02-2026,06-02-2026,Alexis Thompson,Mouse not responding reported by user.
2857,48441,Erin Watts,Incident,Server outage,Restart server,Pending,06-11-2024,06-11-2024,James Ibarra,Server outage reported by user.
2858,732699,Michaela Thomas,Configuration,New printer installation,Test print,Resolved,17-05-2024,13-04-2025,Jennifer Fry,New printer installation reported by user.
2859,613455,Dana Morris,Requests,Hardware request,Assign hardware from inventory,Resolved,23-08-2024,13-08-2025,Mary Cruz,Hardware request reported by user.
2860,211844,Gary Owen,Storage,Shared folder access denied,Contact folder owner,Resolved,03-11-2024,02-02-2026,Gerald Booth,Shared folder access denied reported by user.
2861,611650,Mr. Lawrence Smith,Hardware,Monitor flickering,Replace cable,Pending,16-11-2025,16-11-2025,Aaron Richardson,Monitor flickering reported by user.
2862,660191,Eric Frost,Performance,Slow login times,Check system resources,Escalated,31-01-2025,31-01-2025,Adam Mann,Slow login times reported by user.
2863,741653,Jessica Flores,Security,Suspicious login,Review login history,Resolved,25-01-2026,27-01-2026,Michael Thompson,Suspicious login reported by user.
2864,150731,Sarah Olson,Configuration,New printer installation,Map printer on all devices,Resolved,13-02-2026,21-02-2026,Michael Vasquez,New printer installation reported by user.
2865,102369,Dr. Lauren Miller,Configuration,New device setup,Test device connectivity,Escalated,15-05-2024,15-05-2024,Eric Espinoza,New device setup reported by user.
2866,815241,Cynthia Harris,Incident,Printer malfunction in office,Test print,Resolved,24-01-2026,31-01-2026,Jessica Perez,Printer malfunction in office reported by user.
2867,190793,Jasmine Morris,Hardware,Monitor flickering,Replace cable,Resolved,20-08-2025,23-12-2025,Judith Murray,Monitor flickering reported by user.
2868,296739,Rebecca Martin,Service,Software update failed,Check for sufficient disk space,Escalated,23-03-2024,23-03-2024,William Carey,Software update failed reported by user.
2869,139159,Jerry Dean,Storage,Cannot save to network drive,Verify network connectivity,Escalated,14-10-2025,14-10-2025,Ricky Fletcher,Cannot save to network drive reported by user.
2870,235233,Amy Hayes,Network,VPN not connecting,Restart VPN service,Resolved,05-01-2025,15-09-2025,Anthony Moore,VPN not connecting reported by user.
2871,334661,Carmen Hess,Network,Scanner not working,Verify scanner permissions,Escalated,28-11-2024,28-11-2024,Misty Fields,Scanner not working reported by user.
2872,69911,Bradley Davis,Requests,Hardware request,Verify model compatibility,Escalated,03-01-2025,03-01-2025,Frank Branch,Hardware request reported by user.
2873,734949,Lisa Durham,Performance,Slow login times,Check network speed,Pending,13-03-2025,13-03-2025,Jose Elliott,Slow login times reported by user.
2874,901987,Kristi Thompson,Requests,Hardware request,Deliver hardware to user,Pending,30-06-2024,30-06-2024,Teresa Torres,Hardware request reported by user.
2875,489406,Amber Wise,Storage,Backup not completing,Check network connection,Pending,23-12-2025,23-12-2025,Alexis Joyce,Backup not completing reported by user.
2876,131956,John Pearson,Network,Mouse not responding,Clean mouse sensor,Resolved,27-06-2025,15-12-2025,Erin Goodman,Mouse not responding reported by user.
2877,256082,Mrs. Amanda Davis,Performance,High CPU usage,Close unnecessary apps,Resolved,04-12-2025,02-01-2026,Madison Bass,High CPU usage reported by user.
2878,625418,Daniel Vang,Performance,Slow login times,Update login client,Resolved,30-01-2025,28-03-2025,Dillon Green,Slow login times reported by user.
2879,171065,Jacqueline Payne,Configuration,Printer setup,Update firmware,Resolved,14-06-2024,27-02-2025,Jack Gutierrez,Printer setup reported by user.
2880,269409,Joshua Potter,Performance,Computer overheating,Reduce heavy apps,Escalated,06-11-2025,06-11-2025,Cory Scott,Computer overheating reported by user.
2881,314260,Tina Taylor,Performance,High CPU usage,Adjust performance settings,Pending,24-07-2024,24-07-2024,Philip Davis,High CPU usage reported by user.
2882,774640,Suzanne Barnett,Security,User account compromised,Check for malware,Resolved,06-04-2025,25-06-2025,Dennis Shaw,User account compromised reported by user.
2883,56673,Jacob Hoover,Incident,Power outage,Use UPS,Resolved,14-02-2026,24-02-2026,Jasmin Singh,Power outage reported by user.
2884,446242,Laura Rice,Network,VPN not connecting,Verify VPN server address,Pending,11-05-2025,11-05-2025,Kristin Torres,VPN not connecting reported by user.
2885,379656,Adam Chandler,Hardware,Keyboard not working,Check connection,Escalated,11-08-2024,11-08-2024,Angela Hood,Keyboard not working reported by user.
2886,441245,Courtney Wood,Security,Suspicious login,Force password reset,Resolved,05-11-2024,01-02-2026,Tracy Crawford,Suspicious login reported by user.
2887,745839,Kristin Jarvis,Incident,Server outage,Document incident,Pending,09-12-2024,09-12-2024,Mrs. Elizabeth Dennis DDS,Server outage reported by user.
2888,96188,Shawn Harris,Incident,Server outage,Notify IT team,Resolved,30-04-2025,07-02-2026,Rachel Grant,Server outage reported by user.
2889,576804,Sarah Smith,Hardware,Keyboard not working,Test with external keyboard,Pending,10-10-2025,10-10-2025,Eric Parker,Keyboard not working reported by user.
2890,595122,Scott Hernandez,Configuration,Email client configuration,Restart client,Escalated,31-12-2025,31-12-2025,Amy Jones,Email client configuration reported by user.
2891,684992,Tara Williams,Performance,Computer running slow,Upgrade RAM,Pending,27-07-2025,27-07-2025,Chad Noble,Computer running slow reported by user.
2892,397106,David Martinez,Network,Mouse not responding,Update mouse driver,Resolved,19-01-2026,17-02-2026,Richard Meyer,Mouse not responding reported by user.
2893,830885,Veronica Roberts,Performance,High CPU usage,Adjust performance settings,Resolved,22-01-2026,30-01-2026,Tom Bradley,High CPU usage reported by user.
2894,277607,Bridget Carr,Service,Software update failed,Clear update cache,Pending,23-01-2025,23-01-2025,Richard Byrd,Software update failed reported by user.
2895,620866,Jacqueline Weeks,Service,Email not syncing,Clear cache and cookies,Resolved,25-05-2025,07-11-2025,Amy Clark,Email not syncing reported by user.
2896,820596,Shaun Ruiz,Security,User account compromised,Force password reset,Escalated,19-03-2024,19-03-2024,Robin Brooks,User account compromised reported by user.
2897,164581,Keith Chavez,Performance,Application freezing,Reinstall application,Pending,31-08-2024,31-08-2024,James Murphy,Application freezing reported by user.
2898,464614,Michael Cobb,Requests,Access request for shared folder,Verify permissions,Resolved,09-06-2025,14-08-2025,Robert Lee,Access request for shared folder reported by user.
2899,38773,Debbie Harris,Network,IP conflict,Assign static IP,Pending,16-10-2025,16-10-2025,Rodney Smith,IP conflict reported by user.
2900,293910,Billy Martinez,Hardware,Frequent network dropouts,Check interference from devices,Pending,13-06-2024,13-06-2024,Monica Lang,Frequent network dropouts reported by user.
2901,284903,Caitlyn Brown,Storage,Cannot save to network drive,Test drive mapping,Pending,12-04-2025,12-04-2025,Dennis Alvarez,Cannot save to network drive reported by user.
2902,565623,Cheryl Johnson,Performance,Slow internet speed,Switch to wired connection,Pending,01-07-2024,01-07-2024,Sandra Smith,Slow internet speed reported by user.
2903,74542,Martin George,Hardware,Cannot connect to Wi-Fi network,Restart router,Escalated,25-10-2025,25-10-2025,Jeffrey Hansen,Cannot connect to Wi-Fi network reported by user.
2904,499342,Carol Richardson,Hardware,Battery draining fast,Check for malware,Escalated,15-05-2024,15-05-2024,Susan Jones,Battery draining fast reported by user.
2905,220489,Andrew Miranda,Configuration,Printer setup,Restart printer,Pending,15-12-2025,15-12-2025,Patricia Mccarty,Printer setup reported by user.
2906,193163,Christopher Mitchell,Storage,Low disk space,Use disk cleanup utility,Escalated,28-01-2025,28-01-2025,Rhonda Adams,Low disk space reported by user.
2907,543519,Colin Martin,Requests,Access request for shared folder,Test access,Resolved,13-11-2025,27-11-2025,Daniel Vargas,Access request for shared folder reported by user.
2908,539092,Janice Brown,Performance,Application freezing,Run malware scan,Resolved,16-06-2025,24-08-2025,Timothy Hayes,Application freezing reported by user.
2909,833196,Teresa Mccoy,Requests,Software installation,Verify license activation,Resolved,29-01-2025,15-06-2025,Sharon Patel,Software installation reported by user.
2910,16366,Kendra Cruz,Configuration,New device setup,Configure network settings,Pending,22-05-2024,22-05-2024,Christian Robinson,New device setup reported by user.
2911,707100,William Baker,Requests,Hardware request,Deliver hardware to user,Resolved,27-04-2025,11-05-2025,Mary Anthony,Hardware request reported by user.
2912,183028,Deborah Miller,Security,Phishing email reported,Notify IT security team,Resolved,14-04-2024,14-02-2025,Kevin Cherry,Phishing email reported reported by user.
2913,920467,Eric Morrison,Incident,Power outage,Use UPS,Escalated,25-01-2025,25-01-2025,Scott Frazier,Power outage reported by user.
2914,367235,Jennifer Haynes,Requests,Request new software license,Verify system requirements,Escalated,12-08-2025,12-08-2025,Joshua Robinson,Request new software license reported by user.
2915,87404,Paul Hurst,Network,Mouse not responding,Check USB/PS2 connection,Escalated,15-06-2025,15-06-2025,Ian Chandler,Mouse not responding reported by user.
2916,644941,Andrea Summers,Requests,Software installation,Verify license activation,Resolved,10-11-2025,01-01-2026,Kimberly Frey,Software installation reported by user.
2917,646076,Jacob Luna,Configuration,Printer setup,Restart printer,Escalated,14-10-2024,14-10-2024,Melissa Ramirez,Printer setup reported by user.
2918,191951,Jennifer Hamilton,Configuration,Email client configuration,Enable SSL/TLS,Resolved,25-07-2025,11-09-2025,Dr. Chad Evans,Email client configuration reported by user.
2919,128783,Matthew Shelton,Network,Internet not working,Restart modem and router,Escalated,17-05-2025,17-05-2025,Kelly Watts,Internet not working reported by user.
2920,231183,Robin George,Security,Suspicious login,Notify user,Resolved,17-01-2025,16-07-2025,Patrick Gibson,Suspicious login reported by user.
2921,820358,Aaron Lynch,Network,Scanner not working,Reinstall scanner software,Pending,24-09-2024,24-09-2024,Sarah Brooks,Scanner not working reported by user.
2922,924150,Riley Spears,Incident,Power outage,Use UPS,Resolved,15-05-2025,08-02-2026,George Stephens,Power outage reported by user.
2923,305337,Larry Brown,Incident,Power outage,Check equipment after restart,Resolved,18-12-2024,02-12-2025,Miss Kimberly Young,Power outage reported by user.
2924,300569,Justin Williams,Configuration,Email client configuration,Update email client,Resolved,13-05-2024,23-06-2024,Jennifer Wong,Email client configuration reported by user.
2925,818611,Andrea Reed,Network,Wi-Fi slow,Clear DNS cache,Resolved,21-11-2025,27-01-2026,Cory Thompson,Wi-Fi slow reported by user.
2926,243868,Tammy Hernandez,Configuration,Wi-Fi setup for new office,Enable security protocols,Escalated,18-06-2024,18-06-2024,Patrick Cowan,Wi-Fi setup for new office reported by user.
2927,857959,Marcus Blankenship,Service,Cannot access email from mobile,Re-add account,Pending,28-04-2025,28-04-2025,Bobby Robertson,Cannot access email from mobile reported by user.
2928,520028,Sandra Holt,Requests,Software installation,Configure settings,Escalated,10-03-2025,10-03-2025,Joanna Webb,Software installation reported by user.
2929,502039,Kimberly Perez,Performance,High CPU usage,Update drivers,Escalated,09-07-2024,09-07-2024,Nichole Smith DVM,High CPU usage reported by user.
2930,480820,Deborah Perez,Storage,Backup failed,Check backup software logs,Resolved,05-11-2024,28-11-2025,Amanda Price,Backup failed reported by user.
2931,426936,Matthew Zavala,Security,Account locked,Unlock account via admin console,Pending,17-10-2024,17-10-2024,Rebecca Cantrell,Account locked reported by user.
2932,791044,Joshua Robinson,Network,Cannot access internal portal,Restart browser,Escalated,26-01-2025,26-01-2025,Caroline Shaw,Cannot access internal portal reported by user.
2933,428183,Danny Blanchard,Storage,Cannot access shared drive,Verify credentials,Resolved,24-04-2025,24-02-2026,Sarah Smith,Cannot access shared drive reported by user.
2934,249125,Heather James,Storage,Low disk space,Compress files,Escalated,23-04-2025,23-04-2025,Melissa Smith,Low disk space reported by user.
2935,312380,Anna Martinez,Service,Cloud service down,Escalate to vendor support,Escalated,22-05-2024,22-05-2024,Tristan Thompson,Cloud service down reported by user.
2936,115715,Tonya Moran,Configuration,Email client configuration,Enter correct server settings,Escalated,22-12-2024,22-12-2024,Jose Parker,Email client configuration reported by user.
2937,662002,William Davis,Network,Printer jam,Test printer with another PC,Resolved,02-02-2025,13-02-2026,Robert Reyes,Printer jam reported by user.
2938,800299,Jennifer Powell,Service,Cannot access email from mobile,Check network connectivity,Pending,09-10-2025,09-10-2025,Alex Allen,Cannot access email from mobile reported by user.
2939,767815,Sheila Gill,Performance,Computer overheating,Reduce heavy apps,Escalated,05-10-2024,05-10-2024,Breanna Christensen,Computer overheating reported by user.
2940,860939,Steven Hill,Requests,Software installation,Document installation,Resolved,27-09-2024,17-03-2025,Stephen Pacheco,Software installation reported by user.
2941,406222,Evan Edwards,Service,Email not syncing,Update email client,Pending,19-03-2024,19-03-2024,Robert Wall,Email not syncing reported by user.
2942,158100,Donna Weber,Network,Internet not working,Check cable connections,Escalated,17-02-2026,17-02-2026,Amy Williams DVM,Internet not working reported by user.
2943,242952,Traci Williams,Hardware,Laptop not starting,Check power cable and adapter,Pending,18-02-2025,18-02-2025,Kristina Powell,Laptop not starting reported by user.
2944,234687,Robert Cox,Configuration,New device setup,Configure peripherals,Resolved,26-03-2025,18-02-2026,William Dorsey,New device setup reported by user.
2945,419215,Kristen Jones,Incident,Power outage,Check equipment after restart,Resolved,08-05-2024,22-07-2024,Amber Simmons,Power outage reported by user.
2946,319232,Nicole Powers,Network,IP conflict,Check DHCP server configuration,Resolved,06-10-2025,06-02-2026,Kimberly Romero,IP conflict reported by user.
2947,579786,William Stevenson,Network,Cannot access internal portal,Restart browser,Pending,06-01-2026,06-01-2026,Danielle Russell,Cannot access internal portal reported by user.
2948,414787,Amy Gentry,Hardware,Cannot connect to Wi-Fi network,Disable VPN temporarily,Resolved,05-11-2025,01-12-2025,John Travis,Cannot connect to Wi-Fi network reported by user.
2949,754099,Jamie Martinez,Hardware,Cannot connect to Wi-Fi network,Update Wi-Fi driver,Escalated,27-10-2025,27-10-2025,Stephen Morrison,Cannot connect to Wi-Fi network reported by user.
2950,6261,Angela Wade,Incident,Server outage,Check server logs,Pending,13-04-2025,13-04-2025,Michael Blair,Server outage reported by user.
2951,768403,Scott Rose,Configuration,Wi-Fi setup for new office,Enable security protocols,Escalated,06-05-2025,06-05-2025,Robert Myers,Wi-Fi setup for new office reported by user.
2952,33452,Luis Martin,Hardware,Monitor flickering,Check HDMI/Display cable,Pending,31-10-2025,31-10-2025,Teresa Morgan,Monitor flickering reported by user.
2953,979581,Samuel Freeman,Hardware,Monitor flickering,Update graphics driver,Pending,03-01-2025,03-01-2025,Paul Pittman,Monitor flickering reported by user.
2954,637599,Robert Glover,Incident,Server outage,Escalate to admin if needed,Escalated,21-11-2025,21-11-2025,Charles Sanchez,Server outage reported by user.
2955,959913,Brian Phillips,Hardware,Battery draining fast,Reduce screen brightness,Resolved,05-09-2024,31-01-2025,Heather Harrison,Battery draining fast reported by user.
2956,82023,Lauren Lopez,Requests,Software installation,Notify user,Resolved,11-12-2025,04-02-2026,Tracy Edwards,Software installation reported by user.
2957,205836,Jessica Herrera,Hardware,Frequent network dropouts,Replace faulty router,Pending,16-05-2025,16-05-2025,Crystal Black,Frequent network dropouts reported by user.
2958,161538,Joshua Alvarado MD,Network,Mouse not responding,Clean mouse sensor,Resolved,09-01-2025,11-12-2025,Brandon Moreno,Mouse not responding reported by user.
2959,791786,Michael Floyd,Storage,Shared folder access denied,Check folder permissions,Pending,01-08-2025,01-08-2025,Ronald Flores,Shared folder access denied reported by user.
2960,844264,Jonathan James,Hardware,Battery draining fast,Replace battery,Escalated,14-11-2024,14-11-2024,Donna Butler,Battery draining fast reported by user.
2961,328990,Nancy Foster,Service,Software update failed,Temporarily disable antivirus,Pending,29-08-2025,29-08-2025,Deborah Adkins,Software update failed reported by user.
2962,579754,Laura Knox,Security,Unauthorized USB device,Check security policy,Pending,22-06-2024,22-06-2024,Gregory Hubbard,Unauthorized USB device reported by user.
2963,173407,Tara Santiago,Hardware,Cannot connect to Wi-Fi network,Forget and reconnect network,Pending,28-04-2024,28-04-2024,Jason Stewart,Cannot connect to Wi-Fi network reported by user.
2964,783289,Kelly Wright,Service,Software update failed,Manually download update,Escalated,26-03-2025,26-03-2025,Brian Gardner,Software update failed reported by user.
2965,937519,Darryl Solis V,Requests,Request new monitor,Assign monitor to user,Escalated,10-03-2025,10-03-2025,Keith Carney,Request new monitor reported by user.
2966,99756,Brittany Jackson,Incident,Power outage,Resume work once power restored,Resolved,15-11-2024,23-03-2025,Karen Johnson,Power outage reported by user.
2967,902818,Tracy Bryant,Service,Internal web portal not opening,Check network connectivity,Pending,10-08-2024,10-08-2024,Nathan Smith,Internal web portal not opening reported by user.
2968,387891,Veronica Bautista,Requests,Access request for shared folder,Notify user,Resolved,18-06-2025,13-12-2025,Lisa Flores,Access request for shared folder reported by user.
2969,596470,Andrew Harris,Hardware,Frequent network dropouts,Replace faulty router,Pending,10-06-2025,10-06-2025,William Newton,Frequent network dropouts reported by user.
2970,66942,Heather Rivas,Security,User account compromised,Notify user of suspicious activity,Pending,09-10-2024,09-10-2024,Christopher Hall,User account compromised reported by user.
2971,488493,Karen Holmes,Network,Mouse not responding,Restart computer,Resolved,19-09-2024,05-10-2024,Jamie Fitzpatrick,Mouse not responding reported by user.
2972,447244,Matthew Flores,Configuration,Email client configuration,Verify credentials,Pending,01-11-2024,01-11-2024,Mary Rivera,Email client configuration reported by user.
2973,426887,Carmen Christensen,Hardware,Keyboard not working,Check connection,Escalated,06-03-2025,06-03-2025,Mary Wright,Keyboard not working reported by user.
2974,909075,Marie King,Performance,High CPU usage,Check running processes,Escalated,05-08-2024,05-08-2024,Anna Patterson,High CPU usage reported by user.
2975,240266,Robert Nguyen,Incident,Power outage,Verify safety protocols,Resolved,10-09-2025,24-12-2025,Derek Fletcher,Power outage reported by user.
2976,605547,Melanie Long,Storage,Cannot save to network drive,Contact IT admin,Pending,10-11-2024,10-11-2024,James Harris,Cannot save to network drive reported by user.
2977,226678,Aaron Williams,Service,Cannot access email from mobile,Check network connectivity,Pending,26-01-2025,26-01-2025,Ryan Quinn,Cannot access email from mobile reported by user.
2978,922822,Danielle Mccann,Incident,Printer malfunction in office,Document issue,Pending,09-07-2025,09-07-2025,Samantha Clarke,Printer malfunction in office reported by user.
2979,919282,Larry Hernandez,Incident,Power outage,Check equipment after restart,Resolved,23-08-2024,20-12-2025,Ana Williams,Power outage reported by user.
2980,507931,Caroline Thompson,Storage,Cannot save to network drive,Test drive mapping,Escalated,23-09-2024,23-09-2024,David Marquez,Cannot save to network drive reported by user.
2981,699414,Mrs. Tiffany Ellis,Configuration,New device setup,Install OS and updates,Pending,12-08-2024,12-08-2024,Jeffery Norris,New device setup reported by user.
2982,979513,Michelle Palmer,Storage,Low disk space,Use disk cleanup utility,Escalated,10-11-2025,10-11-2025,Anthony Ruiz,Low disk space reported by user.
2983,794754,Brian Morales,Incident,Power outage,Check equipment after restart,Resolved,14-06-2024,30-06-2024,Jeff Salazar,Power outage reported by user.
2984,64443,Vicki Franklin,Storage,Backup not completing,Restart backup service,Escalated,21-11-2024,21-11-2024,Jessica Nguyen,Backup not completing reported by user.
2985,569280,Kevin Brown,Storage,Backup not completing,Verify storage availability,Escalated,30-09-2025,30-09-2025,William Taylor,Backup not completing reported by user.
2986,881063,Kevin Sandoval,Storage,Backup failed,Check network connection,Escalated,30-04-2024,30-04-2024,Drew King,Backup failed reported by user.
2987,801337,Megan Stewart,Network,VPN not connecting,Disable/Enable network adapter,Escalated,01-06-2024,01-06-2024,Amy Moore,VPN not connecting reported by user.
2988,14551,Daisy Turner,Incident,Server outage,Communicate downtime to users,Resolved,05-06-2024,10-11-2025,Crystal Carpenter,Server outage reported by user.
2989,31547,Thomas Long Jr.,Requests,Request new software license,Notify user,Resolved,27-02-2024,21-09-2024,Susan Young,Request new software license reported by user.
2990,567789,Ashley Johnson,Hardware,Frequent network dropouts,Update router firmware,Pending,06-01-2026,06-01-2026,Timothy Wilson,Frequent network dropouts reported by user.
2991,506721,Maria Buckley,Requests,Software installation,Verify license activation,Escalated,24-07-2025,24-07-2025,Ryan Johnson,Software installation reported by user.
2992,352783,Francisco Blake,Performance,Slow login times,Update login client,Resolved,15-07-2025,15-01-2026,Jonathan Small,Slow login times reported by user.
2993,410806,Laura Taylor,Hardware,Battery draining fast,Replace battery,Resolved,02-10-2025,08-10-2025,Tara Jackson,Battery draining fast reported by user.
2994,712015,Kim Ramirez,Network,Scanner not working,Reinstall scanner software,Escalated,28-07-2024,28-07-2024,Stacey Kim,Scanner not working reported by user.
2995,305792,Tyler Evans,Incident,Printer malfunction in office,Document issue,Pending,20-07-2025,20-07-2025,Jason Rhodes,Printer malfunction in office reported by user.
2996,595529,Deanna Stevens,Configuration,Wi-Fi setup for new office,Configure router SSID and password,Resolved,24-08-2024,06-09-2025,Karina Pace,Wi-Fi setup for new office reported by user.
2997,36955,Yvonne Nelson,Performance,Slow login times,Clear cached credentials,Pending,22-04-2024,22-04-2024,Adrienne Bartlett,Slow login times reported by user.
2998,72977,Frank Allen,Service,Email not syncing,Restart computer,Pending,23-12-2025,23-12-2025,Patrick Clark,Email not syncing reported by user.
2999,488059,Alyssa Wright,Configuration,Wi-Fi setup for new office,Test connectivity on multiple devices,Pending,08-06-2025,08-06-2025,Madison Lynch,Wi-Fi setup for new office reported by user.
3000,213264,Tracie Davis,Performance,Computer overheating,Update BIOS/firmware,Resolved,18-04-2025,15-07-2025,Timothy Allen,Computer overheating reported by user.
